source_url,destination_url,domain,is_rmd_subdomain,link_type,anchor_text,looks_like_asset,asset_type
https://www.rmd.ac.in/,http://cdnjs.cloudflare.com/ajax/libs/font-awesome/4.4.0/css/font-awesome.min.css,cdnjs.cloudflare.com,no,stylesheet,,yes,OTHER
https://www.rmd.ac.in/,https://www.iobnet.co.in/iobpay/entry.do?dirlinkmerid=RMDVEL&amp;dirlinkcatcd=EDU&quot,www.iobnet.co.in,no,area,Pay fee Online,no,
https://www.rmd.ac.in/,https://nextgenstudent.rmd.ac.in/,nextgenstudent.rmd.ac.in,yes,a,RMK Nextgen Student Login,no,
https://www.rmd.ac.in/,https://nextgeneducator.rmd.ac.in/,nextgeneducator.rmd.ac.in,yes,a,RMK Nextgen Faculty Login,no,
https://www.rmd.ac.in/,https://rmkec.ac.in/admission2024/sendotp1.php,rmkec.ac.in,no,a,Online Admission Enquiry Form,no,
https://www.rmd.ac.in/,https://www.iobnet.co.in/iobpay/entry.do?dirlinkmerid=RMDVEL&dirlinkcatcd=EDU,www.iobnet.co.in,no,a,Online Fee Payment,no,
https://www.rmd.ac.in/,https://www.aicte.gov.in/schemes/students-development-schemes,www.aicte.gov.in,no,a,AICTE Scholarship / Fellowship Schemes,no,
https://www.rmd.ac.in/,https://youtu.be/MRgKKXIVZMw,youtu.be,no,a,click here,no,
https://www.rmd.ac.in/,https://youtu.be/_9R3asPv96c,youtu.be,no,a,- Click here,no,
https://www.rmd.ac.in/,https://cbpssubscriber.mygov.in/assets/uploads/juGajmc1gOVBUtt5?81,cbpssubscriber.mygov.in,no,a,- click here,no,
https://www.rmd.ac.in/,https://www.youtube.com/watch?v=eQS8NXjw6oA,www.youtube.com,no,a,About TCS powered B.Tech Programme Computer Science and Business Systems - please click here,no,
https://www.rmd.ac.in/,https://www.nirfindia.org/2020/EngineeringRanking150.html,www.nirfindia.org,no,a,RMDEC is in the NIRF Rank-Band: 201-250 in 2020,no,
https://www.rmd.ac.in/,http://maps.google.com/maps/api/js?sensor=false,maps.google.com,no,script,,no,
https://www.rmd.ac.in/,https://www.linkedin.com/in/rmdecprincipal,www.linkedin.com,no,a,Linkedin,no,
https://www.rmd.ac.in/,https://twitter.com/rmdecprincipal,twitter.com,no,a,Twitter,no,
https://www.rmd.ac.in/,https://www.youtube.com/c/RMDEnggCollege,www.youtube.com,no,a,Youtube,no,
https://www.rmd.ac.in/,https://www.facebook.com/rmdecprincipal,www.facebook.com,no,a,Facebook,no,
https://www.rmd.ac.in/,https://www.instagram.com/rmdecprincipal,www.instagram.com,no,a,Instagram,no,
https://www.rmd.ac.in/Ariia/ariia.html,http://cdnjs.cloudflare.com/ajax/libs/font-awesome/4.4.0/css/font-awesome.min.css,cdnjs.cloudflare.com,no,stylesheet,,yes,OTHER
https://www.rmd.ac.in/Ariia/ariia.html,http://maps.google.com/maps/api/js?sensor=false,maps.google.com,no,script,,no,
https://www.rmd.ac.in/aboutus/rmkgroup.html,http://cdnjs.cloudflare.com/ajax/libs/font-awesome/4.4.0/css/font-awesome.min.css,cdnjs.cloudflare.com,no,stylesheet,,yes,OTHER
https://www.rmd.ac.in/aboutus/rmkgroup.html,https://www.iobnet.co.in/iobpay/entry.do?dirlinkmerid=RMDVEL&amp;dirlinkcatcd=EDU&quot,www.iobnet.co.in,no,area,Pay fee Online,no,
https://www.rmd.ac.in/aboutus/rmkgroup.html,http://www.rmkcet.ac.in/,www.rmkcet.ac.in,no,a,http://www.rmkcet.ac.in,no,
https://www.rmd.ac.in/aboutus/rmkgroup.html,http://www.sdpc.ac.in/,www.sdpc.ac.in,no,a,www.sdpc.ac.in,no,
https://www.rmd.ac.in/aboutus/rmkgroup.html,http://www.rmkresidential.ac.in/,www.rmkresidential.ac.in,no,a,http://www.rmkresidential.ac.in,no,
https://www.rmd.ac.in/aboutus/rmkgroup.html,http://www.rmkschool.com/,www.rmkschool.com,no,a,http://www.rmkschool.com,no,
https://www.rmd.ac.in/aboutus/rmkgroup.html,http://www.rmkschool.in/,www.rmkschool.in,no,a,http://www.rmkschool.in,no,
https://www.rmd.ac.in/aboutus/rmkgroup.html,http://maps.google.com/maps/api/js?sensor=false,maps.google.com,no,script,,no,
https://www.rmd.ac.in/aboutus/rmkgroup.html,https://www.linkedin.com/in/rmdecprincipal,www.linkedin.com,no,a,Linkedin,no,
https://www.rmd.ac.in/aboutus/rmkgroup.html,https://twitter.com/rmdecprincipal,twitter.com,no,a,Twitter,no,
https://www.rmd.ac.in/aboutus/rmkgroup.html,https://www.youtube.com/c/RMDEngineeringCollege,www.youtube.com,no,a,Youtube,no,
https://www.rmd.ac.in/aboutus/rmkgroup.html,https://www.facebook.com/rmdecprincipal,www.facebook.com,no,a,Facebook,no,
https://www.rmd.ac.in/aboutus/rmkgroup.html,https://www.instagram.com/rmdecprincipal,www.instagram.com,no,a,Instagram,no,
https://www.rmd.ac.in/aboutus/vision.html,http://cdnjs.cloudflare.com/ajax/libs/font-awesome/4.4.0/css/font-awesome.min.css,cdnjs.cloudflare.com,no,stylesheet,,yes,OTHER
https://www.rmd.ac.in/aboutus/vision.html,https://www.iobnet.co.in/iobpay/entry.do?dirlinkmerid=RMDVEL&amp;dirlinkcatcd=EDU&quot,www.iobnet.co.in,no,area,Pay fee Online,no,
https://www.rmd.ac.in/aboutus/vision.html,http://maps.google.com/maps/api/js?sensor=false,maps.google.com,no,script,,no,
https://www.rmd.ac.in/aboutus/vision.html,https://www.linkedin.com/in/rmdecprincipal,www.linkedin.com,no,a,Linkedin,no,
https://www.rmd.ac.in/aboutus/vision.html,https://twitter.com/rmdecprincipal,twitter.com,no,a,Twitter,no,
https://www.rmd.ac.in/aboutus/vision.html,https://www.youtube.com/c/RMDEngineeringCollege,www.youtube.com,no,a,Youtube,no,
https://www.rmd.ac.in/aboutus/vision.html,https://www.facebook.com/rmdecprincipal,www.facebook.com,no,a,Facebook,no,
https://www.rmd.ac.in/aboutus/vision.html,https://www.instagram.com/rmdecprincipal,www.instagram.com,no,a,Instagram,no,
https://www.rmd.ac.in/aboutus/academicprog.html,http://cdnjs.cloudflare.com/ajax/libs/font-awesome/4.4.0/css/font-awesome.min.css,cdnjs.cloudflare.com,no,stylesheet,,yes,OTHER
https://www.rmd.ac.in/aboutus/academicprog.html,https://www.iobnet.co.in/iobpay/entry.do?dirlinkmerid=RMDVEL&amp;dirlinkcatcd=EDU&quot,www.iobnet.co.in,no,area,Pay fee Online,no,
https://www.rmd.ac.in/aboutus/academicprog.html,https://www.youtube.com/watch?v=eQS8NXjw6oA,www.youtube.com,no,a,[img] cleck here,no,
https://www.rmd.ac.in/aboutus/academicprog.html,http://maps.google.com/maps/api/js?sensor=false,maps.google.com,no,script,,no,
https://www.rmd.ac.in/aboutus/academicprog.html,https://www.linkedin.com/in/rmdecprincipal,www.linkedin.com,no,a,Linkedin,no,
https://www.rmd.ac.in/aboutus/academicprog.html,https://twitter.com/rmdecprincipal,twitter.com,no,a,Twitter,no,
https://www.rmd.ac.in/aboutus/academicprog.html,https://www.youtube.com/c/RMDEngineeringCollege,www.youtube.com,no,a,Youtube,no,
https://www.rmd.ac.in/aboutus/academicprog.html,https://www.facebook.com/rmdecprincipal,www.facebook.com,no,a,Facebook,no,
https://www.rmd.ac.in/aboutus/academicprog.html,https://www.instagram.com/rmdecprincipal,www.instagram.com,no,a,Instagram,no,
https://www.rmd.ac.in/aboutus/AICTEapprovals.html,http://cdnjs.cloudflare.com/ajax/libs/font-awesome/4.4.0/css/font-awesome.min.css,cdnjs.cloudflare.com,no,stylesheet,,yes,OTHER
https://www.rmd.ac.in/aboutus/AICTEapprovals.html,https://www.iobnet.co.in/iobpay/entry.do?dirlinkmerid=RMDVEL&amp;dirlinkcatcd=EDU&quot,www.iobnet.co.in,no,area,Pay fee Online,no,
https://www.rmd.ac.in/aboutus/AICTEapprovals.html,http://maps.google.com/maps/api/js?sensor=false,maps.google.com,no,script,,no,
https://www.rmd.ac.in/aboutus/AICTEapprovals.html,https://www.linkedin.com/in/rmdecprincipal,www.linkedin.com,no,a,Linkedin,no,
https://www.rmd.ac.in/aboutus/AICTEapprovals.html,https://twitter.com/rmdecprincipal,twitter.com,no,a,Twitter,no,
https://www.rmd.ac.in/aboutus/AICTEapprovals.html,https://www.youtube.com/c/RMDEngineeringCollege,www.youtube.com,no,a,Youtube,no,
https://www.rmd.ac.in/aboutus/AICTEapprovals.html,https://www.facebook.com/rmdecprincipal,www.facebook.com,no,a,Facebook,no,
https://www.rmd.ac.in/aboutus/AICTEapprovals.html,https://www.instagram.com/rmdecprincipal,www.instagram.com,no,a,Instagram,no,
https://www.rmd.ac.in/aboutus/Annaapprovals.html,http://cdnjs.cloudflare.com/ajax/libs/font-awesome/4.4.0/css/font-awesome.min.css,cdnjs.cloudflare.com,no,stylesheet,,yes,OTHER
https://www.rmd.ac.in/aboutus/Annaapprovals.html,https://www.iobnet.co.in/iobpay/entry.do?dirlinkmerid=RMDVEL&amp;dirlinkcatcd=EDU&quot,www.iobnet.co.in,no,area,Pay fee Online,no,
https://www.rmd.ac.in/aboutus/Annaapprovals.html,http://maps.google.com/maps/api/js?sensor=false,maps.google.com,no,script,,no,
https://www.rmd.ac.in/aboutus/Annaapprovals.html,https://www.linkedin.com/in/rmdecprincipal,www.linkedin.com,no,a,Linkedin,no,
https://www.rmd.ac.in/aboutus/Annaapprovals.html,https://twitter.com/rmdecprincipal,twitter.com,no,a,Twitter,no,
https://www.rmd.ac.in/aboutus/Annaapprovals.html,https://www.youtube.com/c/RMDEngineeringCollege,www.youtube.com,no,a,Youtube,no,
https://www.rmd.ac.in/aboutus/Annaapprovals.html,https://www.facebook.com/rmdecprincipal,www.facebook.com,no,a,Facebook,no,
https://www.rmd.ac.in/aboutus/Annaapprovals.html,https://www.instagram.com/rmdecprincipal,www.instagram.com,no,a,Instagram,no,
https://www.rmd.ac.in/aboutus/eligibility.html,http://cdnjs.cloudflare.com/ajax/libs/font-awesome/4.4.0/css/font-awesome.min.css,cdnjs.cloudflare.com,no,stylesheet,,yes,OTHER
https://www.rmd.ac.in/aboutus/eligibility.html,https://www.iobnet.co.in/iobpay/entry.do?dirlinkmerid=RMDVEL&amp;dirlinkcatcd=EDU&quot,www.iobnet.co.in,no,area,Pay fee Online,no,
https://www.rmd.ac.in/aboutus/eligibility.html,http://maps.google.com/maps/api/js?sensor=false,maps.google.com,no,script,,no,
https://www.rmd.ac.in/aboutus/eligibility.html,https://www.linkedin.com/in/rmdecprincipal,www.linkedin.com,no,a,Linkedin,no,
https://www.rmd.ac.in/aboutus/eligibility.html,https://twitter.com/rmdecprincipal,twitter.com,no,a,Twitter,no,
https://www.rmd.ac.in/aboutus/eligibility.html,https://www.youtube.com/c/RMDEngineeringCollege,www.youtube.com,no,a,Youtube,no,
https://www.rmd.ac.in/aboutus/eligibility.html,https://www.facebook.com/rmdecprincipal,www.facebook.com,no,a,Facebook,no,
https://www.rmd.ac.in/aboutus/eligibility.html,https://www.instagram.com/rmdecprincipal,www.instagram.com,no,a,Instagram,no,
https://www.rmd.ac.in/aboutus/generalconditions.html,http://cdnjs.cloudflare.com/ajax/libs/font-awesome/4.4.0/css/font-awesome.min.css,cdnjs.cloudflare.com,no,stylesheet,,yes,OTHER
https://www.rmd.ac.in/aboutus/generalconditions.html,https://www.iobnet.co.in/iobpay/entry.do?dirlinkmerid=RMDVEL&amp;dirlinkcatcd=EDU&quot,www.iobnet.co.in,no,area,Pay fee Online,no,
https://www.rmd.ac.in/aboutus/generalconditions.html,http://maps.google.com/maps/api/js?sensor=false,maps.google.com,no,script,,no,
https://www.rmd.ac.in/aboutus/generalconditions.html,https://www.linkedin.com/in/rmdecprincipal,www.linkedin.com,no,a,Linkedin,no,
https://www.rmd.ac.in/aboutus/generalconditions.html,https://twitter.com/rmdecprincipal,twitter.com,no,a,Twitter,no,
https://www.rmd.ac.in/aboutus/generalconditions.html,https://www.youtube.com/c/RMDEngineeringCollege,www.youtube.com,no,a,Youtube,no,
https://www.rmd.ac.in/aboutus/generalconditions.html,https://www.facebook.com/rmdecprincipal,www.facebook.com,no,a,Facebook,no,
https://www.rmd.ac.in/aboutus/generalconditions.html,https://www.instagram.com/rmdecprincipal,www.instagram.com,no,a,Instagram,no,
https://www.rmd.ac.in/aboutus/scholarships.html,http://cdnjs.cloudflare.com/ajax/libs/font-awesome/4.4.0/css/font-awesome.min.css,cdnjs.cloudflare.com,no,stylesheet,,yes,OTHER
https://www.rmd.ac.in/aboutus/scholarships.html,https://www.iobnet.co.in/iobpay/entry.do?dirlinkmerid=RMDVEL&amp;dirlinkcatcd=EDU&quot,www.iobnet.co.in,no,area,Pay fee Online,no,
https://www.rmd.ac.in/aboutus/scholarships.html,http://maps.google.com/maps/api/js?sensor=false,maps.google.com,no,script,,no,
https://www.rmd.ac.in/aboutus/scholarships.html,https://www.linkedin.com/in/rmdecprincipal,www.linkedin.com,no,a,Linkedin,no,
https://www.rmd.ac.in/aboutus/scholarships.html,https://twitter.com/rmdecprincipal,twitter.com,no,a,Twitter,no,
https://www.rmd.ac.in/aboutus/scholarships.html,https://www.youtube.com/c/RMDEngineeringCollege,www.youtube.com,no,a,Youtube,no,
https://www.rmd.ac.in/aboutus/scholarships.html,https://www.facebook.com/rmdecprincipal,www.facebook.com,no,a,Facebook,no,
https://www.rmd.ac.in/aboutus/scholarships.html,https://www.instagram.com/rmdecprincipal,www.instagram.com,no,a,Instagram,no,
https://www.rmd.ac.in/aboutus/guest.html,http://cdnjs.cloudflare.com/ajax/libs/font-awesome/4.4.0/css/font-awesome.min.css,cdnjs.cloudflare.com,no,stylesheet,,yes,OTHER
https://www.rmd.ac.in/aboutus/guest.html,https://www.iobnet.co.in/iobpay/entry.do?dirlinkmerid=RMDVEL&amp;dirlinkcatcd=EDU&quot,www.iobnet.co.in,no,area,Pay fee Online,no,
https://www.rmd.ac.in/aboutus/guest.html,http://maps.google.com/maps/api/js?sensor=false,maps.google.com,no,script,,no,
https://www.rmd.ac.in/aboutus/guest.html,https://www.linkedin.com/in/rmdecprincipal,www.linkedin.com,no,a,Linkedin,no,
https://www.rmd.ac.in/aboutus/guest.html,https://twitter.com/rmdecprincipal,twitter.com,no,a,Twitter,no,
https://www.rmd.ac.in/aboutus/guest.html,https://www.youtube.com/c/RMDEngineeringCollege,www.youtube.com,no,a,Youtube,no,
https://www.rmd.ac.in/aboutus/guest.html,https://www.facebook.com/rmdecprincipal,www.facebook.com,no,a,Facebook,no,
https://www.rmd.ac.in/aboutus/guest.html,https://www.instagram.com/rmdecprincipal,www.instagram.com,no,a,Instagram,no,
https://www.rmd.ac.in/aboutus/Code_of_conduct.html,http://cdnjs.cloudflare.com/ajax/libs/font-awesome/4.4.0/css/font-awesome.min.css,cdnjs.cloudflare.com,no,stylesheet,,yes,OTHER
https://www.rmd.ac.in/aboutus/Code_of_conduct.html,https://www.iobnet.co.in/iobpay/entry.do?dirlinkmerid=RMDVEL&amp;dirlinkcatcd=EDU&quot,www.iobnet.co.in,no,area,Pay fee Online,no,
https://www.rmd.ac.in/aboutus/Code_of_conduct.html,http://maps.google.com/maps/api/js?sensor=false,maps.google.com,no,script,,no,
https://www.rmd.ac.in/aboutus/Code_of_conduct.html,https://www.linkedin.com/in/rmdecprincipal,www.linkedin.com,no,a,Linkedin,no,
https://www.rmd.ac.in/aboutus/Code_of_conduct.html,https://twitter.com/rmdecprincipal,twitter.com,no,a,Twitter,no,
https://www.rmd.ac.in/aboutus/Code_of_conduct.html,https://www.youtube.com/c/RMDEngineeringCollege,www.youtube.com,no,a,Youtube,no,
https://www.rmd.ac.in/aboutus/Code_of_conduct.html,https://www.facebook.com/rmdecprincipal,www.facebook.com,no,a,Facebook,no,
https://www.rmd.ac.in/aboutus/Code_of_conduct.html,https://www.instagram.com/rmdecprincipal,www.instagram.com,no,a,Instagram,no,
https://www.rmd.ac.in/administration/chairman.html,http://cdnjs.cloudflare.com/ajax/libs/font-awesome/4.4.0/css/font-awesome.min.css,cdnjs.cloudflare.com,no,stylesheet,,yes,OTHER
https://www.rmd.ac.in/administration/chairman.html,https://www.iobnet.co.in/iobpay/entry.do?dirlinkmerid=RMDVEL&amp;dirlinkcatcd=EDU&quot,www.iobnet.co.in,no,area,Pay fee Online,no,
https://www.rmd.ac.in/administration/chairman.html,http://maps.google.com/maps/api/js?sensor=false,maps.google.com,no,script,,no,
https://www.rmd.ac.in/administration/chairman.html,https://www.linkedin.com/in/rmdecprincipal,www.linkedin.com,no,a,Linkedin,no,
https://www.rmd.ac.in/administration/chairman.html,https://twitter.com/rmdecprincipal,twitter.com,no,a,Twitter,no,
https://www.rmd.ac.in/administration/chairman.html,https://www.youtube.com/c/RMDEngineeringCollege,www.youtube.com,no,a,Youtube,no,
https://www.rmd.ac.in/administration/chairman.html,https://www.facebook.com/rmdecprincipal,www.facebook.com,no,a,Facebook,no,
https://www.rmd.ac.in/administration/chairman.html,https://www.instagram.com/rmdecprincipal,www.instagram.com,no,a,Instagram,no,
https://www.rmd.ac.in/administration/vc.html,http://cdnjs.cloudflare.com/ajax/libs/font-awesome/4.4.0/css/font-awesome.min.css,cdnjs.cloudflare.com,no,stylesheet,,yes,OTHER
https://www.rmd.ac.in/administration/vc.html,https://www.iobnet.co.in/iobpay/entry.do?dirlinkmerid=RMDVEL&amp;dirlinkcatcd=EDU&quot,www.iobnet.co.in,no,area,Pay fee Online,no,
https://www.rmd.ac.in/administration/vc.html,http://maps.google.com/maps/api/js?sensor=false,maps.google.com,no,script,,no,
https://www.rmd.ac.in/administration/vc.html,https://www.linkedin.com/in/rmdecprincipal,www.linkedin.com,no,a,Linkedin,no,
https://www.rmd.ac.in/administration/vc.html,https://twitter.com/rmdecprincipal,twitter.com,no,a,Twitter,no,
https://www.rmd.ac.in/administration/vc.html,https://www.youtube.com/c/RMDEngineeringCollege,www.youtube.com,no,a,Youtube,no,
https://www.rmd.ac.in/administration/vc.html,https://www.facebook.com/rmdecprincipal,www.facebook.com,no,a,Facebook,no,
https://www.rmd.ac.in/administration/vc.html,https://www.instagram.com/rmdecprincipal,www.instagram.com,no,a,Instagram,no,
https://www.rmd.ac.in/administration/managementteam.html,http://cdnjs.cloudflare.com/ajax/libs/font-awesome/4.4.0/css/font-awesome.min.css,cdnjs.cloudflare.com,no,stylesheet,,yes,OTHER
https://www.rmd.ac.in/administration/managementteam.html,https://www.iobnet.co.in/iobpay/entry.do?dirlinkmerid=RMDVEL&amp;dirlinkcatcd=EDU&quot,www.iobnet.co.in,no,area,Pay fee Online,no,
https://www.rmd.ac.in/administration/managementteam.html,http://maps.google.com/maps/api/js?sensor=false,maps.google.com,no,script,,no,
https://www.rmd.ac.in/administration/managementteam.html,https://www.linkedin.com/in/rmdecprincipal,www.linkedin.com,no,a,Linkedin,no,
https://www.rmd.ac.in/administration/managementteam.html,https://twitter.com/rmdecprincipal,twitter.com,no,a,Twitter,no,
https://www.rmd.ac.in/administration/managementteam.html,https://www.youtube.com/c/RMDEngineeringCollege,www.youtube.com,no,a,Youtube,no,
https://www.rmd.ac.in/administration/managementteam.html,https://www.facebook.com/rmdecprincipal,www.facebook.com,no,a,Facebook,no,
https://www.rmd.ac.in/administration/managementteam.html,https://www.instagram.com/rmdecprincipal,www.instagram.com,no,a,Instagram,no,
https://www.rmd.ac.in/administration/governig.html,http://cdnjs.cloudflare.com/ajax/libs/font-awesome/4.4.0/css/font-awesome.min.css,cdnjs.cloudflare.com,no,stylesheet,,yes,OTHER
https://www.rmd.ac.in/administration/governig.html,https://www.iobnet.co.in/iobpay/entry.do?dirlinkmerid=RMDVEL&amp;dirlinkcatcd=EDU&quot,www.iobnet.co.in,no,area,Pay fee Online,no,
https://www.rmd.ac.in/administration/governig.html,http://maps.google.com/maps/api/js?sensor=false,maps.google.com,no,script,,no,
https://www.rmd.ac.in/administration/governig.html,https://www.linkedin.com/in/rmdecprincipal,www.linkedin.com,no,a,Linkedin,no,
https://www.rmd.ac.in/administration/governig.html,https://twitter.com/rmdecprincipal,twitter.com,no,a,Twitter,no,
https://www.rmd.ac.in/administration/governig.html,https://www.youtube.com/c/RMDEngineeringCollege,www.youtube.com,no,a,Youtube,no,
https://www.rmd.ac.in/administration/governig.html,https://www.facebook.com/rmdecprincipal,www.facebook.com,no,a,Facebook,no,
https://www.rmd.ac.in/administration/governig.html,https://www.instagram.com/rmdecprincipal,www.instagram.com,no,a,Instagram,no,
https://www.rmd.ac.in/administration/principal.html,http://cdnjs.cloudflare.com/ajax/libs/font-awesome/4.4.0/css/font-awesome.min.css,cdnjs.cloudflare.com,no,stylesheet,,yes,OTHER
https://www.rmd.ac.in/administration/principal.html,https://www.iobnet.co.in/iobpay/entry.do?dirlinkmerid=RMDVEL&amp;dirlinkcatcd=EDU&quot,www.iobnet.co.in,no,area,Pay fee Online,no,
https://www.rmd.ac.in/administration/principal.html,http://maps.google.com/maps/api/js?sensor=false,maps.google.com,no,script,,no,
https://www.rmd.ac.in/administration/principal.html,https://www.linkedin.com/in/rmdecprincipal,www.linkedin.com,no,a,Linkedin,no,
https://www.rmd.ac.in/administration/principal.html,https://twitter.com/rmdecprincipal,twitter.com,no,a,Twitter,no,
https://www.rmd.ac.in/administration/principal.html,https://www.youtube.com/c/RMDEngineeringCollege,www.youtube.com,no,a,Youtube,no,
https://www.rmd.ac.in/administration/principal.html,https://www.facebook.com/rmdecprincipal,www.facebook.com,no,a,Facebook,no,
https://www.rmd.ac.in/administration/principal.html,https://www.instagram.com/rmdecprincipal,www.instagram.com,no,a,Instagram,no,
https://www.rmd.ac.in/administration/deanresearch.html,http://cdnjs.cloudflare.com/ajax/libs/font-awesome/4.4.0/css/font-awesome.min.css,cdnjs.cloudflare.com,no,stylesheet,,yes,OTHER
https://www.rmd.ac.in/administration/deanresearch.html,https://www.iobnet.co.in/iobpay/entry.do?dirlinkmerid=RMDVEL&amp;dirlinkcatcd=EDU&quot,www.iobnet.co.in,no,area,Pay fee Online,no,
https://www.rmd.ac.in/administration/deanresearch.html,https://rmd.irins.org/profile/273844,rmd.irins.org,no,a,https://rmd.irins.org/profile/273844,no,
https://www.rmd.ac.in/administration/deanresearch.html,https://www.webofscience.com/wos/author/record/O-1042-2013,www.webofscience.com,no,a,https://www.webofscience.com/wos/author/record/O-1042-2013,no,
https://www.rmd.ac.in/administration/deanresearch.html,https://www.scopus.com/authid/detail.uri?authorId=14046138000,www.scopus.com,no,a,https://www.scopus.com/authid/detail.uri?authorId=14046138000,no,
https://www.rmd.ac.in/administration/deanresearch.html,https://scholar.google.co.in/citations?user=R5jfVjoAAAAJ&hl=en,scholar.google.co.in,no,a,https://scholar.google.co.in/citations?user=R5jfVjoAAAAJ&hl=en,no,
https://www.rmd.ac.in/administration/deanresearch.html,https://www.youtube.com/c/KKTVirtualLearning/videos,www.youtube.com,no,a,https://www.youtube.com/c/KKTVirtualLearning/videos,no,
https://www.rmd.ac.in/administration/deanresearch.html,https://www.linkedin.com/in/kkthyagharajan/,www.linkedin.com,no,a,https://www.linkedin.com/in/kkthyagharajan/,no,
https://www.rmd.ac.in/administration/deanresearch.html,http://maps.google.com/maps/api/js?sensor=false,maps.google.com,no,script,,no,
https://www.rmd.ac.in/administration/deanresearch.html,https://www.linkedin.com/in/rmdecprincipal,www.linkedin.com,no,a,Linkedin,no,
https://www.rmd.ac.in/administration/deanresearch.html,https://twitter.com/rmdecprincipal,twitter.com,no,a,Twitter,no,
https://www.rmd.ac.in/administration/deanresearch.html,https://www.youtube.com/c/RMDEngineeringCollege,www.youtube.com,no,a,Youtube,no,
https://www.rmd.ac.in/administration/deanresearch.html,https://www.facebook.com/rmdecprincipal,www.facebook.com,no,a,Facebook,no,
https://www.rmd.ac.in/administration/deanresearch.html,https://www.instagram.com/rmdecprincipal,www.instagram.com,no,a,Instagram,no,
https://www.rmd.ac.in/administration/Organogram.html,http://cdnjs.cloudflare.com/ajax/libs/font-awesome/4.4.0/css/font-awesome.min.css,cdnjs.cloudflare.com,no,stylesheet,,yes,OTHER
https://www.rmd.ac.in/administration/Organogram.html,https://www.iobnet.co.in/iobpay/entry.do?dirlinkmerid=RMDVEL&amp;dirlinkcatcd=EDU&quot,www.iobnet.co.in,no,area,Pay fee Online,no,
https://www.rmd.ac.in/administration/Organogram.html,http://maps.google.com/maps/api/js?sensor=false,maps.google.com,no,script,,no,
https://www.rmd.ac.in/administration/Organogram.html,https://www.linkedin.com/in/rmdecprincipal,www.linkedin.com,no,a,Linkedin,no,
https://www.rmd.ac.in/administration/Organogram.html,https://twitter.com/rmdecprincipal,twitter.com,no,a,Twitter,no,
https://www.rmd.ac.in/administration/Organogram.html,https://www.youtube.com/c/RMDEngineeringCollege,www.youtube.com,no,a,Youtube,no,
https://www.rmd.ac.in/administration/Organogram.html,https://www.facebook.com/rmdecprincipal,www.facebook.com,no,a,Facebook,no,
https://www.rmd.ac.in/administration/Organogram.html,https://www.instagram.com/rmdecprincipal,www.instagram.com,no,a,Instagram,no,
https://www.rmd.ac.in/academics/Courses_Offered.html,http://cdnjs.cloudflare.com/ajax/libs/font-awesome/4.4.0/css/font-awesome.min.css,cdnjs.cloudflare.com,no,stylesheet,,yes,OTHER
https://www.rmd.ac.in/academics/Courses_Offered.html,https://www.iobnet.co.in/iobpay/entry.do?dirlinkmerid=RMDVEL&amp;dirlinkcatcd=EDU&quot,www.iobnet.co.in,no,area,Pay fee Online,no,
https://www.rmd.ac.in/academics/Courses_Offered.html,http://maps.google.com/maps/api/js?sensor=false,maps.google.com,no,script,,no,
https://www.rmd.ac.in/academics/Courses_Offered.html,https://www.linkedin.com/in/rmdecprincipal,www.linkedin.com,no,a,Linkedin,no,
https://www.rmd.ac.in/academics/Courses_Offered.html,https://twitter.com/rmdecprincipal,twitter.com,no,a,Twitter,no,
https://www.rmd.ac.in/academics/Courses_Offered.html,https://www.youtube.com/c/RMDEngineeringCollege,www.youtube.com,no,a,Youtube,no,
https://www.rmd.ac.in/academics/Courses_Offered.html,https://www.facebook.com/rmdecprincipal,www.facebook.com,no,a,Facebook,no,
https://www.rmd.ac.in/academics/Courses_Offered.html,https://www.instagram.com/rmdecprincipal,www.instagram.com,no,a,Instagram,no,
https://www.rmd.ac.in/academics/Regulation.html,http://cdnjs.cloudflare.com/ajax/libs/font-awesome/4.4.0/css/font-awesome.min.css,cdnjs.cloudflare.com,no,stylesheet,,yes,OTHER
https://www.rmd.ac.in/academics/Regulation.html,https://www.iobnet.co.in/iobpay/entry.do?dirlinkmerid=RMDVEL&amp;dirlinkcatcd=EDU&quot,www.iobnet.co.in,no,area,Pay fee Online,no,
https://www.rmd.ac.in/academics/Regulation.html,http://maps.google.com/maps/api/js?sensor=false,maps.google.com,no,script,,no,
https://www.rmd.ac.in/academics/Regulation.html,https://www.linkedin.com/in/rmdecprincipal,www.linkedin.com,no,a,Linkedin,no,
https://www.rmd.ac.in/academics/Regulation.html,https://twitter.com/rmdecprincipal,twitter.com,no,a,Twitter,no,
https://www.rmd.ac.in/academics/Regulation.html,https://www.youtube.com/c/RMDEngineeringCollege,www.youtube.com,no,a,Youtube,no,
https://www.rmd.ac.in/academics/Regulation.html,https://www.facebook.com/rmdecprincipal,www.facebook.com,no,a,Facebook,no,
https://www.rmd.ac.in/academics/Regulation.html,https://www.instagram.com/rmdecprincipal,www.instagram.com,no,a,Instagram,no,
https://www.rmd.ac.in/academics/Curriculum.html,http://cdnjs.cloudflare.com/ajax/libs/font-awesome/4.4.0/css/font-awesome.min.css,cdnjs.cloudflare.com,no,stylesheet,,yes,OTHER
https://www.rmd.ac.in/academics/Curriculum.html,https://www.iobnet.co.in/iobpay/entry.do?dirlinkmerid=RMDVEL&amp;dirlinkcatcd=EDU&quot,www.iobnet.co.in,no,area,Pay fee Online,no,
https://www.rmd.ac.in/academics/Curriculum.html,http://maps.google.com/maps/api/js?sensor=false,maps.google.com,no,script,,no,
https://www.rmd.ac.in/academics/Curriculum.html,https://www.linkedin.com/in/rmdecprincipal,www.linkedin.com,no,a,Linkedin,no,
https://www.rmd.ac.in/academics/Curriculum.html,https://twitter.com/rmdecprincipal,twitter.com,no,a,Twitter,no,
https://www.rmd.ac.in/academics/Curriculum.html,https://www.youtube.com/c/RMDEngineeringCollege,www.youtube.com,no,a,Youtube,no,
https://www.rmd.ac.in/academics/Curriculum.html,https://www.facebook.com/rmdecprincipal,www.facebook.com,no,a,Facebook,no,
https://www.rmd.ac.in/academics/Curriculum.html,https://www.instagram.com/rmdecprincipal,www.instagram.com,no,a,Instagram,no,
https://www.rmd.ac.in/academics/Academic_Schedule.html,http://cdnjs.cloudflare.com/ajax/libs/font-awesome/4.4.0/css/font-awesome.min.css,cdnjs.cloudflare.com,no,stylesheet,,yes,OTHER
https://www.rmd.ac.in/academics/Academic_Schedule.html,https://www.iobnet.co.in/iobpay/entry.do?dirlinkmerid=RMDVEL&amp;dirlinkcatcd=EDU&quot,www.iobnet.co.in,no,area,Pay fee Online,no,
https://www.rmd.ac.in/academics/Academic_Schedule.html,http://maps.google.com/maps/api/js?sensor=false,maps.google.com,no,script,,no,
https://www.rmd.ac.in/academics/Academic_Schedule.html,https://www.linkedin.com/in/rmdecprincipal,www.linkedin.com,no,a,Linkedin,no,
https://www.rmd.ac.in/academics/Academic_Schedule.html,https://twitter.com/rmdecprincipal,twitter.com,no,a,Twitter,no,
https://www.rmd.ac.in/academics/Academic_Schedule.html,https://www.youtube.com/c/RMDEngineeringCollege,www.youtube.com,no,a,Youtube,no,
https://www.rmd.ac.in/academics/Academic_Schedule.html,https://www.facebook.com/rmdecprincipal,www.facebook.com,no,a,Facebook,no,
https://www.rmd.ac.in/academics/Academic_Schedule.html,https://www.instagram.com/rmdecprincipal,www.instagram.com,no,a,Instagram,no,
https://www.rmd.ac.in/dept/eee/,http://cdnjs.cloudflare.com/ajax/libs/font-awesome/4.4.0/css/font-awesome.min.css,cdnjs.cloudflare.com,no,stylesheet,,yes,OTHER
https://www.rmd.ac.in/dept/eee/,https://www.iobnet.co.in/iobpay/entry.do?dirlinkmerid=RMDVEL&amp;dirlinkcatcd=EDU&quot,www.iobnet.co.in,no,area,Pay fee Online,no,
https://www.rmd.ac.in/dept/eee/,http://maps.google.com/maps/api/js?sensor=false,maps.google.com,no,script,,no,
https://www.rmd.ac.in/dept/eee/,https://www.linkedin.com/in/rmdecprincipal,www.linkedin.com,no,a,Linkedin,no,
https://www.rmd.ac.in/dept/eee/,https://twitter.com/rmdecprincipal,twitter.com,no,a,Twitter,no,
https://www.rmd.ac.in/dept/eee/,https://www.youtube.com/c/RMDEngineeringCollege,www.youtube.com,no,a,Youtube,no,
https://www.rmd.ac.in/dept/eee/,https://www.facebook.com/rmdecprincipal,www.facebook.com,no,a,Facebook,no,
https://www.rmd.ac.in/dept/eee/,https://www.instagram.com/rmdecprincipal,www.instagram.com,no,a,Instagram,no,
https://www.rmd.ac.in/examcell/,http://cdnjs.cloudflare.com/ajax/libs/font-awesome/4.4.0/css/font-awesome.min.css,cdnjs.cloudflare.com,no,stylesheet,,yes,OTHER
https://www.rmd.ac.in/examcell/,https://www.iobnet.co.in/iobpay/entry.do?dirlinkmerid=RMDVEL&amp;dirlinkcatcd=EDU&quot,www.iobnet.co.in,no,area,Pay fee Online,no,
https://www.rmd.ac.in/examcell/,https://code.jquery.com/jquery-3.4.1.min.js,code.jquery.com,no,script,,yes,OTHER
https://www.rmd.ac.in/examcell/,http://maps.google.com/maps/api/js?sensor=false,maps.google.com,no,script,,no,
https://www.rmd.ac.in/campus/facilities.html,http://cdnjs.cloudflare.com/ajax/libs/font-awesome/4.4.0/css/font-awesome.min.css,cdnjs.cloudflare.com,no,stylesheet,,yes,OTHER
https://www.rmd.ac.in/campus/facilities.html,https://www.iobnet.co.in/iobpay/entry.do?dirlinkmerid=RMDVEL&amp;dirlinkcatcd=EDU&quot,www.iobnet.co.in,no,area,Pay fee Online,no,
https://www.rmd.ac.in/campus/facilities.html,http://maps.google.com/maps/api/js?sensor=false,maps.google.com,no,script,,no,
https://www.rmd.ac.in/campus/facilities.html,https://www.linkedin.com/in/rmdecprincipal,www.linkedin.com,no,a,Linkedin,no,
https://www.rmd.ac.in/campus/facilities.html,https://twitter.com/rmdecprincipal,twitter.com,no,a,Twitter,no,
https://www.rmd.ac.in/campus/facilities.html,https://www.youtube.com/c/RMDEngineeringCollege,www.youtube.com,no,a,Youtube,no,
https://www.rmd.ac.in/campus/facilities.html,https://www.facebook.com/rmdecprincipal,www.facebook.com,no,a,Facebook,no,
https://www.rmd.ac.in/campus/facilities.html,https://www.instagram.com/rmdecprincipal,www.instagram.com,no,a,Instagram,no,
https://www.rmd.ac.in/building.html,http://cdnjs.cloudflare.com/ajax/libs/font-awesome/4.4.0/css/font-awesome.min.css,cdnjs.cloudflare.com,no,stylesheet,,yes,OTHER
https://www.rmd.ac.in/building.html,https://ajax.googleapis.com/ajax/libs/jquery/1.11.2/jquery.min.js,ajax.googleapis.com,no,script,,yes,OTHER
https://www.rmd.ac.in/building.html,http://maps.google.com/maps/api/js?sensor=false,maps.google.com,no,script,,no,
https://www.rmd.ac.in/building.html,https://cdn.jsdelivr.net/picturefill/2.3.1/picturefill.min.js,cdn.jsdelivr.net,no,script,,yes,OTHER
https://www.rmd.ac.in/computercenter/,http://cdnjs.cloudflare.com/ajax/libs/font-awesome/4.4.0/css/font-awesome.min.css,cdnjs.cloudflare.com,no,stylesheet,,yes,OTHER
https://www.rmd.ac.in/computercenter/,http://maps.google.com/maps/api/js?sensor=false,maps.google.com,no,script,,no,
https://www.rmd.ac.in/library/,http://cdnjs.cloudflare.com/ajax/libs/font-awesome/4.4.0/css/font-awesome.min.css,cdnjs.cloudflare.com,no,stylesheet,,yes,OTHER
https://www.rmd.ac.in/library/,https://www.iobnet.co.in/iobpay/entry.do?dirlinkmerid=RMDVEL&amp;dirlinkcatcd=EDU&quot,www.iobnet.co.in,no,area,Pay fee Online,no,
https://www.rmd.ac.in/library/,http://maps.google.com/maps/api/js?sensor=false,maps.google.com,no,script,,no,
https://www.rmd.ac.in/sports/,http://cdnjs.cloudflare.com/ajax/libs/font-awesome/4.4.0/css/font-awesome.min.css,cdnjs.cloudflare.com,no,stylesheet,,yes,OTHER
https://www.rmd.ac.in/sports/,http://maps.google.com/maps/api/js?sensor=false,maps.google.com,no,script,,no,
https://www.rmd.ac.in/campus/hostel.html,http://cdnjs.cloudflare.com/ajax/libs/font-awesome/4.4.0/css/font-awesome.min.css,cdnjs.cloudflare.com,no,stylesheet,,yes,OTHER
https://www.rmd.ac.in/campus/hostel.html,https://www.iobnet.co.in/iobpay/entry.do?dirlinkmerid=RMDVEL&amp;dirlinkcatcd=EDU&quot,www.iobnet.co.in,no,area,Pay fee Online,no,
https://www.rmd.ac.in/campus/hostel.html,http://maps.google.com/maps/api/js?sensor=false,maps.google.com,no,script,,no,
https://www.rmd.ac.in/campus/hostel.html,https://www.linkedin.com/in/rmdecprincipal,www.linkedin.com,no,a,Linkedin,no,
https://www.rmd.ac.in/campus/hostel.html,https://twitter.com/rmdecprincipal,twitter.com,no,a,Twitter,no,
https://www.rmd.ac.in/campus/hostel.html,https://www.youtube.com/c/RMDEngineeringCollege,www.youtube.com,no,a,Youtube,no,
https://www.rmd.ac.in/campus/hostel.html,https://www.facebook.com/rmdecprincipal,www.facebook.com,no,a,Facebook,no,
https://www.rmd.ac.in/campus/hostel.html,https://www.instagram.com/rmdecprincipal,www.instagram.com,no,a,Instagram,no,
https://www.rmd.ac.in/campus/transport.html,http://cdnjs.cloudflare.com/ajax/libs/font-awesome/4.4.0/css/font-awesome.min.css,cdnjs.cloudflare.com,no,stylesheet,,yes,OTHER
https://www.rmd.ac.in/campus/transport.html,https://www.iobnet.co.in/iobpay/entry.do?dirlinkmerid=RMDVEL&amp;dirlinkcatcd=EDU&quot,www.iobnet.co.in,no,area,Pay fee Online,no,
https://www.rmd.ac.in/campus/transport.html,http://maps.google.com/maps/api/js?sensor=false,maps.google.com,no,script,,no,
https://www.rmd.ac.in/campus/transport.html,https://www.linkedin.com/in/rmdecprincipal,www.linkedin.com,no,a,Linkedin,no,
https://www.rmd.ac.in/campus/transport.html,https://twitter.com/rmdecprincipal,twitter.com,no,a,Twitter,no,
https://www.rmd.ac.in/campus/transport.html,https://www.youtube.com/c/RMDEngineeringCollege,www.youtube.com,no,a,Youtube,no,
https://www.rmd.ac.in/campus/transport.html,https://www.facebook.com/rmdecprincipal,www.facebook.com,no,a,Facebook,no,
https://www.rmd.ac.in/campus/transport.html,https://www.instagram.com/rmdecprincipal,www.instagram.com,no,a,Instagram,no,
https://www.rmd.ac.in/campus/hospital.html,http://cdnjs.cloudflare.com/ajax/libs/font-awesome/4.4.0/css/font-awesome.min.css,cdnjs.cloudflare.com,no,stylesheet,,yes,OTHER
https://www.rmd.ac.in/campus/hospital.html,https://www.iobnet.co.in/iobpay/entry.do?dirlinkmerid=RMDVEL&amp;dirlinkcatcd=EDU&quot,www.iobnet.co.in,no,area,Pay fee Online,no,
https://www.rmd.ac.in/campus/hospital.html,http://maps.google.com/maps/api/js?sensor=false,maps.google.com,no,script,,no,
https://www.rmd.ac.in/campus/hospital.html,https://www.linkedin.com/in/rmdecprincipal,www.linkedin.com,no,a,Linkedin,no,
https://www.rmd.ac.in/campus/hospital.html,https://twitter.com/rmdecprincipal,twitter.com,no,a,Twitter,no,
https://www.rmd.ac.in/campus/hospital.html,https://www.youtube.com/c/RMDEngineeringCollege,www.youtube.com,no,a,Youtube,no,
https://www.rmd.ac.in/campus/hospital.html,https://www.facebook.com/rmdecprincipal,www.facebook.com,no,a,Facebook,no,
https://www.rmd.ac.in/campus/hospital.html,https://www.instagram.com/rmdecprincipal,www.instagram.com,no,a,Instagram,no,
https://www.rmd.ac.in/campus/gym.html,http://cdnjs.cloudflare.com/ajax/libs/font-awesome/4.4.0/css/font-awesome.min.css,cdnjs.cloudflare.com,no,stylesheet,,yes,OTHER
https://www.rmd.ac.in/campus/gym.html,https://www.iobnet.co.in/iobpay/entry.do?dirlinkmerid=RMDVEL&amp;dirlinkcatcd=EDU&quot,www.iobnet.co.in,no,area,Pay fee Online,no,
https://www.rmd.ac.in/campus/gym.html,http://maps.google.com/maps/api/js?sensor=false,maps.google.com,no,script,,no,
https://www.rmd.ac.in/campus/gym.html,https://www.linkedin.com/in/rmdecprincipal,www.linkedin.com,no,a,Linkedin,no,
https://www.rmd.ac.in/campus/gym.html,https://twitter.com/rmdecprincipal,twitter.com,no,a,Twitter,no,
https://www.rmd.ac.in/campus/gym.html,https://www.youtube.com/c/RMDEngineeringCollege,www.youtube.com,no,a,Youtube,no,
https://www.rmd.ac.in/campus/gym.html,https://www.facebook.com/rmdecprincipal,www.facebook.com,no,a,Facebook,no,
https://www.rmd.ac.in/campus/gym.html,https://www.instagram.com/rmdecprincipal,www.instagram.com,no,a,Instagram,no,
https://www.rmd.ac.in/campus/beauty.html,http://cdnjs.cloudflare.com/ajax/libs/font-awesome/4.4.0/css/font-awesome.min.css,cdnjs.cloudflare.com,no,stylesheet,,yes,OTHER
https://www.rmd.ac.in/campus/beauty.html,https://www.iobnet.co.in/iobpay/entry.do?dirlinkmerid=RMDVEL&amp;dirlinkcatcd=EDU&quot,www.iobnet.co.in,no,area,Pay fee Online,no,
https://www.rmd.ac.in/campus/beauty.html,http://maps.google.com/maps/api/js?sensor=false,maps.google.com,no,script,,no,
https://www.rmd.ac.in/campus/beauty.html,https://www.linkedin.com/in/rmdecprincipal,www.linkedin.com,no,a,Linkedin,no,
https://www.rmd.ac.in/campus/beauty.html,https://twitter.com/rmdecprincipal,twitter.com,no,a,Twitter,no,
https://www.rmd.ac.in/campus/beauty.html,https://www.youtube.com/c/RMDEngineeringCollege,www.youtube.com,no,a,Youtube,no,
https://www.rmd.ac.in/campus/beauty.html,https://www.facebook.com/rmdecprincipal,www.facebook.com,no,a,Facebook,no,
https://www.rmd.ac.in/campus/beauty.html,https://www.instagram.com/rmdecprincipal,www.instagram.com,no,a,Instagram,no,
https://www.rmd.ac.in/placement/placement.html,http://cdnjs.cloudflare.com/ajax/libs/font-awesome/4.4.0/css/font-awesome.min.css,cdnjs.cloudflare.com,no,stylesheet,,yes,OTHER
https://www.rmd.ac.in/placement/placement.html,https://www.iobnet.co.in/iobpay/entry.do?dirlinkmerid=RMDVEL&amp;dirlinkcatcd=EDU&quot,www.iobnet.co.in,no,area,Pay fee Online,no,
https://www.rmd.ac.in/placement/placement.html,https://admin.rmk685.examly.io/dashboard,admin.rmk685.examly.io,no,a,Campus Registration,no,
https://www.rmd.ac.in/placement/placement.html,http://maps.google.com/maps/api/js?sensor=false,maps.google.com,no,script,,no,
https://www.rmd.ac.in/research/research.html,http://cdnjs.cloudflare.com/ajax/libs/font-awesome/4.4.0/css/font-awesome.min.css,cdnjs.cloudflare.com,no,stylesheet,,yes,OTHER
https://www.rmd.ac.in/research/research.html,https://www.iobnet.co.in/iobpay/entry.do?dirlinkmerid=RMDVEL&amp;dirlinkcatcd=EDU&quot,www.iobnet.co.in,no,area,Pay fee Online,no,
https://www.rmd.ac.in/research/research.html,https://rmd.irins.org/,rmd.irins.org,no,a,Vidwan,no,
https://www.rmd.ac.in/research/research.html,https://code.jquery.com/jquery-3.4.1.min.js,code.jquery.com,no,script,,yes,OTHER
https://www.rmd.ac.in/research/research.html,http://maps.google.com/maps/api/js?sensor=false,maps.google.com,no,script,,no,
https://www.rmd.ac.in/nirf/nirf.html,http://cdnjs.cloudflare.com/ajax/libs/font-awesome/4.4.0/css/font-awesome.min.css,cdnjs.cloudflare.com,no,stylesheet,,yes,OTHER
https://www.rmd.ac.in/nirf/nirf.html,http://maps.google.com/maps/api/js?sensor=false,maps.google.com,no,script,,no,
https://www.rmd.ac.in/naac/naac.html,http://cdnjs.cloudflare.com/ajax/libs/font-awesome/4.4.0/css/font-awesome.min.css,cdnjs.cloudflare.com,no,stylesheet,,yes,OTHER
https://www.rmd.ac.in/naac/naac.html,https://www.iobnet.co.in/iobpay/entry.do?dirlinkmerid=RMDVEL&amp;dirlinkcatcd=EDU&quot,www.iobnet.co.in,no,area,Pay fee Online,no,
https://www.rmd.ac.in/naac/naac.html,http://maps.google.com/maps/api/js?sensor=false,maps.google.com,no,script,,no,
https://www.rmd.ac.in/nba.html,http://cdnjs.cloudflare.com/ajax/libs/font-awesome/4.4.0/css/font-awesome.min.css,cdnjs.cloudflare.com,no,stylesheet,,yes,OTHER
https://www.rmd.ac.in/nba.html,https://www.iobnet.co.in/iobpay/entry.do?dirlinkmerid=RMDVEL&amp;dirlinkcatcd=EDU&quot,www.iobnet.co.in,no,area,Pay fee Online,no,
https://www.rmd.ac.in/nba.html,http://maps.google.com/maps/api/js?sensor=false,maps.google.com,no,script,,no,
https://www.rmd.ac.in/nba.html,https://cdn.jsdelivr.net/picturefill/2.3.1/picturefill.min.js,cdn.jsdelivr.net,no,script,,yes,OTHER
https://www.rmd.ac.in/contact.html,http://cdnjs.cloudflare.com/ajax/libs/font-awesome/4.4.0/css/font-awesome.min.css,cdnjs.cloudflare.com,no,stylesheet,,yes,OTHER
https://www.rmd.ac.in/contact.html,https://www.iobnet.co.in/iobpay/entry.do?dirlinkmerid=RMDVEL&amp;dirlinkcatcd=EDU&quot,www.iobnet.co.in,no,area,Pay fee Online,no,
https://www.rmd.ac.in/contact.html,https://www.google.com/maps/embed?pb=!1m18!1m12!1m3!1d124216.4452708974!2d80.05084179143357!3d13.364950742961787!2m3!1f0!2f0!3f0!3m2!1i1024!2i768!4f13.1!3m3!1m2!1s0x3a4d807d6e1207f9%3A0x2beed88a75a3fe40!2sR.M.D.+Engineering+College!5e0!3m2!1sen!2sin!4v1466105335755,www.google.com,no,iframe,,no,
https://www.rmd.ac.in/contact.html,https://youtu.be/s6wioynqPLc?si=81j8T1OV3dAqVfSy,youtu.be,no,a,College Tour,no,
https://www.rmd.ac.in/contact.html,http://maps.google.com/maps/api/js?sensor=false,maps.google.com,no,script,,no,
https://www.rmd.ac.in/contact.html,https://cdn.jsdelivr.net/picturefill/2.3.1/picturefill.min.js,cdn.jsdelivr.net,no,script,,yes,OTHER
https://www.rmd.ac.in/alumni/,http://cdnjs.cloudflare.com/ajax/libs/font-awesome/4.4.0/css/font-awesome.min.css,cdnjs.cloudflare.com,no,stylesheet,,yes,OTHER
https://www.rmd.ac.in/alumni/,http://maps.google.com/maps/api/js?sensor=false,maps.google.com,no,script,,no,
https://www.rmd.ac.in/placementresult.html,http://cdnjs.cloudflare.com/ajax/libs/font-awesome/4.4.0/css/font-awesome.min.css,cdnjs.cloudflare.com,no,stylesheet,,yes,OTHER
https://www.rmd.ac.in/placementresult.html,http://maps.google.com/maps/api/js?sensor=false,maps.google.com,no,script,,no,
https://www.rmd.ac.in/rmdec-googlecloud.html,http://cdnjs.cloudflare.com/ajax/libs/font-awesome/4.4.0/css/font-awesome.min.css,cdnjs.cloudflare.com,no,stylesheet,,yes,OTHER
https://www.rmd.ac.in/rmdec-googlecloud.html,https://ajax.googleapis.com/ajax/libs/jquery/1.11.2/jquery.min.js,ajax.googleapis.com,no,script,,yes,OTHER
https://www.rmd.ac.in/rmdec-googlecloud.html,http://maps.google.com/maps/api/js?sensor=false,maps.google.com,no,script,,no,
https://www.rmd.ac.in/rmdec-googlecloud.html,https://www.linkedin.com/in/rmdecprincipal,www.linkedin.com,no,a,Linkedin,no,
https://www.rmd.ac.in/rmdec-googlecloud.html,https://twitter.com/rmdecprincipal,twitter.com,no,a,Twitter,no,
https://www.rmd.ac.in/rmdec-googlecloud.html,https://www.youtube.com/c/RMDEngineeringCollege,www.youtube.com,no,a,Youtube,no,
https://www.rmd.ac.in/rmdec-googlecloud.html,https://www.facebook.com/rmdecprincipal,www.facebook.com,no,a,Facebook,no,
https://www.rmd.ac.in/rmdec-googlecloud.html,https://www.instagram.com/rmdecprincipal,www.instagram.com,no,a,Instagram,no,
https://www.rmd.ac.in/newsevents.html,http://cdnjs.cloudflare.com/ajax/libs/font-awesome/4.4.0/css/font-awesome.min.css,cdnjs.cloudflare.com,no,stylesheet,,yes,OTHER
https://www.rmd.ac.in/newsevents.html,https://www.youtube.com/watch?v=1xvxEaPFOOM,www.youtube.com,no,a,- Live Youtube click here,no,
https://www.rmd.ac.in/newsevents.html,https://www.youtube.com/live/6fl_4X0kolk,www.youtube.com,no,a,- YouTube Live Streaming Link,no,
https://www.rmd.ac.in/newsevents.html,https://youtube.com/live/G4QxDLmtyqc,youtube.com,no,a,https://youtube.com/live/G4QxDLmtyqc,no,
https://www.rmd.ac.in/newsevents.html,https://dextero24.netlify.app/,dextero24.netlify.app,no,a,Department of Computer Science and Business Systems organizes a National Level Technical Symposium DEXTERO'24 on 05.2.2024 - click here,no,
https://www.rmd.ac.in/newsevents.html,https://avinyaa.netlify.app/,avinyaa.netlify.app,no,a,Department of Artificial Intelligence and Machine Learning organizes a National Level Technical Symposium AVINYAA'24 on 05.02.2024 - click here,no,
https://www.rmd.ac.in/newsevents.html,https://www.youtube.com/watch?v=qgBD036jdzY,www.youtube.com,no,a,- click here,no,
https://www.rmd.ac.in/newsevents.html,http://maps.google.com/maps/api/js?sensor=false,maps.google.com,no,script,,no,
https://www.rmd.ac.in/ANTI-DRUG/,http://cdnjs.cloudflare.com/ajax/libs/font-awesome/4.4.0/css/font-awesome.min.css,cdnjs.cloudflare.com,no,stylesheet,,yes,OTHER
https://www.rmd.ac.in/ANTI-DRUG/,http://maps.google.com/maps/api/js?sensor=false,maps.google.com,no,script,,no,
https://www.rmd.ac.in/Grievance/scst.html,http://cdnjs.cloudflare.com/ajax/libs/font-awesome/4.4.0/css/font-awesome.min.css,cdnjs.cloudflare.com,no,stylesheet,,yes,OTHER
https://www.rmd.ac.in/Grievance/scst.html,https://www.iobnet.co.in/iobpay/entry.do?dirlinkmerid=RMDVEL&amp;dirlinkcatcd=EDU&quot,www.iobnet.co.in,no,area,Pay fee Online,no,
https://www.rmd.ac.in/Grievance/scst.html,https://code.jquery.com/jquery-3.4.1.min.js,code.jquery.com,no,script,,yes,OTHER
https://www.rmd.ac.in/Grievance/scst.html,http://maps.google.com/maps/api/js?sensor=false,maps.google.com,no,script,,no,
https://www.rmd.ac.in/ac.html,http://cdnjs.cloudflare.com/ajax/libs/font-awesome/4.4.0/css/font-awesome.min.css,cdnjs.cloudflare.com,no,stylesheet,,yes,OTHER
https://www.rmd.ac.in/ac.html,https://ajax.googleapis.com/ajax/libs/jquery/1.11.2/jquery.min.js,ajax.googleapis.com,no,script,,yes,OTHER
https://www.rmd.ac.in/ac.html,http://maps.google.com/maps/api/js?sensor=false,maps.google.com,no,script,,no,
https://www.rmd.ac.in/HE/,http://cdnjs.cloudflare.com/ajax/libs/font-awesome/4.4.0/css/font-awesome.min.css,cdnjs.cloudflare.com,no,stylesheet,,yes,OTHER
https://www.rmd.ac.in/HE/,http://maps.google.com/maps/api/js?sensor=false,maps.google.com,no,script,,no,
https://www.rmd.ac.in/edc.html,http://cdnjs.cloudflare.com/ajax/libs/font-awesome/4.4.0/css/font-awesome.min.css,cdnjs.cloudflare.com,no,stylesheet,,yes,OTHER
https://www.rmd.ac.in/edc.html,https://ajax.googleapis.com/ajax/libs/jquery/1.11.2/jquery.min.js,ajax.googleapis.com,no,script,,yes,OTHER
https://www.rmd.ac.in/edc.html,http://maps.google.com/maps/api/js?sensor=false,maps.google.com,no,script,,no,
https://www.rmd.ac.in/iiic.html,http://cdnjs.cloudflare.com/ajax/libs/font-awesome/4.4.0/css/font-awesome.min.css,cdnjs.cloudflare.com,no,stylesheet,,yes,OTHER
https://www.rmd.ac.in/iiic.html,https://ajax.googleapis.com/ajax/libs/jquery/1.11.2/jquery.min.js,ajax.googleapis.com,no,script,,yes,OTHER
https://www.rmd.ac.in/iiic.html,http://maps.google.com/maps/api/js?sensor=false,maps.google.com,no,script,,no,
https://www.rmd.ac.in/cfl/aboutus.html,http://cdnjs.cloudflare.com/ajax/libs/font-awesome/4.4.0/css/font-awesome.min.css,cdnjs.cloudflare.com,no,stylesheet,,yes,OTHER
https://www.rmd.ac.in/cfl/aboutus.html,http://maps.google.com/maps/api/js?sensor=false,maps.google.com,no,script,,no,
https://www.rmd.ac.in/coe.html,http://cdnjs.cloudflare.com/ajax/libs/font-awesome/4.4.0/css/font-awesome.min.css,cdnjs.cloudflare.com,no,stylesheet,,yes,OTHER
https://www.rmd.ac.in/coe.html,https://ajax.googleapis.com/ajax/libs/jquery/1.11.2/jquery.min.js,ajax.googleapis.com,no,script,,yes,OTHER
https://www.rmd.ac.in/coe.html,http://maps.google.com/maps/api/js?sensor=false,maps.google.com,no,script,,no,
https://www.rmd.ac.in/Onlinecourse/,http://cdnjs.cloudflare.com/ajax/libs/font-awesome/4.4.0/css/font-awesome.min.css,cdnjs.cloudflare.com,no,stylesheet,,yes,OTHER
https://www.rmd.ac.in/Onlinecourse/,https://www.iobnet.co.in/iobpay/entry.do?dirlinkmerid=RMDVEL&amp;dirlinkcatcd=EDU&quot,www.iobnet.co.in,no,area,Pay fee Online,no,
https://www.rmd.ac.in/Onlinecourse/,https://code.jquery.com/jquery-3.4.1.min.js,code.jquery.com,no,script,,yes,OTHER
https://www.rmd.ac.in/Onlinecourse/,http://maps.google.com/maps/api/js?sensor=false,maps.google.com,no,script,,no,
https://www.rmd.ac.in/clubactivities.html,http://cdnjs.cloudflare.com/ajax/libs/font-awesome/4.4.0/css/font-awesome.min.css,cdnjs.cloudflare.com,no,stylesheet,,yes,OTHER
https://www.rmd.ac.in/clubactivities.html,https://ajax.googleapis.com/ajax/libs/jquery/1.11.2/jquery.min.js,ajax.googleapis.com,no,script,,yes,OTHER
https://www.rmd.ac.in/clubactivities.html,http://maps.google.com/maps/api/js?sensor=false,maps.google.com,no,script,,no,
https://www.rmd.ac.in/extra.html,http://cdnjs.cloudflare.com/ajax/libs/font-awesome/4.4.0/css/font-awesome.min.css,cdnjs.cloudflare.com,no,stylesheet,,yes,OTHER
https://www.rmd.ac.in/extra.html,https://ajax.googleapis.com/ajax/libs/jquery/1.11.2/jquery.min.js,ajax.googleapis.com,no,script,,yes,OTHER
https://www.rmd.ac.in/extra.html,http://maps.google.com/maps/api/js?sensor=false,maps.google.com,no,script,,no,
https://www.rmd.ac.in/pb.html,http://cdnjs.cloudflare.com/ajax/libs/font-awesome/4.4.0/css/font-awesome.min.css,cdnjs.cloudflare.com,no,stylesheet,,yes,OTHER
https://www.rmd.ac.in/pb.html,https://ajax.googleapis.com/ajax/libs/jquery/1.11.2/jquery.min.js,ajax.googleapis.com,no,script,,yes,OTHER
https://www.rmd.ac.in/pb.html,http://maps.google.com/maps/api/js?sensor=false,maps.google.com,no,script,,no,
https://www.rmd.ac.in/Idea_Lab/,http://cdnjs.cloudflare.com/ajax/libs/font-awesome/4.4.0/css/font-awesome.min.css,cdnjs.cloudflare.com,no,stylesheet,,yes,OTHER
https://www.rmd.ac.in/Idea_Lab/,https://www.iobnet.co.in/iobpay/entry.do?dirlinkmerid=RMDVEL&amp;dirlinkcatcd=EDU&quot,www.iobnet.co.in,no,area,Pay fee Online,no,
https://www.rmd.ac.in/Idea_Lab/,http://maps.google.com/maps/api/js?sensor=false,maps.google.com,no,script,,no,
https://www.rmd.ac.in/Feedback/,http://cdnjs.cloudflare.com/ajax/libs/font-awesome/4.4.0/css/font-awesome.min.css,cdnjs.cloudflare.com,no,stylesheet,,yes,OTHER
https://www.rmd.ac.in/Feedback/,http://maps.google.com/maps/api/js?sensor=false,maps.google.com,no,script,,no,
https://www.rmd.ac.in/Grievance/,http://cdnjs.cloudflare.com/ajax/libs/font-awesome/4.4.0/css/font-awesome.min.css,cdnjs.cloudflare.com,no,stylesheet,,yes,OTHER
https://www.rmd.ac.in/Grievance/,https://www.iobnet.co.in/iobpay/entry.do?dirlinkmerid=RMDVEL&amp;dirlinkcatcd=EDU&quot,www.iobnet.co.in,no,area,Pay fee Online,no,
https://www.rmd.ac.in/Grievance/,https://code.jquery.com/jquery-3.4.1.min.js,code.jquery.com,no,script,,yes,OTHER
https://www.rmd.ac.in/Grievance/,http://maps.google.com/maps/api/js?sensor=false,maps.google.com,no,script,,no,
https://www.rmd.ac.in/iqac/aboutus.html,http://cdnjs.cloudflare.com/ajax/libs/font-awesome/4.4.0/css/font-awesome.min.css,cdnjs.cloudflare.com,no,stylesheet,,yes,OTHER
https://www.rmd.ac.in/iqac/aboutus.html,http://maps.google.com/maps/api/js?sensor=false,maps.google.com,no,script,,no,
https://www.rmd.ac.in/campus/greencampus.html,http://cdnjs.cloudflare.com/ajax/libs/font-awesome/4.4.0/css/font-awesome.min.css,cdnjs.cloudflare.com,no,stylesheet,,yes,OTHER
https://www.rmd.ac.in/campus/greencampus.html,https://www.iobnet.co.in/iobpay/entry.do?dirlinkmerid=RMDVEL&amp;dirlinkcatcd=EDU&quot,www.iobnet.co.in,no,area,Pay fee Online,no,
https://www.rmd.ac.in/campus/greencampus.html,http://maps.google.com/maps/api/js?sensor=false,maps.google.com,no,script,,no,
https://www.rmd.ac.in/campus/greencampus.html,https://www.linkedin.com/in/rmdecprincipal,www.linkedin.com,no,a,Linkedin,no,
https://www.rmd.ac.in/campus/greencampus.html,https://twitter.com/rmdecprincipal,twitter.com,no,a,Twitter,no,
https://www.rmd.ac.in/campus/greencampus.html,https://www.youtube.com/c/RMDEngineeringCollege,www.youtube.com,no,a,Youtube,no,
https://www.rmd.ac.in/campus/greencampus.html,https://www.facebook.com/rmdecprincipal,www.facebook.com,no,a,Facebook,no,
https://www.rmd.ac.in/campus/greencampus.html,https://www.instagram.com/rmdecprincipal,www.instagram.com,no,a,Instagram,no,
https://www.rmd.ac.in/gallery.html,http://cdnjs.cloudflare.com/ajax/libs/font-awesome/4.4.0/css/font-awesome.min.css,cdnjs.cloudflare.com,no,stylesheet,,yes,OTHER
https://www.rmd.ac.in/gallery.html,https://ajax.googleapis.com/ajax/libs/jquery/1.11.2/jquery.min.js,ajax.googleapis.com,no,script,,yes,OTHER
https://www.rmd.ac.in/gallery.html,https://www.iobnet.co.in/iobpay/entry.do?dirlinkmerid=RMDVEL&amp;dirlinkcatcd=EDU&quot,www.iobnet.co.in,no,area,Pay fee Online,no,
https://www.rmd.ac.in/gallery.html,http://maps.google.com/maps/api/js?sensor=false,maps.google.com,no,script,,no,
https://www.rmd.ac.in/gallery.html,https://cdn.jsdelivr.net/picturefill/2.3.1/picturefill.min.js,cdn.jsdelivr.net,no,script,,yes,OTHER
https://www.rmd.ac.in/aboutus/2025-26.html,http://cdnjs.cloudflare.com/ajax/libs/font-awesome/4.4.0/css/font-awesome.min.css,cdnjs.cloudflare.com,no,stylesheet,,yes,OTHER
https://www.rmd.ac.in/aboutus/2025-26.html,https://www.iobnet.co.in/iobpay/entry.do?dirlinkmerid=RMDVEL&amp;dirlinkcatcd=EDU&quot,www.iobnet.co.in,no,area,Pay fee Online,no,
https://www.rmd.ac.in/aboutus/2025-26.html,http://maps.google.com/maps/api/js?sensor=false,maps.google.com,no,script,,no,
https://www.rmd.ac.in/aboutus/2024-25.html,http://cdnjs.cloudflare.com/ajax/libs/font-awesome/4.4.0/css/font-awesome.min.css,cdnjs.cloudflare.com,no,stylesheet,,yes,OTHER
https://www.rmd.ac.in/aboutus/2024-25.html,https://www.iobnet.co.in/iobpay/entry.do?dirlinkmerid=RMDVEL&amp;dirlinkcatcd=EDU&quot,www.iobnet.co.in,no,area,Pay fee Online,no,
https://www.rmd.ac.in/aboutus/2024-25.html,http://maps.google.com/maps/api/js?sensor=false,maps.google.com,no,script,,no,
https://www.rmd.ac.in/aboutus/2023-24.html,http://cdnjs.cloudflare.com/ajax/libs/font-awesome/4.4.0/css/font-awesome.min.css,cdnjs.cloudflare.com,no,stylesheet,,yes,OTHER
https://www.rmd.ac.in/aboutus/2023-24.html,https://www.iobnet.co.in/iobpay/entry.do?dirlinkmerid=RMDVEL&amp;dirlinkcatcd=EDU&quot,www.iobnet.co.in,no,area,Pay fee Online,no,
https://www.rmd.ac.in/aboutus/2023-24.html,http://maps.google.com/maps/api/js?sensor=false,maps.google.com,no,script,,no,
https://www.rmd.ac.in/aboutus/2022-23.html,http://cdnjs.cloudflare.com/ajax/libs/font-awesome/4.4.0/css/font-awesome.min.css,cdnjs.cloudflare.com,no,stylesheet,,yes,OTHER
https://www.rmd.ac.in/aboutus/2022-23.html,https://www.iobnet.co.in/iobpay/entry.do?dirlinkmerid=RMDVEL&amp;dirlinkcatcd=EDU&quot,www.iobnet.co.in,no,area,Pay fee Online,no,
https://www.rmd.ac.in/aboutus/2022-23.html,http://maps.google.com/maps/api/js?sensor=false,maps.google.com,no,script,,no,
https://www.rmd.ac.in/aboutus/2021-22.html,http://cdnjs.cloudflare.com/ajax/libs/font-awesome/4.4.0/css/font-awesome.min.css,cdnjs.cloudflare.com,no,stylesheet,,yes,OTHER
https://www.rmd.ac.in/aboutus/2021-22.html,https://www.iobnet.co.in/iobpay/entry.do?dirlinkmerid=RMDVEL&amp;dirlinkcatcd=EDU&quot,www.iobnet.co.in,no,area,Pay fee Online,no,
https://www.rmd.ac.in/aboutus/2021-22.html,http://maps.google.com/maps/api/js?sensor=false,maps.google.com,no,script,,no,
https://www.rmd.ac.in/aboutus/2020-21.html,http://cdnjs.cloudflare.com/ajax/libs/font-awesome/4.4.0/css/font-awesome.min.css,cdnjs.cloudflare.com,no,stylesheet,,yes,OTHER
https://www.rmd.ac.in/aboutus/2020-21.html,https://www.iobnet.co.in/iobpay/entry.do?dirlinkmerid=RMDVEL&amp;dirlinkcatcd=EDU&quot,www.iobnet.co.in,no,area,Pay fee Online,no,
https://www.rmd.ac.in/aboutus/2020-21.html,http://maps.google.com/maps/api/js?sensor=false,maps.google.com,no,script,,no,
https://www.rmd.ac.in/aboutus/2019-20.html,http://cdnjs.cloudflare.com/ajax/libs/font-awesome/4.4.0/css/font-awesome.min.css,cdnjs.cloudflare.com,no,stylesheet,,yes,OTHER
https://www.rmd.ac.in/aboutus/2019-20.html,https://www.iobnet.co.in/iobpay/entry.do?dirlinkmerid=RMDVEL&amp;dirlinkcatcd=EDU&quot,www.iobnet.co.in,no,area,Pay fee Online,no,
https://www.rmd.ac.in/aboutus/2019-20.html,http://maps.google.com/maps/api/js?sensor=false,maps.google.com,no,script,,no,
https://www.rmd.ac.in/aboutus/2018-19.html,http://cdnjs.cloudflare.com/ajax/libs/font-awesome/4.4.0/css/font-awesome.min.css,cdnjs.cloudflare.com,no,stylesheet,,yes,OTHER
https://www.rmd.ac.in/aboutus/2018-19.html,https://www.iobnet.co.in/iobpay/entry.do?dirlinkmerid=RMDVEL&amp;dirlinkcatcd=EDU&quot,www.iobnet.co.in,no,area,Pay fee Online,no,
https://www.rmd.ac.in/aboutus/2018-19.html,http://maps.google.com/maps/api/js?sensor=false,maps.google.com,no,script,,no,
https://www.rmd.ac.in/aboutus/2017-18.html,http://cdnjs.cloudflare.com/ajax/libs/font-awesome/4.4.0/css/font-awesome.min.css,cdnjs.cloudflare.com,no,stylesheet,,yes,OTHER
https://www.rmd.ac.in/aboutus/2017-18.html,https://www.iobnet.co.in/iobpay/entry.do?dirlinkmerid=RMDVEL&amp;dirlinkcatcd=EDU&quot,www.iobnet.co.in,no,area,Pay fee Online,no,
https://www.rmd.ac.in/aboutus/2017-18.html,http://maps.google.com/maps/api/js?sensor=false,maps.google.com,no,script,,no,
https://www.rmd.ac.in/aboutus/2016-17.html,http://cdnjs.cloudflare.com/ajax/libs/font-awesome/4.4.0/css/font-awesome.min.css,cdnjs.cloudflare.com,no,stylesheet,,yes,OTHER
https://www.rmd.ac.in/aboutus/2016-17.html,https://www.iobnet.co.in/iobpay/entry.do?dirlinkmerid=RMDVEL&amp;dirlinkcatcd=EDU&quot,www.iobnet.co.in,no,area,Pay fee Online,no,
https://www.rmd.ac.in/aboutus/2016-17.html,http://maps.google.com/maps/api/js?sensor=false,maps.google.com,no,script,,no,
https://www.rmd.ac.in/aboutus/2015-16.html,http://cdnjs.cloudflare.com/ajax/libs/font-awesome/4.4.0/css/font-awesome.min.css,cdnjs.cloudflare.com,no,stylesheet,,yes,OTHER
https://www.rmd.ac.in/aboutus/2015-16.html,https://www.iobnet.co.in/iobpay/entry.do?dirlinkmerid=RMDVEL&amp;dirlinkcatcd=EDU&quot,www.iobnet.co.in,no,area,Pay fee Online,no,
https://www.rmd.ac.in/aboutus/2015-16.html,http://maps.google.com/maps/api/js?sensor=false,maps.google.com,no,script,,no,
https://www.rmd.ac.in/aboutus/2014-15.html,http://cdnjs.cloudflare.com/ajax/libs/font-awesome/4.4.0/css/font-awesome.min.css,cdnjs.cloudflare.com,no,stylesheet,,yes,OTHER
https://www.rmd.ac.in/aboutus/2014-15.html,https://www.iobnet.co.in/iobpay/entry.do?dirlinkmerid=RMDVEL&amp;dirlinkcatcd=EDU&quot,www.iobnet.co.in,no,area,Pay fee Online,no,
https://www.rmd.ac.in/aboutus/2014-15.html,http://maps.google.com/maps/api/js?sensor=false,maps.google.com,no,script,,no,
https://www.rmd.ac.in/aboutus/2013-14.html,http://cdnjs.cloudflare.com/ajax/libs/font-awesome/4.4.0/css/font-awesome.min.css,cdnjs.cloudflare.com,no,stylesheet,,yes,OTHER
https://www.rmd.ac.in/aboutus/2013-14.html,https://www.iobnet.co.in/iobpay/entry.do?dirlinkmerid=RMDVEL&amp;dirlinkcatcd=EDU&quot,www.iobnet.co.in,no,area,Pay fee Online,no,
https://www.rmd.ac.in/aboutus/2013-14.html,http://maps.google.com/maps/api/js?sensor=false,maps.google.com,no,script,,no,
https://www.rmd.ac.in/aboutus/2012-13.html,http://cdnjs.cloudflare.com/ajax/libs/font-awesome/4.4.0/css/font-awesome.min.css,cdnjs.cloudflare.com,no,stylesheet,,yes,OTHER
https://www.rmd.ac.in/aboutus/2012-13.html,https://www.iobnet.co.in/iobpay/entry.do?dirlinkmerid=RMDVEL&amp;dirlinkcatcd=EDU&quot,www.iobnet.co.in,no,area,Pay fee Online,no,
https://www.rmd.ac.in/aboutus/2012-13.html,http://maps.google.com/maps/api/js?sensor=false,maps.google.com,no,script,,no,
https://www.rmd.ac.in/aboutus/2011-12.html,http://cdnjs.cloudflare.com/ajax/libs/font-awesome/4.4.0/css/font-awesome.min.css,cdnjs.cloudflare.com,no,stylesheet,,yes,OTHER
https://www.rmd.ac.in/aboutus/2011-12.html,https://www.iobnet.co.in/iobpay/entry.do?dirlinkmerid=RMDVEL&amp;dirlinkcatcd=EDU&quot,www.iobnet.co.in,no,area,Pay fee Online,no,
https://www.rmd.ac.in/aboutus/2011-12.html,http://maps.google.com/maps/api/js?sensor=false,maps.google.com,no,script,,no,
https://www.rmd.ac.in/aboutus/2010-11.html,http://cdnjs.cloudflare.com/ajax/libs/font-awesome/4.4.0/css/font-awesome.min.css,cdnjs.cloudflare.com,no,stylesheet,,yes,OTHER
https://www.rmd.ac.in/aboutus/2010-11.html,https://www.iobnet.co.in/iobpay/entry.do?dirlinkmerid=RMDVEL&amp;dirlinkcatcd=EDU&quot,www.iobnet.co.in,no,area,Pay fee Online,no,
https://www.rmd.ac.in/aboutus/2010-11.html,http://maps.google.com/maps/api/js?sensor=false,maps.google.com,no,script,,no,
https://www.rmd.ac.in/aboutus/2009-10.html,http://cdnjs.cloudflare.com/ajax/libs/font-awesome/4.4.0/css/font-awesome.min.css,cdnjs.cloudflare.com,no,stylesheet,,yes,OTHER
https://www.rmd.ac.in/aboutus/2009-10.html,https://www.iobnet.co.in/iobpay/entry.do?dirlinkmerid=RMDVEL&amp;dirlinkcatcd=EDU&quot,www.iobnet.co.in,no,area,Pay fee Online,no,
https://www.rmd.ac.in/aboutus/2009-10.html,http://maps.google.com/maps/api/js?sensor=false,maps.google.com,no,script,,no,
https://www.rmd.ac.in/aboutus/2008-09.html,http://cdnjs.cloudflare.com/ajax/libs/font-awesome/4.4.0/css/font-awesome.min.css,cdnjs.cloudflare.com,no,stylesheet,,yes,OTHER
https://www.rmd.ac.in/aboutus/2008-09.html,https://www.iobnet.co.in/iobpay/entry.do?dirlinkmerid=RMDVEL&amp;dirlinkcatcd=EDU&quot,www.iobnet.co.in,no,area,Pay fee Online,no,
https://www.rmd.ac.in/aboutus/2008-09.html,http://maps.google.com/maps/api/js?sensor=false,maps.google.com,no,script,,no,
https://www.rmd.ac.in/aboutus/2007-08.html,http://cdnjs.cloudflare.com/ajax/libs/font-awesome/4.4.0/css/font-awesome.min.css,cdnjs.cloudflare.com,no,stylesheet,,yes,OTHER
https://www.rmd.ac.in/aboutus/2007-08.html,https://www.iobnet.co.in/iobpay/entry.do?dirlinkmerid=RMDVEL&amp;dirlinkcatcd=EDU&quot,www.iobnet.co.in,no,area,Pay fee Online,no,
https://www.rmd.ac.in/aboutus/2007-08.html,http://maps.google.com/maps/api/js?sensor=false,maps.google.com,no,script,,no,
https://www.rmd.ac.in/aboutus/2006-07.html,http://cdnjs.cloudflare.com/ajax/libs/font-awesome/4.4.0/css/font-awesome.min.css,cdnjs.cloudflare.com,no,stylesheet,,yes,OTHER
https://www.rmd.ac.in/aboutus/2006-07.html,https://www.iobnet.co.in/iobpay/entry.do?dirlinkmerid=RMDVEL&amp;dirlinkcatcd=EDU&quot,www.iobnet.co.in,no,area,Pay fee Online,no,
https://www.rmd.ac.in/aboutus/2006-07.html,http://maps.google.com/maps/api/js?sensor=false,maps.google.com,no,script,,no,
https://www.rmd.ac.in/aboutus/2005-06.html,http://cdnjs.cloudflare.com/ajax/libs/font-awesome/4.4.0/css/font-awesome.min.css,cdnjs.cloudflare.com,no,stylesheet,,yes,OTHER
https://www.rmd.ac.in/aboutus/2005-06.html,https://www.iobnet.co.in/iobpay/entry.do?dirlinkmerid=RMDVEL&amp;dirlinkcatcd=EDU&quot,www.iobnet.co.in,no,area,Pay fee Online,no,
https://www.rmd.ac.in/aboutus/2005-06.html,http://maps.google.com/maps/api/js?sensor=false,maps.google.com,no,script,,no,
https://www.rmd.ac.in/aboutus/2004-05.html,http://cdnjs.cloudflare.com/ajax/libs/font-awesome/4.4.0/css/font-awesome.min.css,cdnjs.cloudflare.com,no,stylesheet,,yes,OTHER
https://www.rmd.ac.in/aboutus/2004-05.html,https://www.iobnet.co.in/iobpay/entry.do?dirlinkmerid=RMDVEL&amp;dirlinkcatcd=EDU&quot,www.iobnet.co.in,no,area,Pay fee Online,no,
https://www.rmd.ac.in/aboutus/2004-05.html,http://maps.google.com/maps/api/js?sensor=false,maps.google.com,no,script,,no,
https://www.rmd.ac.in/aboutus/2003-04.html,http://cdnjs.cloudflare.com/ajax/libs/font-awesome/4.4.0/css/font-awesome.min.css,cdnjs.cloudflare.com,no,stylesheet,,yes,OTHER
https://www.rmd.ac.in/aboutus/2003-04.html,https://www.iobnet.co.in/iobpay/entry.do?dirlinkmerid=RMDVEL&amp;dirlinkcatcd=EDU&quot,www.iobnet.co.in,no,area,Pay fee Online,no,
https://www.rmd.ac.in/aboutus/2003-04.html,http://maps.google.com/maps/api/js?sensor=false,maps.google.com,no,script,,no,
https://www.rmd.ac.in/aboutus/2002-03.html,http://cdnjs.cloudflare.com/ajax/libs/font-awesome/4.4.0/css/font-awesome.min.css,cdnjs.cloudflare.com,no,stylesheet,,yes,OTHER
https://www.rmd.ac.in/aboutus/2002-03.html,https://www.iobnet.co.in/iobpay/entry.do?dirlinkmerid=RMDVEL&amp;dirlinkcatcd=EDU&quot,www.iobnet.co.in,no,area,Pay fee Online,no,
https://www.rmd.ac.in/aboutus/2002-03.html,http://maps.google.com/maps/api/js?sensor=false,maps.google.com,no,script,,no,
https://www.rmd.ac.in/aboutus/2001-02.html,http://cdnjs.cloudflare.com/ajax/libs/font-awesome/4.4.0/css/font-awesome.min.css,cdnjs.cloudflare.com,no,stylesheet,,yes,OTHER
https://www.rmd.ac.in/aboutus/2001-02.html,https://www.iobnet.co.in/iobpay/entry.do?dirlinkmerid=RMDVEL&amp;dirlinkcatcd=EDU&quot,www.iobnet.co.in,no,area,Pay fee Online,no,
https://www.rmd.ac.in/aboutus/2001-02.html,http://maps.google.com/maps/api/js?sensor=false,maps.google.com,no,script,,no,
https://www.rmd.ac.in/aboutus/au2025-26.html,http://cdnjs.cloudflare.com/ajax/libs/font-awesome/4.4.0/css/font-awesome.min.css,cdnjs.cloudflare.com,no,stylesheet,,yes,OTHER
https://www.rmd.ac.in/aboutus/au2025-26.html,https://www.iobnet.co.in/iobpay/entry.do?dirlinkmerid=RMDVEL&amp;dirlinkcatcd=EDU&quot,www.iobnet.co.in,no,area,Pay fee Online,no,
https://www.rmd.ac.in/aboutus/au2025-26.html,http://maps.google.com/maps/api/js?sensor=false,maps.google.com,no,script,,no,
https://www.rmd.ac.in/aboutus/au2024-25.html,http://cdnjs.cloudflare.com/ajax/libs/font-awesome/4.4.0/css/font-awesome.min.css,cdnjs.cloudflare.com,no,stylesheet,,yes,OTHER
https://www.rmd.ac.in/aboutus/au2024-25.html,https://www.iobnet.co.in/iobpay/entry.do?dirlinkmerid=RMDVEL&amp;dirlinkcatcd=EDU&quot,www.iobnet.co.in,no,area,Pay fee Online,no,
https://www.rmd.ac.in/aboutus/au2024-25.html,http://maps.google.com/maps/api/js?sensor=false,maps.google.com,no,script,,no,
https://www.rmd.ac.in/aboutus/au2023-24.html,http://cdnjs.cloudflare.com/ajax/libs/font-awesome/4.4.0/css/font-awesome.min.css,cdnjs.cloudflare.com,no,stylesheet,,yes,OTHER
https://www.rmd.ac.in/aboutus/au2023-24.html,https://www.iobnet.co.in/iobpay/entry.do?dirlinkmerid=RMDVEL&amp;dirlinkcatcd=EDU&quot,www.iobnet.co.in,no,area,Pay fee Online,no,
https://www.rmd.ac.in/aboutus/au2023-24.html,http://maps.google.com/maps/api/js?sensor=false,maps.google.com,no,script,,no,
https://www.rmd.ac.in/aboutus/au2022-23.html,http://cdnjs.cloudflare.com/ajax/libs/font-awesome/4.4.0/css/font-awesome.min.css,cdnjs.cloudflare.com,no,stylesheet,,yes,OTHER
https://www.rmd.ac.in/aboutus/au2022-23.html,https://www.iobnet.co.in/iobpay/entry.do?dirlinkmerid=RMDVEL&amp;dirlinkcatcd=EDU&quot,www.iobnet.co.in,no,area,Pay fee Online,no,
https://www.rmd.ac.in/aboutus/au2022-23.html,http://maps.google.com/maps/api/js?sensor=false,maps.google.com,no,script,,no,
https://www.rmd.ac.in/lab.html,http://cdnjs.cloudflare.com/ajax/libs/font-awesome/4.4.0/css/font-awesome.min.css,cdnjs.cloudflare.com,no,stylesheet,,yes,OTHER
https://www.rmd.ac.in/lab.html,https://ajax.googleapis.com/ajax/libs/jquery/1.11.2/jquery.min.js,ajax.googleapis.com,no,script,,yes,OTHER
https://www.rmd.ac.in/lab.html,http://maps.google.com/maps/api/js?sensor=false,maps.google.com,no,script,,no,
https://www.rmd.ac.in/lab.html,https://cdn.jsdelivr.net/picturefill/2.3.1/picturefill.min.js,cdn.jsdelivr.net,no,script,,yes,OTHER
https://www.rmd.ac.in/lab.html,http://rmkcet.ac.in/cse/COE/index.html,rmkcet.ac.in,no,a,RMK Store,no,
https://www.rmd.ac.in/lab.html,http://rmdalumni.com/,rmdalumni.com,no,a,Alumni,no,
https://www.rmd.ac.in/lab.html,http://www.aicte-india.org/,www.aicte-india.org,no,a,AICTE,no,
https://www.rmd.ac.in/lab.html,https://www.annauniv.edu/,www.annauniv.edu,no,a,Anna University,no,
https://www.rmd.ac.in/lab.html,http://coe1.annauniv.edu/home/index.php,coe1.annauniv.edu,no,a,COE 1,no,
https://www.rmd.ac.in/lab.html,http://www.tndte.com/,www.tndte.com,no,a,DOTE,no,
https://www.rmd.ac.in/lab.html,http://www.skillrack.com/,www.skillrack.com,no,a,Skill Rack,no,
https://www.rmd.ac.in/lab.html,https://www.hackerrank.com/,www.hackerrank.com,no,a,Hacker Rank,no,
https://www.rmd.ac.in/dept/eee/vm.html,http://cdnjs.cloudflare.com/ajax/libs/font-awesome/4.4.0/css/font-awesome.min.css,cdnjs.cloudflare.com,no,stylesheet,,yes,OTHER
https://www.rmd.ac.in/dept/eee/vm.html,https://www.iobnet.co.in/iobpay/entry.do?dirlinkmerid=RMDVEL&amp;dirlinkcatcd=EDU&quot,www.iobnet.co.in,no,area,Pay fee Online,no,
https://www.rmd.ac.in/dept/eee/vm.html,http://maps.google.com/maps/api/js?sensor=false,maps.google.com,no,script,,no,
https://www.rmd.ac.in/dept/eee/vm.html,https://www.linkedin.com/in/rmdecprincipal,www.linkedin.com,no,a,Linkedin,no,
https://www.rmd.ac.in/dept/eee/vm.html,https://twitter.com/rmdecprincipal,twitter.com,no,a,Twitter,no,
https://www.rmd.ac.in/dept/eee/vm.html,https://www.youtube.com/c/RMDEngineeringCollege,www.youtube.com,no,a,Youtube,no,
https://www.rmd.ac.in/dept/eee/vm.html,https://www.facebook.com/rmdecprincipal,www.facebook.com,no,a,Facebook,no,
https://www.rmd.ac.in/dept/eee/vm.html,https://www.instagram.com/rmdecprincipal,www.instagram.com,no,a,Instagram,no,
https://www.rmd.ac.in/dept/eee/peo.html,http://cdnjs.cloudflare.com/ajax/libs/font-awesome/4.4.0/css/font-awesome.min.css,cdnjs.cloudflare.com,no,stylesheet,,yes,OTHER
https://www.rmd.ac.in/dept/eee/peo.html,https://www.iobnet.co.in/iobpay/entry.do?dirlinkmerid=RMDVEL&amp;dirlinkcatcd=EDU&quot,www.iobnet.co.in,no,area,Pay fee Online,no,
https://www.rmd.ac.in/dept/eee/peo.html,http://maps.google.com/maps/api/js?sensor=false,maps.google.com,no,script,,no,
https://www.rmd.ac.in/dept/eee/peo.html,https://www.linkedin.com/in/rmdecprincipal,www.linkedin.com,no,a,Linkedin,no,
https://www.rmd.ac.in/dept/eee/peo.html,https://twitter.com/rmdecprincipal,twitter.com,no,a,Twitter,no,
https://www.rmd.ac.in/dept/eee/peo.html,https://www.youtube.com/c/RMDEngineeringCollege,www.youtube.com,no,a,Youtube,no,
https://www.rmd.ac.in/dept/eee/peo.html,https://www.facebook.com/rmdecprincipal,www.facebook.com,no,a,Facebook,no,
https://www.rmd.ac.in/dept/eee/peo.html,https://www.instagram.com/rmdecprincipal,www.instagram.com,no,a,Instagram,no,
https://www.rmd.ac.in/examcell/Examination_Fee_Circular.html,http://cdnjs.cloudflare.com/ajax/libs/font-awesome/4.4.0/css/font-awesome.min.css,cdnjs.cloudflare.com,no,stylesheet,,yes,OTHER
https://www.rmd.ac.in/examcell/Examination_Fee_Circular.html,https://www.iobnet.co.in/iobpay/entry.do?dirlinkmerid=RMDVEL&amp;dirlinkcatcd=EDU&quot,www.iobnet.co.in,no,area,Pay fee Online,no,
https://www.rmd.ac.in/examcell/Examination_Fee_Circular.html,https://code.jquery.com/jquery-3.4.1.min.js,code.jquery.com,no,script,,yes,OTHER
https://www.rmd.ac.in/examcell/Examination_Fee_Circular.html,http://maps.google.com/maps/api/js?sensor=false,maps.google.com,no,script,,no,
https://www.rmd.ac.in/examcell/Course_Registration_Circular.html,http://cdnjs.cloudflare.com/ajax/libs/font-awesome/4.4.0/css/font-awesome.min.css,cdnjs.cloudflare.com,no,stylesheet,,yes,OTHER
https://www.rmd.ac.in/examcell/Course_Registration_Circular.html,https://www.iobnet.co.in/iobpay/entry.do?dirlinkmerid=RMDVEL&amp;dirlinkcatcd=EDU&quot,www.iobnet.co.in,no,area,Pay fee Online,no,
https://www.rmd.ac.in/examcell/Course_Registration_Circular.html,https://code.jquery.com/jquery-3.4.1.min.js,code.jquery.com,no,script,,yes,OTHER
https://www.rmd.ac.in/examcell/Course_Registration_Circular.html,http://maps.google.com/maps/api/js?sensor=false,maps.google.com,no,script,,no,
https://www.rmd.ac.in/examcell/Arrear_Examination_Circular.html,http://cdnjs.cloudflare.com/ajax/libs/font-awesome/4.4.0/css/font-awesome.min.css,cdnjs.cloudflare.com,no,stylesheet,,yes,OTHER
https://www.rmd.ac.in/examcell/Arrear_Examination_Circular.html,https://www.iobnet.co.in/iobpay/entry.do?dirlinkmerid=RMDVEL&amp;dirlinkcatcd=EDU&quot,www.iobnet.co.in,no,area,Pay fee Online,no,
https://www.rmd.ac.in/examcell/Arrear_Examination_Circular.html,https://code.jquery.com/jquery-3.4.1.min.js,code.jquery.com,no,script,,yes,OTHER
https://www.rmd.ac.in/examcell/Arrear_Examination_Circular.html,http://maps.google.com/maps/api/js?sensor=false,maps.google.com,no,script,,no,
https://www.rmd.ac.in/examcell/Review_Circular.html,http://cdnjs.cloudflare.com/ajax/libs/font-awesome/4.4.0/css/font-awesome.min.css,cdnjs.cloudflare.com,no,stylesheet,,yes,OTHER
https://www.rmd.ac.in/examcell/Review_Circular.html,https://www.iobnet.co.in/iobpay/entry.do?dirlinkmerid=RMDVEL&amp;dirlinkcatcd=EDU&quot,www.iobnet.co.in,no,area,Pay fee Online,no,
https://www.rmd.ac.in/examcell/Review_Circular.html,https://code.jquery.com/jquery-3.4.1.min.js,code.jquery.com,no,script,,yes,OTHER
https://www.rmd.ac.in/examcell/Review_Circular.html,http://maps.google.com/maps/api/js?sensor=false,maps.google.com,no,script,,no,
https://www.rmd.ac.in/examcell/Examination_Rules.html,http://cdnjs.cloudflare.com/ajax/libs/font-awesome/4.4.0/css/font-awesome.min.css,cdnjs.cloudflare.com,no,stylesheet,,yes,OTHER
https://www.rmd.ac.in/examcell/Examination_Rules.html,https://www.iobnet.co.in/iobpay/entry.do?dirlinkmerid=RMDVEL&amp;dirlinkcatcd=EDU&quot,www.iobnet.co.in,no,area,Pay fee Online,no,
https://www.rmd.ac.in/examcell/Examination_Rules.html,https://code.jquery.com/jquery-3.4.1.min.js,code.jquery.com,no,script,,yes,OTHER
https://www.rmd.ac.in/examcell/Examination_Rules.html,http://maps.google.com/maps/api/js?sensor=false,maps.google.com,no,script,,no,
https://www.rmd.ac.in/examcell/Examination_timetable.html,http://cdnjs.cloudflare.com/ajax/libs/font-awesome/4.4.0/css/font-awesome.min.css,cdnjs.cloudflare.com,no,stylesheet,,yes,OTHER
https://www.rmd.ac.in/examcell/Examination_timetable.html,https://www.iobnet.co.in/iobpay/entry.do?dirlinkmerid=RMDVEL&amp;dirlinkcatcd=EDU&quot,www.iobnet.co.in,no,area,Pay fee Online,no,
https://www.rmd.ac.in/examcell/Examination_timetable.html,https://code.jquery.com/jquery-3.4.1.min.js,code.jquery.com,no,script,,yes,OTHER
https://www.rmd.ac.in/examcell/Examination_timetable.html,http://maps.google.com/maps/api/js?sensor=false,maps.google.com,no,script,,no,
https://www.rmd.ac.in/examcell/End_semester_Practical_timetable.html,http://cdnjs.cloudflare.com/ajax/libs/font-awesome/4.4.0/css/font-awesome.min.css,cdnjs.cloudflare.com,no,stylesheet,,yes,OTHER
https://www.rmd.ac.in/examcell/End_semester_Practical_timetable.html,https://www.iobnet.co.in/iobpay/entry.do?dirlinkmerid=RMDVEL&amp;dirlinkcatcd=EDU&quot,www.iobnet.co.in,no,area,Pay fee Online,no,
https://www.rmd.ac.in/examcell/End_semester_Practical_timetable.html,https://code.jquery.com/jquery-3.4.1.min.js,code.jquery.com,no,script,,yes,OTHER
https://www.rmd.ac.in/examcell/End_semester_Practical_timetable.html,http://maps.google.com/maps/api/js?sensor=false,maps.google.com,no,script,,no,
https://www.rmd.ac.in/examcell/End_semester_Theory_timetable.html,http://cdnjs.cloudflare.com/ajax/libs/font-awesome/4.4.0/css/font-awesome.min.css,cdnjs.cloudflare.com,no,stylesheet,,yes,OTHER
https://www.rmd.ac.in/examcell/End_semester_Theory_timetable.html,https://www.iobnet.co.in/iobpay/entry.do?dirlinkmerid=RMDVEL&amp;dirlinkcatcd=EDU&quot,www.iobnet.co.in,no,area,Pay fee Online,no,
https://www.rmd.ac.in/examcell/End_semester_Theory_timetable.html,https://code.jquery.com/jquery-3.4.1.min.js,code.jquery.com,no,script,,yes,OTHER
https://www.rmd.ac.in/examcell/End_semester_Theory_timetable.html,http://maps.google.com/maps/api/js?sensor=false,maps.google.com,no,script,,no,
https://www.rmd.ac.in/examcell/Supplementary_timetable.html,http://cdnjs.cloudflare.com/ajax/libs/font-awesome/4.4.0/css/font-awesome.min.css,cdnjs.cloudflare.com,no,stylesheet,,yes,OTHER
https://www.rmd.ac.in/examcell/Supplementary_timetable.html,https://www.iobnet.co.in/iobpay/entry.do?dirlinkmerid=RMDVEL&amp;dirlinkcatcd=EDU&quot,www.iobnet.co.in,no,area,Pay fee Online,no,
https://www.rmd.ac.in/examcell/Supplementary_timetable.html,https://code.jquery.com/jquery-3.4.1.min.js,code.jquery.com,no,script,,yes,OTHER
https://www.rmd.ac.in/examcell/Supplementary_timetable.html,http://maps.google.com/maps/api/js?sensor=false,maps.google.com,no,script,,no,
https://www.rmd.ac.in/examcell/Transcript_Application_Form.html,http://cdnjs.cloudflare.com/ajax/libs/font-awesome/4.4.0/css/font-awesome.min.css,cdnjs.cloudflare.com,no,stylesheet,,yes,OTHER
https://www.rmd.ac.in/examcell/Transcript_Application_Form.html,https://www.iobnet.co.in/iobpay/entry.do?dirlinkmerid=RMDVEL&amp;dirlinkcatcd=EDU&quot,www.iobnet.co.in,no,area,Pay fee Online,no,
https://www.rmd.ac.in/examcell/Transcript_Application_Form.html,https://code.jquery.com/jquery-3.4.1.min.js,code.jquery.com,no,script,,yes,OTHER
https://www.rmd.ac.in/examcell/Transcript_Application_Form.html,http://maps.google.com/maps/api/js?sensor=false,maps.google.com,no,script,,no,
https://www.rmd.ac.in/examcell/Duplicate_Grade_Sheet.html,http://cdnjs.cloudflare.com/ajax/libs/font-awesome/4.4.0/css/font-awesome.min.css,cdnjs.cloudflare.com,no,stylesheet,,yes,OTHER
https://www.rmd.ac.in/examcell/Duplicate_Grade_Sheet.html,https://www.iobnet.co.in/iobpay/entry.do?dirlinkmerid=RMDVEL&amp;dirlinkcatcd=EDU&quot,www.iobnet.co.in,no,area,Pay fee Online,no,
https://www.rmd.ac.in/examcell/Duplicate_Grade_Sheet.html,https://code.jquery.com/jquery-3.4.1.min.js,code.jquery.com,no,script,,yes,OTHER
https://www.rmd.ac.in/examcell/Duplicate_Grade_Sheet.html,http://maps.google.com/maps/api/js?sensor=false,maps.google.com,no,script,,no,
https://www.rmd.ac.in/examcell/contact.html,http://cdnjs.cloudflare.com/ajax/libs/font-awesome/4.4.0/css/font-awesome.min.css,cdnjs.cloudflare.com,no,stylesheet,,yes,OTHER
https://www.rmd.ac.in/examcell/contact.html,https://www.iobnet.co.in/iobpay/entry.do?dirlinkmerid=RMDVEL&amp;dirlinkcatcd=EDU&quot,www.iobnet.co.in,no,area,Pay fee Online,no,
https://www.rmd.ac.in/examcell/contact.html,https://code.jquery.com/jquery-3.4.1.min.js,code.jquery.com,no,script,,yes,OTHER
https://www.rmd.ac.in/examcell/contact.html,http://maps.google.com/maps/api/js?sensor=false,maps.google.com,no,script,,no,
https://www.rmd.ac.in/academics/Code_of_conduct.html,http://cdnjs.cloudflare.com/ajax/libs/font-awesome/4.4.0/css/font-awesome.min.css,cdnjs.cloudflare.com,no,stylesheet,,yes,OTHER
https://www.rmd.ac.in/academics/Code_of_conduct.html,https://www.iobnet.co.in/iobpay/entry.do?dirlinkmerid=RMDVEL&amp;dirlinkcatcd=EDU&quot,www.iobnet.co.in,no,area,Pay fee Online,no,
https://www.rmd.ac.in/academics/Code_of_conduct.html,http://maps.google.com/maps/api/js?sensor=false,maps.google.com,no,script,,no,
https://www.rmd.ac.in/academics/Code_of_conduct.html,https://www.linkedin.com/in/rmdecprincipal,www.linkedin.com,no,a,Linkedin,no,
https://www.rmd.ac.in/academics/Code_of_conduct.html,https://twitter.com/rmdecprincipal,twitter.com,no,a,Twitter,no,
https://www.rmd.ac.in/academics/Code_of_conduct.html,https://www.youtube.com/c/RMDEngineeringCollege,www.youtube.com,no,a,Youtube,no,
https://www.rmd.ac.in/academics/Code_of_conduct.html,https://www.facebook.com/rmdecprincipal,www.facebook.com,no,a,Facebook,no,
https://www.rmd.ac.in/academics/Code_of_conduct.html,https://www.instagram.com/rmdecprincipal,www.instagram.com,no,a,Instagram,no,
https://www.rmd.ac.in/computercenter/hardware.html,http://cdnjs.cloudflare.com/ajax/libs/font-awesome/4.4.0/css/font-awesome.min.css,cdnjs.cloudflare.com,no,stylesheet,,yes,OTHER
https://www.rmd.ac.in/computercenter/hardware.html,http://maps.google.com/maps/api/js?sensor=false,maps.google.com,no,script,,no,
https://www.rmd.ac.in/computercenter/software.html,http://cdnjs.cloudflare.com/ajax/libs/font-awesome/4.4.0/css/font-awesome.min.css,cdnjs.cloudflare.com,no,stylesheet,,yes,OTHER
https://www.rmd.ac.in/computercenter/software.html,https://www.iobnet.co.in/iobpay/entry.do?dirlinkmerid=RMDVEL&amp;dirlinkcatcd=EDU&quot,www.iobnet.co.in,no,area,Pay fee Online,no,
https://www.rmd.ac.in/computercenter/software.html,http://maps.google.com/maps/api/js?sensor=false,maps.google.com,no,script,,no,
https://www.rmd.ac.in/computercenter/internet.html,http://cdnjs.cloudflare.com/ajax/libs/font-awesome/4.4.0/css/font-awesome.min.css,cdnjs.cloudflare.com,no,stylesheet,,yes,OTHER
https://www.rmd.ac.in/computercenter/internet.html,https://www.iobnet.co.in/iobpay/entry.do?dirlinkmerid=RMDVEL&amp;dirlinkcatcd=EDU&quot,www.iobnet.co.in,no,area,Pay fee Online,no,
https://www.rmd.ac.in/computercenter/internet.html,http://maps.google.com/maps/api/js?sensor=false,maps.google.com,no,script,,no,
https://www.rmd.ac.in/computercenter/wifi.html,http://cdnjs.cloudflare.com/ajax/libs/font-awesome/4.4.0/css/font-awesome.min.css,cdnjs.cloudflare.com,no,stylesheet,,yes,OTHER
https://www.rmd.ac.in/computercenter/wifi.html,http://maps.google.com/maps/api/js?sensor=false,maps.google.com,no,script,,no,
https://www.rmd.ac.in/computercenter/lab.html,http://cdnjs.cloudflare.com/ajax/libs/font-awesome/4.4.0/css/font-awesome.min.css,cdnjs.cloudflare.com,no,stylesheet,,yes,OTHER
https://www.rmd.ac.in/computercenter/lab.html,https://www.iobnet.co.in/iobpay/entry.do?dirlinkmerid=RMDVEL&amp;dirlinkcatcd=EDU&quot,www.iobnet.co.in,no,area,Pay fee Online,no,
https://www.rmd.ac.in/computercenter/lab.html,http://maps.google.com/maps/api/js?sensor=false,maps.google.com,no,script,,no,
https://www.rmd.ac.in/computercenter/photo.html,http://cdnjs.cloudflare.com/ajax/libs/font-awesome/4.4.0/css/font-awesome.min.css,cdnjs.cloudflare.com,no,stylesheet,,yes,OTHER
https://www.rmd.ac.in/computercenter/photo.html,https://ajax.googleapis.com/ajax/libs/jquery/1.11.2/jquery.min.js,ajax.googleapis.com,no,script,,yes,OTHER
https://www.rmd.ac.in/computercenter/photo.html,http://maps.google.com/maps/api/js?sensor=false,maps.google.com,no,script,,no,
https://www.rmd.ac.in/computercenter/photo.html,https://cdn.jsdelivr.net/picturefill/2.3.1/picturefill.min.js,cdn.jsdelivr.net,no,script,,yes,OTHER
https://www.rmd.ac.in/computercenter/contact.html,http://cdnjs.cloudflare.com/ajax/libs/font-awesome/4.4.0/css/font-awesome.min.css,cdnjs.cloudflare.com,no,stylesheet,,yes,OTHER
https://www.rmd.ac.in/computercenter/contact.html,http://maps.google.com/maps/api/js?sensor=false,maps.google.com,no,script,,no,
https://www.rmd.ac.in/library/pr.html,http://cdnjs.cloudflare.com/ajax/libs/font-awesome/4.4.0/css/font-awesome.min.css,cdnjs.cloudflare.com,no,stylesheet,,yes,OTHER
https://www.rmd.ac.in/library/pr.html,https://www.iobnet.co.in/iobpay/entry.do?dirlinkmerid=RMDVEL&amp;dirlinkcatcd=EDU&quot,www.iobnet.co.in,no,area,Pay fee Online,no,
https://www.rmd.ac.in/library/pr.html,http://maps.google.com/maps/api/js?sensor=false,maps.google.com,no,script,,no,
https://www.rmd.ac.in/library/digital.html,http://cdnjs.cloudflare.com/ajax/libs/font-awesome/4.4.0/css/font-awesome.min.css,cdnjs.cloudflare.com,no,stylesheet,,yes,OTHER
https://www.rmd.ac.in/library/digital.html,https://www.iobnet.co.in/iobpay/entry.do?dirlinkmerid=RMDVEL&amp;dirlinkcatcd=EDU&quot,www.iobnet.co.in,no,area,Pay fee Online,no,
https://www.rmd.ac.in/library/digital.html,https://ieeexplore.ieee.org/Xplore/home.jsp,ieeexplore.ieee.org,no,a,[img] img,no,
https://www.rmd.ac.in/library/digital.html,https://nextgen.rmd.ac.in/,nextgen.rmd.ac.in,yes,a,[img] img,no,
https://www.rmd.ac.in/library/digital.html,http://164.100.247.26/,164.100.247.26,no,a,[img] img,no,
https://www.rmd.ac.in/library/digital.html,https://ndl.iitkgp.ac.in/,ndl.iitkgp.ac.in,no,a,[img] img,no,
https://www.rmd.ac.in/library/digital.html,http://iete-elan.ac.in/elan/membership/journalsTF.jsp,iete-elan.ac.in,no,a,[img] img,no,
https://www.rmd.ac.in/library/digital.html,https://ieindia.org/,ieindia.org,no,a,[img] img,no,
https://www.rmd.ac.in/library/digital.html,https://opac.rmd.ac.in:8443/member/login,opac.rmd.ac.in,yes,a,[img] img,no,
https://www.rmd.ac.in/library/digital.html,https://ekumbh.aicte-india.org/allbook.php,ekumbh.aicte-india.org,no,a,[img] img,no,
https://www.rmd.ac.in/library/digital.html,https://epathshala.nic.in/epathshala.php?ln=en,epathshala.nic.in,no,a,[img] img,no,
https://www.rmd.ac.in/library/digital.html,https://doaj.org/,doaj.org,no,a,https://doaj.org/,no,
https://www.rmd.ac.in/library/digital.html,http://www.freemedicaljournals.com/,www.freemedicaljournals.com,no,a,http: //www.freemedicaljournals.com/,no,
https://www.rmd.ac.in/library/digital.html,http://liblicense.crl.edu/,liblicense.crl.edu,no,a,http://liblicense.crl.edu/,no,
https://www.rmd.ac.in/library/digital.html,http://mf2jx2lg4r.search.serialssolutions.com/,mf2jx2lg4r.search.serialssolutions.com,no,a,http://mf2jx2lg4r.search.serialssolutions.com/,no,
https://www.rmd.ac.in/library/digital.html,http://lib.manhattan.edu/,lib.manhattan.edu,no,a,http: //lib.manhattan.edu/,no,
https://www.rmd.ac.in/library/digital.html,http://www.ndu.edu.lb/Library/free_journals.htm,www.ndu.edu.lb,no,a,http: //www.ndu.edu.lb/Library/free_journals.htm,no,
https://www.rmd.ac.in/library/digital.html,http://www.informationr.net/ir/titlepages.html,www.informationr.net,no,a,http://www.informationr.net/ir/titlepages.html,no,
https://www.rmd.ac.in/library/digital.html,http://www.tjprc.org/,www.tjprc.org,no,a,http://www.tjprc.org/,no,
https://www.rmd.ac.in/library/digital.html,http://www.free-ebooks.net/,www.free-ebooks.net,no,a,http://www.free-ebooks.net/,no,
https://www.rmd.ac.in/library/digital.html,http://www.planetpublish.com/,www.planetpublish.com,no,a,http://www.planetpublish.com/,no,
https://www.rmd.ac.in/library/digital.html,https://nook.barnesandnoble.com/redeem,nook.barnesandnoble.com,no,a,https://nook.barnesandnoble.com/redeem,no,
https://www.rmd.ac.in/library/digital.html,https://www.manybooks.net/,www.manybooks.net,no,a,https://www.manybooks.net/,no,
https://www.rmd.ac.in/library/digital.html,http://www.easymediabroadcast.com/,www.easymediabroadcast.com,no,a,http://www.easymediabroadcast.com/,no,
https://www.rmd.ac.in/library/digital.html,http://www.web-source.net/free_ebooks.htm,www.web-source.net,no,a,http://www.web-source.net/free_ebooks.htm#.VqB4509_zIU,no,
https://www.rmd.ac.in/library/digital.html,http://maps.google.com/maps/api/js?sensor=false,maps.google.com,no,script,,no,
https://www.rmd.ac.in/library/digital.html,http://rmkcet.ac.in/cse/COE/index.html,rmkcet.ac.in,no,a,RMK Store,no,
https://www.rmd.ac.in/library/digital.html,http://rmdalumni.com/,rmdalumni.com,no,a,Alumni,no,
https://www.rmd.ac.in/library/digital.html,http://www.aicte-india.org/,www.aicte-india.org,no,a,AICTE,no,
https://www.rmd.ac.in/library/digital.html,https://www.annauniv.edu/,www.annauniv.edu,no,a,Anna University,no,
https://www.rmd.ac.in/library/digital.html,http://www.skillrack.com/,www.skillrack.com,no,a,Skill Rack,no,
https://www.rmd.ac.in/library/digital.html,https://www.hackerrank.com/,www.hackerrank.com,no,a,Hacker Rank,no,
https://www.rmd.ac.in/library/im.html,http://cdnjs.cloudflare.com/ajax/libs/font-awesome/4.4.0/css/font-awesome.min.css,cdnjs.cloudflare.com,no,stylesheet,,yes,OTHER
https://www.rmd.ac.in/library/im.html,https://www.iobnet.co.in/iobpay/entry.do?dirlinkmerid=RMDVEL&amp;dirlinkcatcd=EDU&quot,www.iobnet.co.in,no,area,Pay fee Online,no,
https://www.rmd.ac.in/library/im.html,https://library.annauniv.edu/,library.annauniv.edu,no,a,https://library.annauniv.edu/,no,
https://www.rmd.ac.in/library/im.html,https://www.britishcouncil.in/library,www.britishcouncil.in,no,a,https://www.britishcouncil.in/library,no,
https://www.rmd.ac.in/library/im.html,https://discovery1.delnet.in/,discovery1.delnet.in,no,a,https://discovery1.delnet.in/,no,
https://www.rmd.ac.in/library/im.html,https://ndl.iitkgp.ac.in/,ndl.iitkgp.ac.in,no,a,https://ndl.iitkgp.ac.in/,no,
https://www.rmd.ac.in/library/im.html,http://iete-elan.ac.in/elan/membership/journalsTF.jsp,iete-elan.ac.in,no,a,http://iete-elan.ac.in/elan/membership/journalsTF.jsp,no,
https://www.rmd.ac.in/library/im.html,https://ieindia.org/,ieindia.org,no,a,https://ieindia.org/,no,
https://www.rmd.ac.in/library/im.html,http://maps.google.com/maps/api/js?sensor=false,maps.google.com,no,script,,no,
https://www.rmd.ac.in/library/libac.html,http://cdnjs.cloudflare.com/ajax/libs/font-awesome/4.4.0/css/font-awesome.min.css,cdnjs.cloudflare.com,no,stylesheet,,yes,OTHER
https://www.rmd.ac.in/library/libac.html,https://www.iobnet.co.in/iobpay/entry.do?dirlinkmerid=RMDVEL&amp;dirlinkcatcd=EDU&quot,www.iobnet.co.in,no,area,Pay fee Online,no,
https://www.rmd.ac.in/library/libac.html,http://maps.google.com/maps/api/js?sensor=false,maps.google.com,no,script,,no,
https://www.rmd.ac.in/library/librules.html,http://cdnjs.cloudflare.com/ajax/libs/font-awesome/4.4.0/css/font-awesome.min.css,cdnjs.cloudflare.com,no,stylesheet,,yes,OTHER
https://www.rmd.ac.in/library/librules.html,https://www.iobnet.co.in/iobpay/entry.do?dirlinkmerid=RMDVEL&amp;dirlinkcatcd=EDU&quot,www.iobnet.co.in,no,area,Pay fee Online,no,
https://www.rmd.ac.in/library/librules.html,http://maps.google.com/maps/api/js?sensor=false,maps.google.com,no,script,,no,
https://www.rmd.ac.in/library/libservices.html,http://cdnjs.cloudflare.com/ajax/libs/font-awesome/4.4.0/css/font-awesome.min.css,cdnjs.cloudflare.com,no,stylesheet,,yes,OTHER
https://www.rmd.ac.in/library/libservices.html,https://www.iobnet.co.in/iobpay/entry.do?dirlinkmerid=RMDVEL&amp;dirlinkcatcd=EDU&quot,www.iobnet.co.in,no,area,Pay fee Online,no,
https://www.rmd.ac.in/library/libservices.html,http://maps.google.com/maps/api/js?sensor=false,maps.google.com,no,script,,no,
https://www.rmd.ac.in/library/libteam.html,http://cdnjs.cloudflare.com/ajax/libs/font-awesome/4.4.0/css/font-awesome.min.css,cdnjs.cloudflare.com,no,stylesheet,,yes,OTHER
https://www.rmd.ac.in/library/libteam.html,https://www.iobnet.co.in/iobpay/entry.do?dirlinkmerid=RMDVEL&amp;dirlinkcatcd=EDU&quot,www.iobnet.co.in,no,area,Pay fee Online,no,
https://www.rmd.ac.in/library/libteam.html,http://maps.google.com/maps/api/js?sensor=false,maps.google.com,no,script,,no,
https://www.rmd.ac.in/library/photo.html,http://cdnjs.cloudflare.com/ajax/libs/font-awesome/4.4.0/css/font-awesome.min.css,cdnjs.cloudflare.com,no,stylesheet,,yes,OTHER
https://www.rmd.ac.in/library/photo.html,https://ajax.googleapis.com/ajax/libs/jquery/1.11.2/jquery.min.js,ajax.googleapis.com,no,script,,yes,OTHER
https://www.rmd.ac.in/library/photo.html,https://www.iobnet.co.in/iobpay/entry.do?dirlinkmerid=RMDVEL&amp;dirlinkcatcd=EDU&quot,www.iobnet.co.in,no,area,Pay fee Online,no,
https://www.rmd.ac.in/library/photo.html,http://maps.google.com/maps/api/js?sensor=false,maps.google.com,no,script,,no,
https://www.rmd.ac.in/library/photo.html,https://cdn.jsdelivr.net/picturefill/2.3.1/picturefill.min.js,cdn.jsdelivr.net,no,script,,yes,OTHER
https://www.rmd.ac.in/sports/objectives.html,http://cdnjs.cloudflare.com/ajax/libs/font-awesome/4.4.0/css/font-awesome.min.css,cdnjs.cloudflare.com,no,stylesheet,,yes,OTHER
https://www.rmd.ac.in/sports/objectives.html,http://maps.google.com/maps/api/js?sensor=false,maps.google.com,no,script,,no,
https://www.rmd.ac.in/sports/facilities.html,http://cdnjs.cloudflare.com/ajax/libs/font-awesome/4.4.0/css/font-awesome.min.css,cdnjs.cloudflare.com,no,stylesheet,,yes,OTHER
https://www.rmd.ac.in/sports/facilities.html,http://maps.google.com/maps/api/js?sensor=false,maps.google.com,no,script,,no,
https://www.rmd.ac.in/sports/facilities.html,https://cdn.jsdelivr.net/picturefill/2.3.1/picturefill.min.js,cdn.jsdelivr.net,no,script,,yes,OTHER
https://www.rmd.ac.in/sports/faculty.html,http://cdnjs.cloudflare.com/ajax/libs/font-awesome/4.4.0/css/font-awesome.min.css,cdnjs.cloudflare.com,no,stylesheet,,yes,OTHER
https://www.rmd.ac.in/sports/faculty.html,http://maps.google.com/maps/api/js?sensor=false,maps.google.com,no,script,,no,
https://www.rmd.ac.in/sports/events.html,http://cdnjs.cloudflare.com/ajax/libs/font-awesome/4.4.0/css/font-awesome.min.css,cdnjs.cloudflare.com,no,stylesheet,,yes,OTHER
https://www.rmd.ac.in/sports/events.html,http://maps.google.com/maps/api/js?sensor=false,maps.google.com,no,script,,no,
https://www.rmd.ac.in/sports/achie.html,http://cdnjs.cloudflare.com/ajax/libs/font-awesome/4.4.0/css/font-awesome.min.css,cdnjs.cloudflare.com,no,stylesheet,,yes,OTHER
https://www.rmd.ac.in/sports/achie.html,http://maps.google.com/maps/api/js?sensor=false,maps.google.com,no,script,,no,
https://www.rmd.ac.in/sports/awards.html,http://cdnjs.cloudflare.com/ajax/libs/font-awesome/4.4.0/css/font-awesome.min.css,cdnjs.cloudflare.com,no,stylesheet,,yes,OTHER
https://www.rmd.ac.in/sports/awards.html,http://maps.google.com/maps/api/js?sensor=false,maps.google.com,no,script,,no,
https://www.rmd.ac.in/sports/photo.html,http://cdnjs.cloudflare.com/ajax/libs/font-awesome/4.4.0/css/font-awesome.min.css,cdnjs.cloudflare.com,no,stylesheet,,yes,OTHER
https://www.rmd.ac.in/sports/photo.html,https://ajax.googleapis.com/ajax/libs/jquery/1.11.2/jquery.min.js,ajax.googleapis.com,no,script,,yes,OTHER
https://www.rmd.ac.in/sports/photo.html,http://maps.google.com/maps/api/js?sensor=false,maps.google.com,no,script,,no,
https://www.rmd.ac.in/sports/photo.html,https://cdn.jsdelivr.net/picturefill/2.3.1/picturefill.min.js,cdn.jsdelivr.net,no,script,,yes,OTHER
https://www.rmd.ac.in/placement/goal.html,http://cdnjs.cloudflare.com/ajax/libs/font-awesome/4.4.0/css/font-awesome.min.css,cdnjs.cloudflare.com,no,stylesheet,,yes,OTHER
https://www.rmd.ac.in/placement/goal.html,https://www.iobnet.co.in/iobpay/entry.do?dirlinkmerid=RMDVEL&amp;dirlinkcatcd=EDU&quot,www.iobnet.co.in,no,area,Pay fee Online,no,
https://www.rmd.ac.in/placement/goal.html,https://admin.rmk685.examly.io/dashboard,admin.rmk685.examly.io,no,a,Campus Registration,no,
https://www.rmd.ac.in/placement/goal.html,http://maps.google.com/maps/api/js?sensor=false,maps.google.com,no,script,,no,
https://www.rmd.ac.in/placement/pd.html,http://cdnjs.cloudflare.com/ajax/libs/font-awesome/4.4.0/css/font-awesome.min.css,cdnjs.cloudflare.com,no,stylesheet,,yes,OTHER
https://www.rmd.ac.in/placement/pd.html,https://www.iobnet.co.in/iobpay/entry.do?dirlinkmerid=RMDVEL&amp;dirlinkcatcd=EDU&quot,www.iobnet.co.in,no,area,Pay fee Online,no,
https://www.rmd.ac.in/placement/pd.html,https://admin.rmk685.examly.io/dashboard,admin.rmk685.examly.io,no,a,Campus Registration,no,
https://www.rmd.ac.in/placement/pd.html,http://maps.google.com/maps/api/js?sensor=false,maps.google.com,no,script,,no,
https://www.rmd.ac.in/placement/ps.html,http://cdnjs.cloudflare.com/ajax/libs/font-awesome/4.4.0/css/font-awesome.min.css,cdnjs.cloudflare.com,no,stylesheet,,yes,OTHER
https://www.rmd.ac.in/placement/ps.html,https://www.iobnet.co.in/iobpay/entry.do?dirlinkmerid=RMDVEL&amp;dirlinkcatcd=EDU&quot,www.iobnet.co.in,no,area,Pay fee Online,no,
https://www.rmd.ac.in/placement/ps.html,https://admin.rmk685.examly.io/dashboard,admin.rmk685.examly.io,no,a,Campus Registration,no,
https://www.rmd.ac.in/placement/ps.html,http://maps.google.com/maps/api/js?sensor=false,maps.google.com,no,script,,no,
https://www.rmd.ac.in/placement/rmdstu.html,http://cdnjs.cloudflare.com/ajax/libs/font-awesome/4.4.0/css/font-awesome.min.css,cdnjs.cloudflare.com,no,stylesheet,,yes,OTHER
https://www.rmd.ac.in/placement/rmdstu.html,https://www.iobnet.co.in/iobpay/entry.do?dirlinkmerid=RMDVEL&amp;dirlinkcatcd=EDU&quot,www.iobnet.co.in,no,area,Pay fee Online,no,
https://www.rmd.ac.in/placement/rmdstu.html,https://admin.rmk685.examly.io/dashboard,admin.rmk685.examly.io,no,a,Campus Registration,no,
https://www.rmd.ac.in/placement/rmdstu.html,http://maps.google.com/maps/api/js?sensor=false,maps.google.com,no,script,,no,
https://www.rmd.ac.in/placement/rr.html,http://cdnjs.cloudflare.com/ajax/libs/font-awesome/4.4.0/css/font-awesome.min.css,cdnjs.cloudflare.com,no,stylesheet,,yes,OTHER
https://www.rmd.ac.in/placement/rr.html,https://www.iobnet.co.in/iobpay/entry.do?dirlinkmerid=RMDVEL&amp;dirlinkcatcd=EDU&quot,www.iobnet.co.in,no,area,Pay fee Online,no,
https://www.rmd.ac.in/placement/rr.html,https://admin.rmk685.examly.io/dashboard,admin.rmk685.examly.io,no,a,Campus Registration,no,
https://www.rmd.ac.in/placement/rr.html,http://maps.google.com/maps/api/js?sensor=false,maps.google.com,no,script,,no,
https://www.rmd.ac.in/placement/training.html,http://cdnjs.cloudflare.com/ajax/libs/font-awesome/4.4.0/css/font-awesome.min.css,cdnjs.cloudflare.com,no,stylesheet,,yes,OTHER
https://www.rmd.ac.in/placement/training.html,https://www.iobnet.co.in/iobpay/entry.do?dirlinkmerid=RMDVEL&amp;dirlinkcatcd=EDU&quot,www.iobnet.co.in,no,area,Pay fee Online,no,
https://www.rmd.ac.in/placement/training.html,https://admin.rmk685.examly.io/dashboard,admin.rmk685.examly.io,no,a,Campus Registration,no,
https://www.rmd.ac.in/placement/training.html,http://maps.google.com/maps/api/js?sensor=false,maps.google.com,no,script,,no,
https://www.rmd.ac.in/placement/ic.html,http://cdnjs.cloudflare.com/ajax/libs/font-awesome/4.4.0/css/font-awesome.min.css,cdnjs.cloudflare.com,no,stylesheet,,yes,OTHER
https://www.rmd.ac.in/placement/ic.html,https://www.iobnet.co.in/iobpay/entry.do?dirlinkmerid=RMDVEL&amp;dirlinkcatcd=EDU&quot,www.iobnet.co.in,no,area,Pay fee Online,no,
https://www.rmd.ac.in/placement/ic.html,https://admin.rmk685.examly.io/dashboard,admin.rmk685.examly.io,no,a,Campus Registration,no,
https://www.rmd.ac.in/placement/ic.html,https://tgmc.in/hall-of-fame-college-list.php,tgmc.in,no,a,https://tgmc.in/hall-of-fame-college-list.php,no,
https://www.rmd.ac.in/placement/ic.html,https://education.emc.com/academicalliance,education.emc.com,no,a,https://education.emc.com/academicalliance,no,
https://www.rmd.ac.in/placement/ic.html,http://maps.google.com/maps/api/js?sensor=false,maps.google.com,no,script,,no,
https://www.rmd.ac.in/placement/pc.html,http://cdnjs.cloudflare.com/ajax/libs/font-awesome/4.4.0/css/font-awesome.min.css,cdnjs.cloudflare.com,no,stylesheet,,yes,OTHER
https://www.rmd.ac.in/placement/pc.html,https://www.iobnet.co.in/iobpay/entry.do?dirlinkmerid=RMDVEL&amp;dirlinkcatcd=EDU&quot,www.iobnet.co.in,no,area,Pay fee Online,no,
https://www.rmd.ac.in/placement/pc.html,https://admin.rmk685.examly.io/dashboard,admin.rmk685.examly.io,no,a,Campus Registration,no,
https://www.rmd.ac.in/placement/pc.html,http://maps.google.com/maps/api/js?sensor=false,maps.google.com,no,script,,no,
https://www.rmd.ac.in/placement/crc.html,http://cdnjs.cloudflare.com/ajax/libs/font-awesome/4.4.0/css/font-awesome.min.css,cdnjs.cloudflare.com,no,stylesheet,,yes,OTHER
https://www.rmd.ac.in/placement/crc.html,https://www.iobnet.co.in/iobpay/entry.do?dirlinkmerid=RMDVEL&amp;dirlinkcatcd=EDU&quot,www.iobnet.co.in,no,area,Pay fee Online,no,
https://www.rmd.ac.in/placement/crc.html,https://admin.rmk685.examly.io/dashboard,admin.rmk685.examly.io,no,a,Campus Registration,no,
https://www.rmd.ac.in/placement/crc.html,http://maps.google.com/maps/api/js?sensor=false,maps.google.com,no,script,,no,
https://www.rmd.ac.in/placement/guests.html,http://cdnjs.cloudflare.com/ajax/libs/font-awesome/4.4.0/css/font-awesome.min.css,cdnjs.cloudflare.com,no,stylesheet,,yes,OTHER
https://www.rmd.ac.in/placement/guests.html,https://www.iobnet.co.in/iobpay/entry.do?dirlinkmerid=RMDVEL&amp;dirlinkcatcd=EDU&quot,www.iobnet.co.in,no,area,Pay fee Online,no,
https://www.rmd.ac.in/placement/guests.html,https://admin.rmk685.examly.io/dashboard,admin.rmk685.examly.io,no,a,Campus Registration,no,
https://www.rmd.ac.in/placement/guests.html,http://maps.google.com/maps/api/js?sensor=false,maps.google.com,no,script,,no,
https://www.rmd.ac.in/research/research_team.html,http://cdnjs.cloudflare.com/ajax/libs/font-awesome/4.4.0/css/font-awesome.min.css,cdnjs.cloudflare.com,no,stylesheet,,yes,OTHER
https://www.rmd.ac.in/research/research_team.html,https://www.iobnet.co.in/iobpay/entry.do?dirlinkmerid=RMDVEL&amp;dirlinkcatcd=EDU&quot,www.iobnet.co.in,no,area,Pay fee Online,no,
https://www.rmd.ac.in/research/research_team.html,https://rmd.irins.org/,rmd.irins.org,no,a,Vidwan,no,
https://www.rmd.ac.in/research/research_team.html,https://code.jquery.com/jquery-3.4.1.min.js,code.jquery.com,no,script,,yes,OTHER
https://www.rmd.ac.in/research/research_team.html,http://maps.google.com/maps/api/js?sensor=false,maps.google.com,no,script,,no,
https://www.rmd.ac.in/research/research_Advisory_committee.html,http://cdnjs.cloudflare.com/ajax/libs/font-awesome/4.4.0/css/font-awesome.min.css,cdnjs.cloudflare.com,no,stylesheet,,yes,OTHER
https://www.rmd.ac.in/research/research_Advisory_committee.html,https://www.iobnet.co.in/iobpay/entry.do?dirlinkmerid=RMDVEL&amp;dirlinkcatcd=EDU&quot,www.iobnet.co.in,no,area,Pay fee Online,no,
https://www.rmd.ac.in/research/research_Advisory_committee.html,https://rmd.irins.org/,rmd.irins.org,no,a,Vidwan,no,
https://www.rmd.ac.in/research/research_Advisory_committee.html,https://code.jquery.com/jquery-3.4.1.min.js,code.jquery.com,no,script,,yes,OTHER
https://www.rmd.ac.in/research/research_Advisory_committee.html,http://maps.google.com/maps/api/js?sensor=false,maps.google.com,no,script,,no,
https://www.rmd.ac.in/research/Ethics_Commitee.html,http://cdnjs.cloudflare.com/ajax/libs/font-awesome/4.4.0/css/font-awesome.min.css,cdnjs.cloudflare.com,no,stylesheet,,yes,OTHER
https://www.rmd.ac.in/research/Ethics_Commitee.html,https://www.iobnet.co.in/iobpay/entry.do?dirlinkmerid=RMDVEL&amp;dirlinkcatcd=EDU&quot,www.iobnet.co.in,no,area,Pay fee Online,no,
https://www.rmd.ac.in/research/Ethics_Commitee.html,https://rmd.irins.org/,rmd.irins.org,no,a,Vidwan,no,
https://www.rmd.ac.in/research/Ethics_Commitee.html,https://code.jquery.com/jquery-3.4.1.min.js,code.jquery.com,no,script,,yes,OTHER
https://www.rmd.ac.in/research/Ethics_Commitee.html,http://maps.google.com/maps/api/js?sensor=false,maps.google.com,no,script,,no,
https://www.rmd.ac.in/research/Research_Promotion_policy.html,http://cdnjs.cloudflare.com/ajax/libs/font-awesome/4.4.0/css/font-awesome.min.css,cdnjs.cloudflare.com,no,stylesheet,,yes,OTHER
https://www.rmd.ac.in/research/Research_Promotion_policy.html,https://www.iobnet.co.in/iobpay/entry.do?dirlinkmerid=RMDVEL&amp;dirlinkcatcd=EDU&quot,www.iobnet.co.in,no,area,Pay fee Online,no,
https://www.rmd.ac.in/research/Research_Promotion_policy.html,https://rmd.irins.org/,rmd.irins.org,no,a,Vidwan,no,
https://www.rmd.ac.in/research/Research_Promotion_policy.html,https://code.jquery.com/jquery-3.4.1.min.js,code.jquery.com,no,script,,yes,OTHER
https://www.rmd.ac.in/research/Research_Promotion_policy.html,http://maps.google.com/maps/api/js?sensor=false,maps.google.com,no,script,,no,
https://www.rmd.ac.in/research/Code_of_Ethics.html,http://cdnjs.cloudflare.com/ajax/libs/font-awesome/4.4.0/css/font-awesome.min.css,cdnjs.cloudflare.com,no,stylesheet,,yes,OTHER
https://www.rmd.ac.in/research/Code_of_Ethics.html,https://www.iobnet.co.in/iobpay/entry.do?dirlinkmerid=RMDVEL&amp;dirlinkcatcd=EDU&quot,www.iobnet.co.in,no,area,Pay fee Online,no,
https://www.rmd.ac.in/research/Code_of_Ethics.html,https://rmd.irins.org/,rmd.irins.org,no,a,Vidwan,no,
https://www.rmd.ac.in/research/Code_of_Ethics.html,https://code.jquery.com/jquery-3.4.1.min.js,code.jquery.com,no,script,,yes,OTHER
https://www.rmd.ac.in/research/Code_of_Ethics.html,http://maps.google.com/maps/api/js?sensor=false,maps.google.com,no,script,,no,
https://www.rmd.ac.in/research/Research_centres.html,http://cdnjs.cloudflare.com/ajax/libs/font-awesome/4.4.0/css/font-awesome.min.css,cdnjs.cloudflare.com,no,stylesheet,,yes,OTHER
https://www.rmd.ac.in/research/Research_centres.html,https://www.iobnet.co.in/iobpay/entry.do?dirlinkmerid=RMDVEL&amp;dirlinkcatcd=EDU&quot,www.iobnet.co.in,no,area,Pay fee Online,no,
https://www.rmd.ac.in/research/Research_centres.html,https://rmd.irins.org/,rmd.irins.org,no,a,Vidwan,no,
https://www.rmd.ac.in/research/Research_centres.html,https://cfr.annauniv.edu/research/academics/institution.php,cfr.annauniv.edu,no,a,https://cfr.annauniv.edu/research/academics/institution.php,no,
https://www.rmd.ac.in/research/Research_centres.html,https://code.jquery.com/jquery-3.4.1.min.js,code.jquery.com,no,script,,yes,OTHER
https://www.rmd.ac.in/research/Research_centres.html,http://maps.google.com/maps/api/js?sensor=false,maps.google.com,no,script,,no,
https://www.rmd.ac.in/research/Research_Supervisors.html,http://cdnjs.cloudflare.com/ajax/libs/font-awesome/4.4.0/css/font-awesome.min.css,cdnjs.cloudflare.com,no,stylesheet,,yes,OTHER
https://www.rmd.ac.in/research/Research_Supervisors.html,https://www.iobnet.co.in/iobpay/entry.do?dirlinkmerid=RMDVEL&amp;dirlinkcatcd=EDU&quot,www.iobnet.co.in,no,area,Pay fee Online,no,
https://www.rmd.ac.in/research/Research_Supervisors.html,https://rmd.irins.org/,rmd.irins.org,no,a,Vidwan,no,
https://www.rmd.ac.in/research/Research_Supervisors.html,https://rmd.irins.org/profile/274611,rmd.irins.org,no,a,Dr. R. Sasikumar,no,
https://www.rmd.ac.in/research/Research_Supervisors.html,https://drive.google.com/file/d/16MsOu05ssg-2W1Yu_DVkzGzxVwV_HL5k/view?usp=drive_link,drive.google.com,no,a,7,no,
https://www.rmd.ac.in/research/Research_Supervisors.html,https://drive.google.com/file/d/1IwwJ8eo5-cgqLr7EeYozMYE9PqopvLGW/view?usp=drive_link,drive.google.com,no,a,7,no,
https://www.rmd.ac.in/research/Research_Supervisors.html,https://rmd.irins.org/profile/274573,rmd.irins.org,no,a,Dr. S. Srinivasan,no,
https://www.rmd.ac.in/research/Research_Supervisors.html,https://drive.google.com/file/d/1UsUs4y7F_3ETVq8tW9mS4u5un22_LDUi/view?usp=drive_link,drive.google.com,no,a,7,no,
https://www.rmd.ac.in/research/Research_Supervisors.html,https://docs.google.com/document/d/11KLWaD3cGwMp46wHGWrQZO9zks8zGd3Z/edit?usp=drive_link&ouid=117492839978199338550&rtpof=true&sd=true,docs.google.com,no,a,6,no,
https://www.rmd.ac.in/research/Research_Supervisors.html,https://rmd.irins.org/profile/302581,rmd.irins.org,no,a,Dr. M. Hemalatha,no,
https://www.rmd.ac.in/research/Research_Supervisors.html,https://drive.google.com/file/d/1sK62IxyjFxDBJQuMFc_NTd0-ElsJkiNE/view?usp=drive_link,drive.google.com,no,a,3,no,
https://www.rmd.ac.in/research/Research_Supervisors.html,https://rmd.irins.org/profile/273188,rmd.irins.org,no,a,Dr. P. Usha Rani,no,
https://www.rmd.ac.in/research/Research_Supervisors.html,https://drive.google.com/file/d/1Hk0N9g65XUx0p0lszIdpDpmiU0WpekwL/view?usp=drive_link,drive.google.com,no,a,0,no,
https://www.rmd.ac.in/research/Research_Supervisors.html,https://rmd.irins.org/profile/273844,rmd.irins.org,no,a,Dr. K. K. Thyagharajan,no,
https://www.rmd.ac.in/research/Research_Supervisors.html,https://drive.google.com/file/d/1XR6FfpNNvCUrZF6zn9vVd_ca1bZvD1NN/view?usp=drive_link,drive.google.com,no,a,11,no,
https://www.rmd.ac.in/research/Research_Supervisors.html,https://drive.google.com/file/d/1w4qVVA0t_d4ixU3FllY9HyPWtHYoUR_i/view?usp=drive_link,drive.google.com,no,a,0,no,
https://www.rmd.ac.in/research/Research_Supervisors.html,https://rmd.irins.org/profile/272662,rmd.irins.org,no,a,Dr. K. Helenprabha,no,
https://www.rmd.ac.in/research/Research_Supervisors.html,https://drive.google.com/file/d/17OYJWKxtau-Qu6DtLQcdWgzCpKQ9_Sfn/view?usp=drive_link,drive.google.com,no,a,15,no,
https://www.rmd.ac.in/research/Research_Supervisors.html,https://drive.google.com/file/d/15ma0b7hUb_m1kOuyhT_N7v5dgxwnv20v/view?usp=drive_link,drive.google.com,no,a,8,no,
https://www.rmd.ac.in/research/Research_Supervisors.html,https://rmd.irins.org/profile/276767,rmd.irins.org,no,a,Dr. D. RukmaniDevi,no,
https://www.rmd.ac.in/research/Research_Supervisors.html,https://drive.google.com/file/d/1kkdloKzwjv2RB6YsWnjDlW2P-CYBqiTO/view?usp=drive_link,drive.google.com,no,a,13,no,
https://www.rmd.ac.in/research/Research_Supervisors.html,https://drive.google.com/file/d/1PBtopZ-qS34PkUI66hz2EPLIxOQQU-Tk/view?usp=drive_link,drive.google.com,no,a,4,no,
https://www.rmd.ac.in/research/Research_Supervisors.html,https://rmd.irins.org/profile/272774,rmd.irins.org,no,a,Dr. A. Chilambuchelvan,no,
https://www.rmd.ac.in/research/Research_Supervisors.html,https://drive.google.com/file/d/1WvSLgPDb85Sou-pralKwyxTTj_BAG2kR/view?usp=drive_link,drive.google.com,no,a,16,no,
https://www.rmd.ac.in/research/Research_Supervisors.html,https://drive.google.com/file/d/1ANYyJASINMVGOgWtBk5Y101ZCe2TNOUf/view?usp=drive_link,drive.google.com,no,a,0,no,
https://www.rmd.ac.in/research/Research_Supervisors.html,https://rmd.irins.org/profile/272799,rmd.irins.org,no,a,Dr. C. Bennila Thangammal,no,
https://www.rmd.ac.in/research/Research_Supervisors.html,https://drive.google.com/file/d/1YWcgo25HrrMnHrNQ_FiYwdRzDh0mhDrX/view?usp=drive_link,drive.google.com,no,a,2,no,
https://www.rmd.ac.in/research/Research_Supervisors.html,https://drive.google.com/file/d/1URtO3Ufwr39Uwfv4h6jnf54yTGPGvT7P/view?usp=drive_link,drive.google.com,no,a,7,no,
https://www.rmd.ac.in/research/Research_Supervisors.html,https://rmd.irins.org/profile/274114,rmd.irins.org,no,a,Dr. A. Sumaiya Begum,no,
https://www.rmd.ac.in/research/Research_Supervisors.html,https://drive.google.com/file/d/1_9renCdkcsbwuUbKSdc5x-Izkd_crp9r/view?usp=drive_link,drive.google.com,no,a,1 11,no,
https://www.rmd.ac.in/research/Research_Supervisors.html,https://rmd.irins.org/profile/273179,rmd.irins.org,no,a,Dr. S. G. Hymlin Rose,no,
https://www.rmd.ac.in/research/Research_Supervisors.html,https://drive.google.com/file/d/1HsibaYPCCaPXI6DsufeVQa7Eig3zsxaB/view?usp=drive_link,drive.google.com,no,a,5,no,
https://www.rmd.ac.in/research/Research_Supervisors.html,https://rmd.irins.org/profile/273412,rmd.irins.org,no,a,Dr. K. Balasubadra,no,
https://www.rmd.ac.in/research/Research_Supervisors.html,https://drive.google.com/file/d/1OrkV6fmmK-0LgoDJ2WncFgEkCS58Ln-t/view?usp=drive_link,drive.google.com,no,a,9,no,
https://www.rmd.ac.in/research/Research_Supervisors.html,https://drive.google.com/file/d/1QiD7TofC_oVWol4IJ96IbsDPROKJHSLS/view?usp=drive_link,drive.google.com,no,a,6,no,
https://www.rmd.ac.in/research/Research_Supervisors.html,https://rmd.irins.org/profile/274170,rmd.irins.org,no,a,Dr. V. Prasanna Srinivasan,no,
https://www.rmd.ac.in/research/Research_Supervisors.html,https://drive.google.com/file/d/14nGJuVsOLeuIdcP56B4kJiAmHMxKuy_d/view?usp=drive_link,drive.google.com,no,a,1,no,
https://www.rmd.ac.in/research/Research_Supervisors.html,https://drive.google.com/file/d/1ktxR_0QyRlDmXN2oRS8BVROkvij-7MXR/view?usp=drive_link,drive.google.com,no,a,8,no,
https://www.rmd.ac.in/research/Research_Supervisors.html,https://rmd.irins.org/profile/297257,rmd.irins.org,no,a,Dr. S. Velmurugan,no,
https://www.rmd.ac.in/research/Research_Supervisors.html,https://drive.google.com/file/d/1HwcnCDl5rdVdQ9R1NpWpal1bdA9ktfJP/view?usp=drive_link,drive.google.com,no,a,5 15,no,
https://www.rmd.ac.in/research/Research_Supervisors.html,https://rmd.irins.org/profile/271539,rmd.irins.org,no,a,Dr. N. Anbuchezhian,no,
https://www.rmd.ac.in/research/Research_Supervisors.html,https://rmd.irins.org/profile/289710,rmd.irins.org,no,a,Dr.Ashok Kumar,no,
https://www.rmd.ac.in/research/Research_Supervisors.html,https://rmd.irins.org/profile/275794,rmd.irins.org,no,a,Dr. C. Choudri,no,
https://www.rmd.ac.in/research/Research_Supervisors.html,https://drive.google.com/file/d/1i8L_xxH4kjIA8SXjGXqB-tV6Lytgvy8H/view?usp=drive_link,drive.google.com,no,a,1 18,no,
https://www.rmd.ac.in/research/Research_Supervisors.html,https://rmd.irins.org/profile/319468,rmd.irins.org,no,a,Dr.N.Prabaharan,no,
https://www.rmd.ac.in/research/Research_Supervisors.html,https://rmd.irins.org/profile/271499,rmd.irins.org,no,a,Dr. R. Priya,no,
https://www.rmd.ac.in/research/Research_Supervisors.html,https://drive.google.com/file/d/1dC5IcVzlPJzhoX7Gw0cjHMvT3CLV0Qx0/view?usp=drive_link,drive.google.com,no,a,1 0 20,no,
https://www.rmd.ac.in/research/Research_Supervisors.html,https://rmd.irins.org/profile/274368,rmd.irins.org,no,a,Dr. Shalini,no,
https://www.rmd.ac.in/research/Research_Supervisors.html,https://rmd.irins.org/profile/274341,rmd.irins.org,no,a,Dr. K. S. Radha,no,
https://www.rmd.ac.in/research/Research_Supervisors.html,https://rmd.irins.org/profile/274346,rmd.irins.org,no,a,Dr.S.Rekha,no,
https://www.rmd.ac.in/research/Research_Supervisors.html,https://rmd.irins.org/profile/273266,rmd.irins.org,no,a,Dr.S.Ramesh,no,
https://www.rmd.ac.in/research/Research_Supervisors.html,https://code.jquery.com/jquery-3.4.1.min.js,code.jquery.com,no,script,,yes,OTHER
https://www.rmd.ac.in/research/Research_Supervisors.html,http://maps.google.com/maps/api/js?sensor=false,maps.google.com,no,script,,no,
https://www.rmd.ac.in/research/Research_publication_ay.html,http://cdnjs.cloudflare.com/ajax/libs/font-awesome/4.4.0/css/font-awesome.min.css,cdnjs.cloudflare.com,no,stylesheet,,yes,OTHER
https://www.rmd.ac.in/research/Research_publication_ay.html,https://www.iobnet.co.in/iobpay/entry.do?dirlinkmerid=RMDVEL&amp;dirlinkcatcd=EDU&quot,www.iobnet.co.in,no,area,Pay fee Online,no,
https://www.rmd.ac.in/research/Research_publication_ay.html,https://rmd.irins.org/,rmd.irins.org,no,a,Vidwan,no,
https://www.rmd.ac.in/research/Research_publication_ay.html,https://code.jquery.com/jquery-3.4.1.min.js,code.jquery.com,no,script,,yes,OTHER
https://www.rmd.ac.in/research/Research_publication_ay.html,http://maps.google.com/maps/api/js?sensor=false,maps.google.com,no,script,,no,
https://www.rmd.ac.in/research/Research_publication_cy.html,http://cdnjs.cloudflare.com/ajax/libs/font-awesome/4.4.0/css/font-awesome.min.css,cdnjs.cloudflare.com,no,stylesheet,,yes,OTHER
https://www.rmd.ac.in/research/Research_publication_cy.html,https://www.iobnet.co.in/iobpay/entry.do?dirlinkmerid=RMDVEL&amp;dirlinkcatcd=EDU&quot,www.iobnet.co.in,no,area,Pay fee Online,no,
https://www.rmd.ac.in/research/Research_publication_cy.html,https://rmd.irins.org/,rmd.irins.org,no,a,Vidwan,no,
https://www.rmd.ac.in/research/Research_publication_cy.html,https://code.jquery.com/jquery-3.4.1.min.js,code.jquery.com,no,script,,yes,OTHER
https://www.rmd.ac.in/research/Research_publication_cy.html,http://maps.google.com/maps/api/js?sensor=false,maps.google.com,no,script,,no,
https://www.rmd.ac.in/research/IPR_Committee.html,http://cdnjs.cloudflare.com/ajax/libs/font-awesome/4.4.0/css/font-awesome.min.css,cdnjs.cloudflare.com,no,stylesheet,,yes,OTHER
https://www.rmd.ac.in/research/IPR_Committee.html,https://www.iobnet.co.in/iobpay/entry.do?dirlinkmerid=RMDVEL&amp;dirlinkcatcd=EDU&quot,www.iobnet.co.in,no,area,Pay fee Online,no,
https://www.rmd.ac.in/research/IPR_Committee.html,https://rmd.irins.org/,rmd.irins.org,no,a,Vidwan,no,
https://www.rmd.ac.in/research/IPR_Committee.html,https://code.jquery.com/jquery-3.4.1.min.js,code.jquery.com,no,script,,yes,OTHER
https://www.rmd.ac.in/research/IPR_Committee.html,http://maps.google.com/maps/api/js?sensor=false,maps.google.com,no,script,,no,
https://www.rmd.ac.in/research/IPR_Policy.html,http://cdnjs.cloudflare.com/ajax/libs/font-awesome/4.4.0/css/font-awesome.min.css,cdnjs.cloudflare.com,no,stylesheet,,yes,OTHER
https://www.rmd.ac.in/research/IPR_Policy.html,https://www.iobnet.co.in/iobpay/entry.do?dirlinkmerid=RMDVEL&amp;dirlinkcatcd=EDU&quot,www.iobnet.co.in,no,area,Pay fee Online,no,
https://www.rmd.ac.in/research/IPR_Policy.html,https://rmd.irins.org/,rmd.irins.org,no,a,Vidwan,no,
https://www.rmd.ac.in/research/IPR_Policy.html,https://code.jquery.com/jquery-3.4.1.min.js,code.jquery.com,no,script,,yes,OTHER
https://www.rmd.ac.in/research/IPR_Policy.html,http://maps.google.com/maps/api/js?sensor=false,maps.google.com,no,script,,no,
https://www.rmd.ac.in/research/Event.html,http://cdnjs.cloudflare.com/ajax/libs/font-awesome/4.4.0/css/font-awesome.min.css,cdnjs.cloudflare.com,no,stylesheet,,yes,OTHER
https://www.rmd.ac.in/research/Event.html,https://www.iobnet.co.in/iobpay/entry.do?dirlinkmerid=RMDVEL&amp;dirlinkcatcd=EDU&quot,www.iobnet.co.in,no,area,Pay fee Online,no,
https://www.rmd.ac.in/research/Event.html,https://rmd.irins.org/,rmd.irins.org,no,a,Vidwan,no,
https://www.rmd.ac.in/research/Event.html,https://code.jquery.com/jquery-3.4.1.min.js,code.jquery.com,no,script,,yes,OTHER
https://www.rmd.ac.in/research/Event.html,http://maps.google.com/maps/api/js?sensor=false,maps.google.com,no,script,,no,
https://www.rmd.ac.in/research/Patent_Grand.html,http://cdnjs.cloudflare.com/ajax/libs/font-awesome/4.4.0/css/font-awesome.min.css,cdnjs.cloudflare.com,no,stylesheet,,yes,OTHER
https://www.rmd.ac.in/research/Patent_Grand.html,https://www.iobnet.co.in/iobpay/entry.do?dirlinkmerid=RMDVEL&amp;dirlinkcatcd=EDU&quot,www.iobnet.co.in,no,area,Pay fee Online,no,
https://www.rmd.ac.in/research/Patent_Grand.html,https://rmd.irins.org/,rmd.irins.org,no,a,Vidwan,no,
https://www.rmd.ac.in/research/Patent_Grand.html,https://drive.google.com/file/d/1YFdwHEyML53RkxQQ60nryR7N_tLe_sX3/view?usp=sharing,drive.google.com,no,a,View Full Document:,no,
https://www.rmd.ac.in/research/Patent_Grand.html,https://code.jquery.com/jquery-3.4.1.min.js,code.jquery.com,no,script,,yes,OTHER
https://www.rmd.ac.in/research/Patent_Grand.html,http://maps.google.com/maps/api/js?sensor=false,maps.google.com,no,script,,no,
https://www.rmd.ac.in/research/Patent_Published.html,http://cdnjs.cloudflare.com/ajax/libs/font-awesome/4.4.0/css/font-awesome.min.css,cdnjs.cloudflare.com,no,stylesheet,,yes,OTHER
https://www.rmd.ac.in/research/Patent_Published.html,https://www.iobnet.co.in/iobpay/entry.do?dirlinkmerid=RMDVEL&amp;dirlinkcatcd=EDU&quot,www.iobnet.co.in,no,area,Pay fee Online,no,
https://www.rmd.ac.in/research/Patent_Published.html,https://rmd.irins.org/,rmd.irins.org,no,a,Vidwan,no,
https://www.rmd.ac.in/research/Patent_Published.html,https://drive.google.com/file/d/1NFAAWwu6iqbE-ZKK_DworNpHsObWFccA/view?usp=drive_link,drive.google.com,no,a,View,no,
https://www.rmd.ac.in/research/Patent_Published.html,https://drive.google.com/file/d/1rcXbu7AO0YjYxX2NZCEOvsFqo6_kYSn0/view?usp=drive_link,drive.google.com,no,a,View,no,
https://www.rmd.ac.in/research/Patent_Published.html,https://drive.google.com/file/d/1J4-XMrH_h_2sBahEX-AUq2Zn_bGoXS0a/view?usp=drive_link,drive.google.com,no,a,View,no,
https://www.rmd.ac.in/research/Patent_Published.html,https://drive.google.com/file/d/1zdWfpcgCmdP01zaqLTlMAPNW0iv1dGEY/view?usp=drive_link,drive.google.com,no,a,View,no,
https://www.rmd.ac.in/research/Patent_Published.html,https://drive.google.com/file/d/1OedH04J9Yc4CGNTm-kert9EFoELh-GC2/view?usp=drive_link,drive.google.com,no,a,View,no,
https://www.rmd.ac.in/research/Patent_Published.html,https://drive.google.com/file/d/1jvxZHCJhsJtiHX07zTF870hhnEEacd6v/view?usp=drive_link,drive.google.com,no,a,View,no,
https://www.rmd.ac.in/research/Patent_Published.html,https://drive.google.com/file/d/1pEJ0TZPAgYCLqq2XsawiIiDsB8bBuC65/view?usp=drive_link,drive.google.com,no,a,View,no,
https://www.rmd.ac.in/research/Patent_Published.html,https://drive.google.com/file/d/1cdmABlYRvJkis51yP-MwDcUFliROE0vE/view?usp=drive_link,drive.google.com,no,a,View,no,
https://www.rmd.ac.in/research/Patent_Published.html,https://code.jquery.com/jquery-3.4.1.min.js,code.jquery.com,no,script,,yes,OTHER
https://www.rmd.ac.in/research/Patent_Published.html,http://maps.google.com/maps/api/js?sensor=false,maps.google.com,no,script,,no,
https://www.rmd.ac.in/research/Consultancy_ay.html,http://cdnjs.cloudflare.com/ajax/libs/font-awesome/4.4.0/css/font-awesome.min.css,cdnjs.cloudflare.com,no,stylesheet,,yes,OTHER
https://www.rmd.ac.in/research/Consultancy_ay.html,https://www.iobnet.co.in/iobpay/entry.do?dirlinkmerid=RMDVEL&amp;dirlinkcatcd=EDU&quot,www.iobnet.co.in,no,area,Pay fee Online,no,
https://www.rmd.ac.in/research/Consultancy_ay.html,https://rmd.irins.org/,rmd.irins.org,no,a,Vidwan,no,
https://www.rmd.ac.in/research/Consultancy_ay.html,https://code.jquery.com/jquery-3.4.1.min.js,code.jquery.com,no,script,,yes,OTHER
https://www.rmd.ac.in/research/Consultancy_ay.html,http://maps.google.com/maps/api/js?sensor=false,maps.google.com,no,script,,no,
https://www.rmd.ac.in/research/Consultancy_cy.html,http://cdnjs.cloudflare.com/ajax/libs/font-awesome/4.4.0/css/font-awesome.min.css,cdnjs.cloudflare.com,no,stylesheet,,yes,OTHER
https://www.rmd.ac.in/research/Consultancy_cy.html,https://www.iobnet.co.in/iobpay/entry.do?dirlinkmerid=RMDVEL&amp;dirlinkcatcd=EDU&quot,www.iobnet.co.in,no,area,Pay fee Online,no,
https://www.rmd.ac.in/research/Consultancy_cy.html,https://rmd.irins.org/,rmd.irins.org,no,a,Vidwan,no,
https://www.rmd.ac.in/research/Consultancy_cy.html,https://code.jquery.com/jquery-3.4.1.min.js,code.jquery.com,no,script,,yes,OTHER
https://www.rmd.ac.in/research/Consultancy_cy.html,http://maps.google.com/maps/api/js?sensor=false,maps.google.com,no,script,,no,
https://www.rmd.ac.in/research/Fund_received.html,http://cdnjs.cloudflare.com/ajax/libs/font-awesome/4.4.0/css/font-awesome.min.css,cdnjs.cloudflare.com,no,stylesheet,,yes,OTHER
https://www.rmd.ac.in/research/Fund_received.html,https://www.iobnet.co.in/iobpay/entry.do?dirlinkmerid=RMDVEL&amp;dirlinkcatcd=EDU&quot,www.iobnet.co.in,no,area,Pay fee Online,no,
https://www.rmd.ac.in/research/Fund_received.html,https://rmd.irins.org/,rmd.irins.org,no,a,Vidwan,no,
https://www.rmd.ac.in/research/Fund_received.html,https://code.jquery.com/jquery-3.4.1.min.js,code.jquery.com,no,script,,yes,OTHER
https://www.rmd.ac.in/research/Fund_received.html,http://maps.google.com/maps/api/js?sensor=false,maps.google.com,no,script,,no,
https://www.rmd.ac.in/research/research_newsletter.html,http://cdnjs.cloudflare.com/ajax/libs/font-awesome/4.4.0/css/font-awesome.min.css,cdnjs.cloudflare.com,no,stylesheet,,yes,OTHER
https://www.rmd.ac.in/research/research_newsletter.html,https://www.iobnet.co.in/iobpay/entry.do?dirlinkmerid=RMDVEL&amp;dirlinkcatcd=EDU&quot,www.iobnet.co.in,no,area,Pay fee Online,no,
https://www.rmd.ac.in/research/research_newsletter.html,https://rmd.irins.org/,rmd.irins.org,no,a,Vidwan,no,
https://www.rmd.ac.in/research/research_newsletter.html,https://heyzine.com/flip-book/acb8968eed.html,heyzine.com,no,a,View Full Document:,no,
https://www.rmd.ac.in/research/research_newsletter.html,https://heyzine.com/flip-book/28662bd1ed.html,heyzine.com,no,a,View Full Document:,no,
https://www.rmd.ac.in/research/research_newsletter.html,https://code.jquery.com/jquery-3.4.1.min.js,code.jquery.com,no,script,,yes,OTHER
https://www.rmd.ac.in/research/research_newsletter.html,http://maps.google.com/maps/api/js?sensor=false,maps.google.com,no,script,,no,
https://www.rmd.ac.in/research/contact.html,http://cdnjs.cloudflare.com/ajax/libs/font-awesome/4.4.0/css/font-awesome.min.css,cdnjs.cloudflare.com,no,stylesheet,,yes,OTHER
https://www.rmd.ac.in/research/contact.html,https://www.iobnet.co.in/iobpay/entry.do?dirlinkmerid=RMDVEL&amp;dirlinkcatcd=EDU&quot,www.iobnet.co.in,no,area,Pay fee Online,no,
https://www.rmd.ac.in/research/contact.html,https://rmd.irins.org/,rmd.irins.org,no,a,Vidwan,no,
https://www.rmd.ac.in/research/contact.html,https://code.jquery.com/jquery-3.4.1.min.js,code.jquery.com,no,script,,yes,OTHER
https://www.rmd.ac.in/research/contact.html,http://maps.google.com/maps/api/js?sensor=false,maps.google.com,no,script,,no,
https://www.rmd.ac.in/naac/Criteria_1.html,http://cdnjs.cloudflare.com/ajax/libs/font-awesome/4.4.0/css/font-awesome.min.css,cdnjs.cloudflare.com,no,stylesheet,,yes,OTHER
https://www.rmd.ac.in/naac/Criteria_1.html,http://maps.google.com/maps/api/js?sensor=false,maps.google.com,no,script,,no,
https://www.rmd.ac.in/alumni/achap.html,http://cdnjs.cloudflare.com/ajax/libs/font-awesome/4.4.0/css/font-awesome.min.css,cdnjs.cloudflare.com,no,stylesheet,,yes,OTHER
https://www.rmd.ac.in/alumni/achap.html,http://maps.google.com/maps/api/js?sensor=false,maps.google.com,no,script,,no,
https://www.rmd.ac.in/alumni/news.html,http://cdnjs.cloudflare.com/ajax/libs/font-awesome/4.4.0/css/font-awesome.min.css,cdnjs.cloudflare.com,no,stylesheet,,yes,OTHER
https://www.rmd.ac.in/alumni/news.html,http://maps.google.com/maps/api/js?sensor=false,maps.google.com,no,script,,no,
https://www.rmd.ac.in/alumni/nalumni.html,http://cdnjs.cloudflare.com/ajax/libs/font-awesome/4.4.0/css/font-awesome.min.css,cdnjs.cloudflare.com,no,stylesheet,,yes,OTHER
https://www.rmd.ac.in/alumni/nalumni.html,http://maps.google.com/maps/api/js?sensor=false,maps.google.com,no,script,,no,
https://www.rmd.ac.in/alumni/acontri.html,http://cdnjs.cloudflare.com/ajax/libs/font-awesome/4.4.0/css/font-awesome.min.css,cdnjs.cloudflare.com,no,stylesheet,,yes,OTHER
https://www.rmd.ac.in/alumni/acontri.html,http://maps.google.com/maps/api/js?sensor=false,maps.google.com,no,script,,no,
https://www.rmd.ac.in/alumni/as.html,http://cdnjs.cloudflare.com/ajax/libs/font-awesome/4.4.0/css/font-awesome.min.css,cdnjs.cloudflare.com,no,stylesheet,,yes,OTHER
https://www.rmd.ac.in/alumni/as.html,http://maps.google.com/maps/api/js?sensor=false,maps.google.com,no,script,,no,
https://www.rmd.ac.in/alumni/photo.html,http://cdnjs.cloudflare.com/ajax/libs/font-awesome/4.4.0/css/font-awesome.min.css,cdnjs.cloudflare.com,no,stylesheet,,yes,OTHER
https://www.rmd.ac.in/alumni/photo.html,https://ajax.googleapis.com/ajax/libs/jquery/1.11.2/jquery.min.js,ajax.googleapis.com,no,script,,yes,OTHER
https://www.rmd.ac.in/alumni/photo.html,http://maps.google.com/maps/api/js?sensor=false,maps.google.com,no,script,,no,
https://www.rmd.ac.in/alumni/photo.html,https://cdn.jsdelivr.net/picturefill/2.3.1/picturefill.min.js,cdn.jsdelivr.net,no,script,,yes,OTHER
https://www.rmd.ac.in/alumni/contact.html,http://cdnjs.cloudflare.com/ajax/libs/font-awesome/4.4.0/css/font-awesome.min.css,cdnjs.cloudflare.com,no,stylesheet,,yes,OTHER
https://www.rmd.ac.in/alumni/contact.html,http://maps.google.com/maps/api/js?sensor=false,maps.google.com,no,script,,no,
https://www.rmd.ac.in/ICIETDW_24/,https://cdn.jsdelivr.net/npm/bootstrap@5.2.2/dist/css/bootstrap.min.css,cdn.jsdelivr.net,no,stylesheet,,yes,OTHER
https://www.rmd.ac.in/ICIETDW_24/,https://cdnjs.cloudflare.com/ajax/libs/font-awesome/6.0.0/css/all.min.css,cdnjs.cloudflare.com,no,stylesheet,,yes,OTHER
https://www.rmd.ac.in/ICIETDW_24/,https://cdn.jsdelivr.net/npm/@fortawesome/fontawesome-free@6.0.0/css/all.min.css,cdn.jsdelivr.net,no,stylesheet,,yes,OTHER
https://www.rmd.ac.in/ICIETDW_24/,https://code.jquery.com/jquery-3.2.1.slim.min.js,code.jquery.com,no,script,,yes,OTHER
https://www.rmd.ac.in/ICIETDW_24/,https://cdn.jsdelivr.net/npm/popper.js@1.12.9/dist/umd/popper.min.js,cdn.jsdelivr.net,no,script,,yes,OTHER
https://www.rmd.ac.in/ICIETDW_24/,https://cdn.jsdelivr.net/npm/bootstrap@4.0.0/dist/js/bootstrap.min.js,cdn.jsdelivr.net,no,script,,yes,OTHER
https://www.rmd.ac.in/ICIETDW_24/,https://www.facebook.com/rmdecprincipal,www.facebook.com,no,a,,no,
https://www.rmd.ac.in/ICIETDW_24/,https://twitter.com/rmdecprincipal,twitter.com,no,a,,no,
https://www.rmd.ac.in/ICIETDW_24/,https://www.instagram.com/rmd_institution/,www.instagram.com,no,a,,no,
https://www.rmd.ac.in/ICIETDW_24/,https://www.linkedin.com/company/rmd-institution/about/,www.linkedin.com,no,a,,no,
https://www.rmd.ac.in/ICIETDW_24/,https://www.youtube.com/c/RMDEnggCollege,www.youtube.com,no,a,,no,
https://www.rmd.ac.in/rendezvous24/,https://fonts.googleapis.com/,fonts.googleapis.com,no,link-other,,no,
https://www.rmd.ac.in/rendezvous24/,https://fonts.gstatic.com/,fonts.gstatic.com,no,link-other,,no,
https://www.rmd.ac.in/rendezvous24/,"https://fonts.googleapis.com/css2?family=Open+Sans:ital,wght@0,300;0,400;0,500;0,600;0,700;1,300;1,400;1,600;1,700&family=Inter:ital,wght@0,300;0,400;0,500;0,600;0,700;1,300;1,400;1,500;1,600;1,700&family=Cardo:ital,wght@0,400;0,700;1,400&display=swap",fonts.googleapis.com,no,stylesheet,,no,
https://www.rmd.ac.in/rendezvous24/,https://www.instagram.com/rendezvous2k24/,www.instagram.com,no,a,,no,
https://www.rmd.ac.in/rendezvous24/,https://forms.gle/YvZDL7KBLPj6GSDU7,forms.gle,no,a,,no,
https://www.rmd.ac.in/sankeethika2k24/,https://docs.google.com/forms/d/e/1FAIpQLSeu40sfMsmj-Q42HdQswOpppWAXSDaN5a5dsBX5rsunksOEWg/viewform,docs.google.com,no,a,Register now,no,
https://www.rmd.ac.in/sankeethika2k24/,https://docs.google.com/forms/d/e/1FAIpQLSfGw33oANbPfQjiX01hF7R1zghEIs1SCeksOcU5iQA39mAeEQ/viewform,docs.google.com,no,a,Register now,no,
https://www.rmd.ac.in/sankeethika2k24/,https://docs.google.com/forms/d/e/1FAIpQLSeGd2m3GCT42i_sUJWhWGTWQKezwD-2OxKvIJVBS6EVuR5W0Q/viewform,docs.google.com,no,a,Register now,no,
https://www.rmd.ac.in/sankeethika2k24/,https://docs.google.com/forms/d/e/1FAIpQLScmDAV7-O7RArCPfgO2GbmUsG88GMTm4xNcee7JJ_CvwAavJA/viewform,docs.google.com,no,a,Register now,no,
https://www.rmd.ac.in/sankeethika2k24/,https://docs.google.com/forms/d/e/1FAIpQLSfmbNRFYihZ5Fd31Ehsla9_MraB3-VALmx4ByOzZKX3EyxTjg/viewform,docs.google.com,no,a,Register now,no,
https://www.rmd.ac.in/sankeethika2k24/,https://www.google.com/maps/embed?pb=!1m18!1m12!1m3!1d3881.858348812216!2d80.13819837586102!3d13.359082706263088!2m3!1f0!2f0!3f0!3m2!1i1024!2i768!4f13.1!3m3!1m2!1s0x3a4d807d6e1207f9%3A0x2beed88a75a3fe40!2sR.M.D.%20Engineering%20college!5e0!3m2!1sen!2sin!4v1705680701500!5m2!1sen!2sin,www.google.com,no,iframe,,no,
https://www.rmd.ac.in/sankeethika2k24/,https://www.linkedin.com/in/poornasaaim/,www.linkedin.com,no,a,Poorna Saai M,no,
https://www.rmd.ac.in/Techcrescenza'24/,https://fonts.googleapis.com/,fonts.googleapis.com,no,link-other,,no,
https://www.rmd.ac.in/Techcrescenza'24/,https://fonts.gstatic.com/,fonts.gstatic.com,no,link-other,,no,
https://www.rmd.ac.in/Techcrescenza'24/,https://fonts.googleapis.com/css2?family=Poppins&display=swap,fonts.googleapis.com,no,stylesheet,,no,
https://www.rmd.ac.in/Techcrescenza'24/,https://fonts.googleapis.com/css2?family=Open+Sans:wght@300&display=swap,fonts.googleapis.com,no,stylesheet,,no,
https://www.rmd.ac.in/Techcrescenza'24/,https://fonts.googleapis.com/css2?family=IBM+Plex+Sans:wght@200&display=swap,fonts.googleapis.com,no,stylesheet,,no,
https://www.rmd.ac.in/Techcrescenza'24/,https://fonts.googleapis.com/css2?family=Foldit&display=swap,fonts.googleapis.com,no,stylesheet,,no,
https://www.rmd.ac.in/Techcrescenza'24/,https://cdnjs.cloudflare.com/ajax/libs/font-awesome/4.7.0/css/font-awesome.min.css,cdnjs.cloudflare.com,no,stylesheet,,yes,OTHER
https://www.rmd.ac.in/Techcrescenza'24/,https://cdn.jsdelivr.net/npm/baffle@0.3.6/dist/baffle.min.js,cdn.jsdelivr.net,no,script,,yes,OTHER
https://www.rmd.ac.in/Techcrescenza'24/,https://ajax.googleapis.com/ajax/libs/jquery/1.9.1/jquery.min.js,ajax.googleapis.com,no,script,,yes,OTHER
https://www.rmd.ac.in/ANTI-DRUG/vm.html,http://cdnjs.cloudflare.com/ajax/libs/font-awesome/4.4.0/css/font-awesome.min.css,cdnjs.cloudflare.com,no,stylesheet,,yes,OTHER
https://www.rmd.ac.in/ANTI-DRUG/vm.html,http://maps.google.com/maps/api/js?sensor=false,maps.google.com,no,script,,no,
https://www.rmd.ac.in/ANTI-DRUG/Objectives.html,http://cdnjs.cloudflare.com/ajax/libs/font-awesome/4.4.0/css/font-awesome.min.css,cdnjs.cloudflare.com,no,stylesheet,,yes,OTHER
https://www.rmd.ac.in/ANTI-DRUG/Objectives.html,http://maps.google.com/maps/api/js?sensor=false,maps.google.com,no,script,,no,
https://www.rmd.ac.in/ANTI-DRUG/Coordinator.html,http://cdnjs.cloudflare.com/ajax/libs/font-awesome/4.4.0/css/font-awesome.min.css,cdnjs.cloudflare.com,no,stylesheet,,yes,OTHER
https://www.rmd.ac.in/ANTI-DRUG/Coordinator.html,https://www.iobnet.co.in/iobpay/entry.do?dirlinkmerid=RMDVEL&amp;dirlinkcatcd=EDU&quot,www.iobnet.co.in,no,area,Pay fee Online,no,
https://www.rmd.ac.in/ANTI-DRUG/Coordinator.html,http://maps.google.com/maps/api/js?sensor=false,maps.google.com,no,script,,no,
https://www.rmd.ac.in/ANTI-DRUG/members.html,http://cdnjs.cloudflare.com/ajax/libs/font-awesome/4.4.0/css/font-awesome.min.css,cdnjs.cloudflare.com,no,stylesheet,,yes,OTHER
https://www.rmd.ac.in/ANTI-DRUG/members.html,https://www.iobnet.co.in/iobpay/entry.do?dirlinkmerid=RMDVEL&amp;dirlinkcatcd=EDU&quot,www.iobnet.co.in,no,area,Pay fee Online,no,
https://www.rmd.ac.in/ANTI-DRUG/members.html,http://maps.google.com/maps/api/js?sensor=false,maps.google.com,no,script,,no,
https://www.rmd.ac.in/ANTI-DRUG/activities.html,http://cdnjs.cloudflare.com/ajax/libs/font-awesome/4.4.0/css/font-awesome.min.css,cdnjs.cloudflare.com,no,stylesheet,,yes,OTHER
https://www.rmd.ac.in/ANTI-DRUG/activities.html,https://www.iobnet.co.in/iobpay/entry.do?dirlinkmerid=RMDVEL&amp;dirlinkcatcd=EDU&quot,www.iobnet.co.in,no,area,Pay fee Online,no,
https://www.rmd.ac.in/ANTI-DRUG/activities.html,http://maps.google.com/maps/api/js?sensor=false,maps.google.com,no,script,,no,
https://www.rmd.ac.in/ANTI-DRUG/help.html,http://cdnjs.cloudflare.com/ajax/libs/font-awesome/4.4.0/css/font-awesome.min.css,cdnjs.cloudflare.com,no,stylesheet,,yes,OTHER
https://www.rmd.ac.in/ANTI-DRUG/help.html,http://maps.google.com/maps/api/js?sensor=false,maps.google.com,no,script,,no,
https://www.rmd.ac.in/Grievance/icc.html,http://cdnjs.cloudflare.com/ajax/libs/font-awesome/4.4.0/css/font-awesome.min.css,cdnjs.cloudflare.com,no,stylesheet,,yes,OTHER
https://www.rmd.ac.in/Grievance/icc.html,https://www.iobnet.co.in/iobpay/entry.do?dirlinkmerid=RMDVEL&amp;dirlinkcatcd=EDU&quot,www.iobnet.co.in,no,area,Pay fee Online,no,
https://www.rmd.ac.in/Grievance/icc.html,https://code.jquery.com/jquery-3.4.1.min.js,code.jquery.com,no,script,,yes,OTHER
https://www.rmd.ac.in/Grievance/icc.html,http://maps.google.com/maps/api/js?sensor=false,maps.google.com,no,script,,no,
https://www.rmd.ac.in/Grievance/studentscommittee.html,http://cdnjs.cloudflare.com/ajax/libs/font-awesome/4.4.0/css/font-awesome.min.css,cdnjs.cloudflare.com,no,stylesheet,,yes,OTHER
https://www.rmd.ac.in/Grievance/studentscommittee.html,https://www.iobnet.co.in/iobpay/entry.do?dirlinkmerid=RMDVEL&amp;dirlinkcatcd=EDU&quot,www.iobnet.co.in,no,area,Pay fee Online,no,
https://www.rmd.ac.in/Grievance/studentscommittee.html,https://code.jquery.com/jquery-3.4.1.min.js,code.jquery.com,no,script,,yes,OTHER
https://www.rmd.ac.in/Grievance/studentscommittee.html,http://maps.google.com/maps/api/js?sensor=false,maps.google.com,no,script,,no,
https://www.rmd.ac.in/Grievance/aicteportal.html,http://cdnjs.cloudflare.com/ajax/libs/font-awesome/4.4.0/css/font-awesome.min.css,cdnjs.cloudflare.com,no,stylesheet,,yes,OTHER
https://www.rmd.ac.in/Grievance/aicteportal.html,https://www.iobnet.co.in/iobpay/entry.do?dirlinkmerid=RMDVEL&amp;dirlinkcatcd=EDU&quot,www.iobnet.co.in,no,area,Pay fee Online,no,
https://www.rmd.ac.in/Grievance/aicteportal.html,https://www.aicte-india.org/feedback/index.php,www.aicte-india.org,no,a,FEEDBACK FACILITY IN AICTE WEB PORTAL - click here,no,
https://www.rmd.ac.in/Grievance/aicteportal.html,https://code.jquery.com/jquery-3.4.1.min.js,code.jquery.com,no,script,,yes,OTHER
https://www.rmd.ac.in/Grievance/aicteportal.html,http://maps.google.com/maps/api/js?sensor=false,maps.google.com,no,script,,no,
https://www.rmd.ac.in/Grievance/Student.html,http://cdnjs.cloudflare.com/ajax/libs/font-awesome/4.4.0/css/font-awesome.min.css,cdnjs.cloudflare.com,no,stylesheet,,yes,OTHER
https://www.rmd.ac.in/Grievance/Student.html,https://www.iobnet.co.in/iobpay/entry.do?dirlinkmerid=RMDVEL&amp;dirlinkcatcd=EDU&quot,www.iobnet.co.in,no,area,Pay fee Online,no,
https://www.rmd.ac.in/Grievance/Student.html,https://docs.google.com/forms/d/e/1FAIpQLSe36OfUl-lI5nhTbFssTAHShb8DxP6oLCzMf8aZmBbNObvGog/viewform?embedded=true,docs.google.com,no,iframe,,no,
https://www.rmd.ac.in/Grievance/Student.html,https://code.jquery.com/jquery-3.4.1.min.js,code.jquery.com,no,script,,yes,OTHER
https://www.rmd.ac.in/Grievance/Student.html,http://maps.google.com/maps/api/js?sensor=false,maps.google.com,no,script,,no,
https://www.rmd.ac.in/Grievance/Faculty.html,http://cdnjs.cloudflare.com/ajax/libs/font-awesome/4.4.0/css/font-awesome.min.css,cdnjs.cloudflare.com,no,stylesheet,,yes,OTHER
https://www.rmd.ac.in/Grievance/Faculty.html,https://www.iobnet.co.in/iobpay/entry.do?dirlinkmerid=RMDVEL&amp;dirlinkcatcd=EDU&quot,www.iobnet.co.in,no,area,Pay fee Online,no,
https://www.rmd.ac.in/Grievance/Faculty.html,https://docs.google.com/forms/d/e/1FAIpQLSdNkWI3eKBjVCKK6s2TPA8IXOkaLsogVmJ35wwZq3HYdq1fnw/viewform?embedded=true,docs.google.com,no,iframe,,no,
https://www.rmd.ac.in/Grievance/Faculty.html,https://code.jquery.com/jquery-3.4.1.min.js,code.jquery.com,no,script,,yes,OTHER
https://www.rmd.ac.in/Grievance/Faculty.html,http://maps.google.com/maps/api/js?sensor=false,maps.google.com,no,script,,no,
https://www.rmd.ac.in/Grievance/Others.html,http://cdnjs.cloudflare.com/ajax/libs/font-awesome/4.4.0/css/font-awesome.min.css,cdnjs.cloudflare.com,no,stylesheet,,yes,OTHER
https://www.rmd.ac.in/Grievance/Others.html,https://www.iobnet.co.in/iobpay/entry.do?dirlinkmerid=RMDVEL&amp;dirlinkcatcd=EDU&quot,www.iobnet.co.in,no,area,Pay fee Online,no,
https://www.rmd.ac.in/Grievance/Others.html,https://docs.google.com/forms/d/e/1FAIpQLSed0baZSZo-onUuwSETUfJ9dzOVbUZiLEnLB5NVmJtOJiDeQg/viewform?embedded=true,docs.google.com,no,iframe,,no,
https://www.rmd.ac.in/Grievance/Others.html,https://code.jquery.com/jquery-3.4.1.min.js,code.jquery.com,no,script,,yes,OTHER
https://www.rmd.ac.in/Grievance/Others.html,http://maps.google.com/maps/api/js?sensor=false,maps.google.com,no,script,,no,
https://www.rmd.ac.in/Grievance/Parent.html,http://cdnjs.cloudflare.com/ajax/libs/font-awesome/4.4.0/css/font-awesome.min.css,cdnjs.cloudflare.com,no,stylesheet,,yes,OTHER
https://www.rmd.ac.in/Grievance/Parent.html,https://www.iobnet.co.in/iobpay/entry.do?dirlinkmerid=RMDVEL&amp;dirlinkcatcd=EDU&quot,www.iobnet.co.in,no,area,Pay fee Online,no,
https://www.rmd.ac.in/Grievance/Parent.html,https://docs.google.com/forms/d/e/1FAIpQLSet4DIz_8Ktz998uBfyp3T7w1zanlpi6RllqAQynFhkQ5_pwQ/viewform?embedded=true,docs.google.com,no,iframe,,no,
https://www.rmd.ac.in/Grievance/Parent.html,https://code.jquery.com/jquery-3.4.1.min.js,code.jquery.com,no,script,,yes,OTHER
https://www.rmd.ac.in/Grievance/Parent.html,http://maps.google.com/maps/api/js?sensor=false,maps.google.com,no,script,,no,
https://www.rmd.ac.in/Grievance/Alumni.html,http://cdnjs.cloudflare.com/ajax/libs/font-awesome/4.4.0/css/font-awesome.min.css,cdnjs.cloudflare.com,no,stylesheet,,yes,OTHER
https://www.rmd.ac.in/Grievance/Alumni.html,https://www.iobnet.co.in/iobpay/entry.do?dirlinkmerid=RMDVEL&amp;dirlinkcatcd=EDU&quot,www.iobnet.co.in,no,area,Pay fee Online,no,
https://www.rmd.ac.in/Grievance/Alumni.html,https://docs.google.com/forms/d/e/1FAIpQLScKUxsgEEadEEXldPuki1WXjftF7C6SLy4Fsw0fuDagorVojw/viewform?embedded=true,docs.google.com,no,iframe,,no,
https://www.rmd.ac.in/Grievance/Alumni.html,https://code.jquery.com/jquery-3.4.1.min.js,code.jquery.com,no,script,,yes,OTHER
https://www.rmd.ac.in/Grievance/Alumni.html,http://maps.google.com/maps/api/js?sensor=false,maps.google.com,no,script,,no,
https://www.rmd.ac.in/Grievance/contact.html,http://cdnjs.cloudflare.com/ajax/libs/font-awesome/4.4.0/css/font-awesome.min.css,cdnjs.cloudflare.com,no,stylesheet,,yes,OTHER
https://www.rmd.ac.in/Grievance/contact.html,https://www.iobnet.co.in/iobpay/entry.do?dirlinkmerid=RMDVEL&amp;dirlinkcatcd=EDU&quot,www.iobnet.co.in,no,area,Pay fee Online,no,
https://www.rmd.ac.in/Grievance/contact.html,https://code.jquery.com/jquery-3.4.1.min.js,code.jquery.com,no,script,,yes,OTHER
https://www.rmd.ac.in/Grievance/contact.html,http://maps.google.com/maps/api/js?sensor=false,maps.google.com,no,script,,no,
https://www.rmd.ac.in/HE/roadmap.html,http://cdnjs.cloudflare.com/ajax/libs/font-awesome/4.4.0/css/font-awesome.min.css,cdnjs.cloudflare.com,no,stylesheet,,yes,OTHER
https://www.rmd.ac.in/HE/roadmap.html,http://maps.google.com/maps/api/js?sensor=false,maps.google.com,no,script,,no,
https://www.rmd.ac.in/HE/events.html,http://cdnjs.cloudflare.com/ajax/libs/font-awesome/4.4.0/css/font-awesome.min.css,cdnjs.cloudflare.com,no,stylesheet,,yes,OTHER
https://www.rmd.ac.in/HE/events.html,https://www.iobnet.co.in/iobpay/entry.do?dirlinkmerid=RMDVEL&amp;dirlinkcatcd=EDU&quot,www.iobnet.co.in,no,area,Pay fee Online,no,
https://www.rmd.ac.in/HE/events.html,http://maps.google.com/maps/api/js?sensor=false,maps.google.com,no,script,,no,
https://www.rmd.ac.in/HE/sr.html,http://cdnjs.cloudflare.com/ajax/libs/font-awesome/4.4.0/css/font-awesome.min.css,cdnjs.cloudflare.com,no,stylesheet,,yes,OTHER
https://www.rmd.ac.in/HE/sr.html,https://www.iobnet.co.in/iobpay/entry.do?dirlinkmerid=RMDVEL&amp;dirlinkcatcd=EDU&quot,www.iobnet.co.in,no,area,Pay fee Online,no,
https://www.rmd.ac.in/HE/sr.html,http://maps.google.com/maps/api/js?sensor=false,maps.google.com,no,script,,no,
https://www.rmd.ac.in/HE/si.html,http://cdnjs.cloudflare.com/ajax/libs/font-awesome/4.4.0/css/font-awesome.min.css,cdnjs.cloudflare.com,no,stylesheet,,yes,OTHER
https://www.rmd.ac.in/HE/si.html,https://www.iobnet.co.in/iobpay/entry.do?dirlinkmerid=RMDVEL&amp;dirlinkcatcd=EDU&quot,www.iobnet.co.in,no,area,Pay fee Online,no,
https://www.rmd.ac.in/HE/si.html,http://maps.google.com/maps/api/js?sensor=false,maps.google.com,no,script,,no,
https://www.rmd.ac.in/HE/phs.html,http://cdnjs.cloudflare.com/ajax/libs/font-awesome/4.4.0/css/font-awesome.min.css,cdnjs.cloudflare.com,no,stylesheet,,yes,OTHER
https://www.rmd.ac.in/HE/phs.html,https://www.iobnet.co.in/iobpay/entry.do?dirlinkmerid=RMDVEL&amp;dirlinkcatcd=EDU&quot,www.iobnet.co.in,no,area,Pay fee Online,no,
https://www.rmd.ac.in/HE/phs.html,http://maps.google.com/maps/api/js?sensor=false,maps.google.com,no,script,,no,
https://www.rmd.ac.in/HE/mou.html,http://cdnjs.cloudflare.com/ajax/libs/font-awesome/4.4.0/css/font-awesome.min.css,cdnjs.cloudflare.com,no,stylesheet,,yes,OTHER
https://www.rmd.ac.in/HE/mou.html,https://www.iobnet.co.in/iobpay/entry.do?dirlinkmerid=RMDVEL&amp;dirlinkcatcd=EDU&quot,www.iobnet.co.in,no,area,Pay fee Online,no,
https://www.rmd.ac.in/HE/mou.html,http://maps.google.com/maps/api/js?sensor=false,maps.google.com,no,script,,no,
https://www.rmd.ac.in/HE/bec.html,http://cdnjs.cloudflare.com/ajax/libs/font-awesome/4.4.0/css/font-awesome.min.css,cdnjs.cloudflare.com,no,stylesheet,,yes,OTHER
https://www.rmd.ac.in/HE/bec.html,https://www.iobnet.co.in/iobpay/entry.do?dirlinkmerid=RMDVEL&amp;dirlinkcatcd=EDU&quot,www.iobnet.co.in,no,area,Pay fee Online,no,
https://www.rmd.ac.in/HE/bec.html,http://maps.google.com/maps/api/js?sensor=false,maps.google.com,no,script,,no,
https://www.rmd.ac.in/HE/links.html,http://cdnjs.cloudflare.com/ajax/libs/font-awesome/4.4.0/css/font-awesome.min.css,cdnjs.cloudflare.com,no,stylesheet,,yes,OTHER
https://www.rmd.ac.in/HE/links.html,https://www.iobnet.co.in/iobpay/entry.do?dirlinkmerid=RMDVEL&amp;dirlinkcatcd=EDU&quot,www.iobnet.co.in,no,area,Pay fee Online,no,
https://www.rmd.ac.in/HE/links.html,http://maps.google.com/maps/api/js?sensor=false,maps.google.com,no,script,,no,
https://www.rmd.ac.in/HE/members.html,http://cdnjs.cloudflare.com/ajax/libs/font-awesome/4.4.0/css/font-awesome.min.css,cdnjs.cloudflare.com,no,stylesheet,,yes,OTHER
https://www.rmd.ac.in/HE/members.html,https://www.iobnet.co.in/iobpay/entry.do?dirlinkmerid=RMDVEL&amp;dirlinkcatcd=EDU&quot,www.iobnet.co.in,no,area,Pay fee Online,no,
https://www.rmd.ac.in/HE/members.html,http://maps.google.com/maps/api/js?sensor=false,maps.google.com,no,script,,no,
https://www.rmd.ac.in/HE/contact.html,http://cdnjs.cloudflare.com/ajax/libs/font-awesome/4.4.0/css/font-awesome.min.css,cdnjs.cloudflare.com,no,stylesheet,,yes,OTHER
https://www.rmd.ac.in/HE/contact.html,https://www.iobnet.co.in/iobpay/entry.do?dirlinkmerid=RMDVEL&amp;dirlinkcatcd=EDU&quot,www.iobnet.co.in,no,area,Pay fee Online,no,
https://www.rmd.ac.in/HE/contact.html,http://maps.google.com/maps/api/js?sensor=false,maps.google.com,no,script,,no,
https://www.rmd.ac.in/HE/photo.html,http://cdnjs.cloudflare.com/ajax/libs/font-awesome/4.4.0/css/font-awesome.min.css,cdnjs.cloudflare.com,no,stylesheet,,yes,OTHER
https://www.rmd.ac.in/HE/photo.html,https://www.iobnet.co.in/iobpay/entry.do?dirlinkmerid=RMDVEL&amp;dirlinkcatcd=EDU&quot,www.iobnet.co.in,no,area,Pay fee Online,no,
https://www.rmd.ac.in/HE/photo.html,http://maps.google.com/maps/api/js?sensor=false,maps.google.com,no,script,,no,
https://www.rmd.ac.in/iic/,http://cdnjs.cloudflare.com/ajax/libs/font-awesome/4.4.0/css/font-awesome.min.css,cdnjs.cloudflare.com,no,stylesheet,,yes,OTHER
https://www.rmd.ac.in/iic/,http://maps.google.com/maps/api/js?sensor=false,maps.google.com,no,script,,no,
https://www.rmd.ac.in/edc/,http://cdnjs.cloudflare.com/ajax/libs/font-awesome/4.4.0/css/font-awesome.min.css,cdnjs.cloudflare.com,no,stylesheet,,yes,OTHER
https://www.rmd.ac.in/edc/,http://maps.google.com/maps/api/js?sensor=false,maps.google.com,no,script,,no,
https://www.rmd.ac.in/iedc/,http://cdnjs.cloudflare.com/ajax/libs/font-awesome/4.4.0/css/font-awesome.min.css,cdnjs.cloudflare.com,no,stylesheet,,yes,OTHER
https://www.rmd.ac.in/iedc/,http://maps.google.com/maps/api/js?sensor=false,maps.google.com,no,script,,no,
https://www.rmd.ac.in/msme/,http://cdnjs.cloudflare.com/ajax/libs/font-awesome/4.4.0/css/font-awesome.min.css,cdnjs.cloudflare.com,no,stylesheet,,yes,OTHER
https://www.rmd.ac.in/msme/,http://maps.google.com/maps/api/js?sensor=false,maps.google.com,no,script,,no,
https://www.rmd.ac.in/Startup/,http://cdnjs.cloudflare.com/ajax/libs/font-awesome/4.4.0/css/font-awesome.min.css,cdnjs.cloudflare.com,no,stylesheet,,yes,OTHER
https://www.rmd.ac.in/Startup/,http://maps.google.com/maps/api/js?sensor=false,maps.google.com,no,script,,no,
https://www.rmd.ac.in/IPR/,http://cdnjs.cloudflare.com/ajax/libs/font-awesome/4.4.0/css/font-awesome.min.css,cdnjs.cloudflare.com,no,stylesheet,,yes,OTHER
https://www.rmd.ac.in/IPR/,http://maps.google.com/maps/api/js?sensor=false,maps.google.com,no,script,,no,
https://www.rmd.ac.in/academics/Knowledge_partners.html,http://cdnjs.cloudflare.com/ajax/libs/font-awesome/4.4.0/css/font-awesome.min.css,cdnjs.cloudflare.com,no,stylesheet,,yes,OTHER
https://www.rmd.ac.in/academics/Knowledge_partners.html,https://www.iobnet.co.in/iobpay/entry.do?dirlinkmerid=RMDVEL&amp;dirlinkcatcd=EDU&quot,www.iobnet.co.in,no,area,Pay fee Online,no,
https://www.rmd.ac.in/academics/Knowledge_partners.html,https://www.youtube.com/watch?v=eQS8NXjw6oA,www.youtube.com,no,a,[img] cleck here,no,
https://www.rmd.ac.in/academics/Knowledge_partners.html,http://maps.google.com/maps/api/js?sensor=false,maps.google.com,no,script,,no,
https://www.rmd.ac.in/academics/Knowledge_partners.html,https://www.linkedin.com/in/rmdecprincipal,www.linkedin.com,no,a,Linkedin,no,
https://www.rmd.ac.in/academics/Knowledge_partners.html,https://twitter.com/rmdecprincipal,twitter.com,no,a,Twitter,no,
https://www.rmd.ac.in/academics/Knowledge_partners.html,https://www.youtube.com/c/RMDEngineeringCollege,www.youtube.com,no,a,Youtube,no,
https://www.rmd.ac.in/academics/Knowledge_partners.html,https://www.facebook.com/rmdecprincipal,www.facebook.com,no,a,Facebook,no,
https://www.rmd.ac.in/academics/Knowledge_partners.html,https://www.instagram.com/rmdecprincipal,www.instagram.com,no,a,Instagram,no,
https://www.rmd.ac.in/cfl/Objectives.html,http://cdnjs.cloudflare.com/ajax/libs/font-awesome/4.4.0/css/font-awesome.min.css,cdnjs.cloudflare.com,no,stylesheet,,yes,OTHER
https://www.rmd.ac.in/cfl/Objectives.html,http://maps.google.com/maps/api/js?sensor=false,maps.google.com,no,script,,no,
https://www.rmd.ac.in/cfl/contact.html,http://cdnjs.cloudflare.com/ajax/libs/font-awesome/4.4.0/css/font-awesome.min.css,cdnjs.cloudflare.com,no,stylesheet,,yes,OTHER
https://www.rmd.ac.in/cfl/contact.html,http://maps.google.com/maps/api/js?sensor=false,maps.google.com,no,script,,no,
https://www.rmd.ac.in/cfl/japanese.html,http://cdnjs.cloudflare.com/ajax/libs/font-awesome/4.4.0/css/font-awesome.min.css,cdnjs.cloudflare.com,no,stylesheet,,yes,OTHER
https://www.rmd.ac.in/cfl/japanese.html,http://maps.google.com/maps/api/js?sensor=false,maps.google.com,no,script,,no,
https://www.rmd.ac.in/cfl/german.html,http://cdnjs.cloudflare.com/ajax/libs/font-awesome/4.4.0/css/font-awesome.min.css,cdnjs.cloudflare.com,no,stylesheet,,yes,OTHER
https://www.rmd.ac.in/cfl/german.html,http://maps.google.com/maps/api/js?sensor=false,maps.google.com,no,script,,no,
https://www.rmd.ac.in/Onlinecourse/nptel.html,http://cdnjs.cloudflare.com/ajax/libs/font-awesome/4.4.0/css/font-awesome.min.css,cdnjs.cloudflare.com,no,stylesheet,,yes,OTHER
https://www.rmd.ac.in/Onlinecourse/nptel.html,https://www.iobnet.co.in/iobpay/entry.do?dirlinkmerid=RMDVEL&amp;dirlinkcatcd=EDU&quot,www.iobnet.co.in,no,area,Pay fee Online,no,
https://www.rmd.ac.in/Onlinecourse/nptel.html,https://drive.google.com/drive/u/2/folders/1-_sOJn0aFyi8XZaTwG1h1Bm3isWSWXRW,drive.google.com,no,a,View,no,
https://www.rmd.ac.in/Onlinecourse/nptel.html,https://drive.google.com/drive/u/2/folders/1BYyYIEIjc6y8A8atx9mQRYNyJUiK450u,drive.google.com,no,a,View,no,
https://www.rmd.ac.in/Onlinecourse/nptel.html,https://drive.google.com/drive/u/2/folders/1AWTqRsue5x8GQVWp8AFs2t9rcXj2I8RK,drive.google.com,no,a,View,no,
https://www.rmd.ac.in/Onlinecourse/nptel.html,https://drive.google.com/drive/u/2/folders/1REjxnx2p37nSQlubwvHAR0DNIFe2-XZf,drive.google.com,no,a,View,no,
https://www.rmd.ac.in/Onlinecourse/nptel.html,https://drive.google.com/drive/u/2/folders/13BENMAmmcGPW6fuECGN3PipisLcbiLrj,drive.google.com,no,a,View,no,
https://www.rmd.ac.in/Onlinecourse/nptel.html,https://drive.google.com/drive/u/2/folders/1mr358ru9lo97p5jQmHBOJWLfH9Sfkmu,drive.google.com,no,a,View,no,
https://www.rmd.ac.in/Onlinecourse/nptel.html,https://drive.google.com/drive/u/2/folders/10atKG5s3K7DHyORdAFU8h86d0_PWBqN0,drive.google.com,no,a,View,no,
https://www.rmd.ac.in/Onlinecourse/nptel.html,https://drive.google.com/drive/u/2/folders/1z52zQhMaBOdohiQMaaxsb8m4BqttJD4O,drive.google.com,no,a,View,no,
https://www.rmd.ac.in/Onlinecourse/nptel.html,https://drive.google.com/drive/u/2/folders/1iraCk9QFbMM_7PHnuVmMsp6vb_4qWN_Y,drive.google.com,no,a,View,no,
https://www.rmd.ac.in/Onlinecourse/nptel.html,https://drive.google.com/drive/u/2/folders/1jW7wCNMNQB1p3sO4RHrXLdiHyu77Rqfg,drive.google.com,no,a,View,no,
https://www.rmd.ac.in/Onlinecourse/nptel.html,https://code.jquery.com/jquery-3.4.1.min.js,code.jquery.com,no,script,,yes,OTHER
https://www.rmd.ac.in/Onlinecourse/nptel.html,http://maps.google.com/maps/api/js?sensor=false,maps.google.com,no,script,,no,
https://www.rmd.ac.in/Onlinecourse/others.html,http://cdnjs.cloudflare.com/ajax/libs/font-awesome/4.4.0/css/font-awesome.min.css,cdnjs.cloudflare.com,no,stylesheet,,yes,OTHER
https://www.rmd.ac.in/Onlinecourse/others.html,https://www.iobnet.co.in/iobpay/entry.do?dirlinkmerid=RMDVEL&amp;dirlinkcatcd=EDU&quot,www.iobnet.co.in,no,area,Pay fee Online,no,
https://www.rmd.ac.in/Onlinecourse/others.html,https://drive.google.com/drive/u/2/folders/115-MHHloC8kkEsjsnSphnLj7kML5zHXW,drive.google.com,no,a,View,no,
https://www.rmd.ac.in/Onlinecourse/others.html,https://drive.google.com/drive/u/2/folders/1-_kxaFS6GWM2hxR8yKQpVOSPV3di5MDO,drive.google.com,no,a,View,no,
https://www.rmd.ac.in/Onlinecourse/others.html,https://drive.google.com/drive/u/2/folders/10G9wTi5owjTsNVUn2NcFvEj9mMQbKngI,drive.google.com,no,a,View,no,
https://www.rmd.ac.in/Onlinecourse/others.html,https://drive.google.com/drive/u/2/folders/1nJFlHVkQdJm0UdXlnL_zdjDAlDJ8TWTt,drive.google.com,no,a,View,no,
https://www.rmd.ac.in/Onlinecourse/others.html,https://drive.google.com/drive/u/2/folders/1eRhZChXmPIW5BDqLztYHL3TnNIO6vNhq,drive.google.com,no,a,View,no,
https://www.rmd.ac.in/Onlinecourse/others.html,https://code.jquery.com/jquery-3.4.1.min.js,code.jquery.com,no,script,,yes,OTHER
https://www.rmd.ac.in/Onlinecourse/others.html,http://maps.google.com/maps/api/js?sensor=false,maps.google.com,no,script,,no,
https://www.rmd.ac.in/Onlinecourse/awards.html,http://cdnjs.cloudflare.com/ajax/libs/font-awesome/4.4.0/css/font-awesome.min.css,cdnjs.cloudflare.com,no,stylesheet,,yes,OTHER
https://www.rmd.ac.in/Onlinecourse/awards.html,https://www.iobnet.co.in/iobpay/entry.do?dirlinkmerid=RMDVEL&amp;dirlinkcatcd=EDU&quot,www.iobnet.co.in,no,area,Pay fee Online,no,
https://www.rmd.ac.in/Onlinecourse/awards.html,https://code.jquery.com/jquery-3.4.1.min.js,code.jquery.com,no,script,,yes,OTHER
https://www.rmd.ac.in/Onlinecourse/awards.html,http://maps.google.com/maps/api/js?sensor=false,maps.google.com,no,script,,no,
https://www.rmd.ac.in/Onlinecourse/oer.html,http://cdnjs.cloudflare.com/ajax/libs/font-awesome/4.4.0/css/font-awesome.min.css,cdnjs.cloudflare.com,no,stylesheet,,yes,OTHER
https://www.rmd.ac.in/Onlinecourse/oer.html,https://www.iobnet.co.in/iobpay/entry.do?dirlinkmerid=RMDVEL&amp;dirlinkcatcd=EDU&quot,www.iobnet.co.in,no,area,Pay fee Online,no,
https://www.rmd.ac.in/Onlinecourse/oer.html,http://maps.google.com/maps/api/js?sensor=false,maps.google.com,no,script,,no,
https://www.rmd.ac.in/Onlinecourse/contact.html,http://cdnjs.cloudflare.com/ajax/libs/font-awesome/4.4.0/css/font-awesome.min.css,cdnjs.cloudflare.com,no,stylesheet,,yes,OTHER
https://www.rmd.ac.in/Onlinecourse/contact.html,https://www.iobnet.co.in/iobpay/entry.do?dirlinkmerid=RMDVEL&amp;dirlinkcatcd=EDU&quot,www.iobnet.co.in,no,area,Pay fee Online,no,
https://www.rmd.ac.in/Onlinecourse/contact.html,http://maps.google.com/maps/api/js?sensor=false,maps.google.com,no,script,,no,
https://www.rmd.ac.in/eco/,http://cdnjs.cloudflare.com/ajax/libs/font-awesome/4.4.0/css/font-awesome.min.css,cdnjs.cloudflare.com,no,stylesheet,,yes,OTHER
https://www.rmd.ac.in/eco/,https://www.iobnet.co.in/iobpay/entry.do?dirlinkmerid=RMDVEL&amp;dirlinkcatcd=EDU&quot,www.iobnet.co.in,no,area,Pay fee Online,no,
https://www.rmd.ac.in/eco/,http://maps.google.com/maps/api/js?sensor=false,maps.google.com,no,script,,no,
https://www.rmd.ac.in/yrc/,http://cdnjs.cloudflare.com/ajax/libs/font-awesome/4.4.0/css/font-awesome.min.css,cdnjs.cloudflare.com,no,stylesheet,,yes,OTHER
https://www.rmd.ac.in/yrc/,http://maps.google.com/maps/api/js?sensor=false,maps.google.com,no,script,,no,
https://www.rmd.ac.in/nss/,http://cdnjs.cloudflare.com/ajax/libs/font-awesome/4.4.0/css/font-awesome.min.css,cdnjs.cloudflare.com,no,stylesheet,,yes,OTHER
https://www.rmd.ac.in/nss/,http://maps.google.com/maps/api/js?sensor=false,maps.google.com,no,script,,no,
https://www.rmd.ac.in/UHV_club/,http://cdnjs.cloudflare.com/ajax/libs/font-awesome/4.4.0/css/font-awesome.min.css,cdnjs.cloudflare.com,no,stylesheet,,yes,OTHER
https://www.rmd.ac.in/UHV_club/,https://www.iobnet.co.in/iobpay/entry.do?dirlinkmerid=RMDVEL&amp;dirlinkcatcd=EDU&quot,www.iobnet.co.in,no,area,Pay fee Online,no,
https://www.rmd.ac.in/UHV_club/,http://maps.google.com/maps/api/js?sensor=false,maps.google.com,no,script,,no,
https://www.rmd.ac.in/math/,http://cdnjs.cloudflare.com/ajax/libs/font-awesome/4.4.0/css/font-awesome.min.css,cdnjs.cloudflare.com,no,stylesheet,,yes,OTHER
https://www.rmd.ac.in/math/,https://www.iobnet.co.in/iobpay/entry.do?dirlinkmerid=RMDVEL&amp;dirlinkcatcd=EDU&quot,www.iobnet.co.in,no,area,Pay fee Online,no,
https://www.rmd.ac.in/math/,http://maps.google.com/maps/api/js?sensor=false,maps.google.com,no,script,,no,
https://www.rmd.ac.in/Tech_club/,http://cdnjs.cloudflare.com/ajax/libs/font-awesome/4.4.0/css/font-awesome.min.css,cdnjs.cloudflare.com,no,stylesheet,,yes,OTHER
https://www.rmd.ac.in/Tech_club/,https://www.iobnet.co.in/iobpay/entry.do?dirlinkmerid=RMDVEL&amp;dirlinkcatcd=EDU&quot,www.iobnet.co.in,no,area,Pay fee Online,no,
https://www.rmd.ac.in/Tech_club/,http://maps.google.com/maps/api/js?sensor=false,maps.google.com,no,script,,no,
https://www.rmd.ac.in/Science_club/,http://cdnjs.cloudflare.com/ajax/libs/font-awesome/4.4.0/css/font-awesome.min.css,cdnjs.cloudflare.com,no,stylesheet,,yes,OTHER
https://www.rmd.ac.in/Science_club/,https://www.iobnet.co.in/iobpay/entry.do?dirlinkmerid=RMDVEL&amp;dirlinkcatcd=EDU&quot,www.iobnet.co.in,no,area,Pay fee Online,no,
https://www.rmd.ac.in/Science_club/,http://maps.google.com/maps/api/js?sensor=false,maps.google.com,no,script,,no,
https://www.rmd.ac.in/Coding_club/,http://cdnjs.cloudflare.com/ajax/libs/font-awesome/4.4.0/css/font-awesome.min.css,cdnjs.cloudflare.com,no,stylesheet,,yes,OTHER
https://www.rmd.ac.in/Coding_club/,https://www.iobnet.co.in/iobpay/entry.do?dirlinkmerid=RMDVEL&amp;dirlinkcatcd=EDU&quot,www.iobnet.co.in,no,area,Pay fee Online,no,
https://www.rmd.ac.in/Coding_club/,http://maps.google.com/maps/api/js?sensor=false,maps.google.com,no,script,,no,
https://www.rmd.ac.in/Language_club/,http://cdnjs.cloudflare.com/ajax/libs/font-awesome/4.4.0/css/font-awesome.min.css,cdnjs.cloudflare.com,no,stylesheet,,yes,OTHER
https://www.rmd.ac.in/Language_club/,https://www.iobnet.co.in/iobpay/entry.do?dirlinkmerid=RMDVEL&amp;dirlinkcatcd=EDU&quot,www.iobnet.co.in,no,area,Pay fee Online,no,
https://www.rmd.ac.in/Language_club/,http://maps.google.com/maps/api/js?sensor=false,maps.google.com,no,script,,no,
https://www.rmd.ac.in/yoga/,http://cdnjs.cloudflare.com/ajax/libs/font-awesome/4.4.0/css/font-awesome.min.css,cdnjs.cloudflare.com,no,stylesheet,,yes,OTHER
https://www.rmd.ac.in/yoga/,http://maps.google.com/maps/api/js?sensor=false,maps.google.com,no,script,,no,
https://www.rmd.ac.in/Photo_club/,http://cdnjs.cloudflare.com/ajax/libs/font-awesome/4.4.0/css/font-awesome.min.css,cdnjs.cloudflare.com,no,stylesheet,,yes,OTHER
https://www.rmd.ac.in/Photo_club/,https://www.iobnet.co.in/iobpay/entry.do?dirlinkmerid=RMDVEL&amp;dirlinkcatcd=EDU&quot,www.iobnet.co.in,no,area,Pay fee Online,no,
https://www.rmd.ac.in/Photo_club/,http://maps.google.com/maps/api/js?sensor=false,maps.google.com,no,script,,no,
https://www.rmd.ac.in/Cultural_club/,http://cdnjs.cloudflare.com/ajax/libs/font-awesome/4.4.0/css/font-awesome.min.css,cdnjs.cloudflare.com,no,stylesheet,,yes,OTHER
https://www.rmd.ac.in/Cultural_club/,https://www.iobnet.co.in/iobpay/entry.do?dirlinkmerid=RMDVEL&amp;dirlinkcatcd=EDU&quot,www.iobnet.co.in,no,area,Pay fee Online,no,
https://www.rmd.ac.in/Cultural_club/,http://maps.google.com/maps/api/js?sensor=false,maps.google.com,no,script,,no,
https://www.rmd.ac.in/cultural/,http://cdnjs.cloudflare.com/ajax/libs/font-awesome/4.4.0/css/font-awesome.min.css,cdnjs.cloudflare.com,no,stylesheet,,yes,OTHER
https://www.rmd.ac.in/cultural/,http://maps.google.com/maps/api/js?sensor=false,maps.google.com,no,script,,no,
https://www.rmd.ac.in/wec/,http://cdnjs.cloudflare.com/ajax/libs/font-awesome/4.4.0/css/font-awesome.min.css,cdnjs.cloudflare.com,no,stylesheet,,yes,OTHER
https://www.rmd.ac.in/wec/,http://maps.google.com/maps/api/js?sensor=false,maps.google.com,no,script,,no,
https://www.rmd.ac.in/rmdec_ieee_student_branch/,https://officers.vtools.ieee.org/,officers.vtools.ieee.org,no,a,https://officers.vtools.ieee.org/,no,
https://www.rmd.ac.in/rmdec_ieee_student_branch/,https://sbr.vtools.ieee.org/,sbr.vtools.ieee.org,no,a,https://sbr.vtools.ieee.org/,no,
https://www.rmd.ac.in/rmdec_ieee_student_branch/,https://officers.vtools.ieee.org/.,officers.vtools.ieee.org,no,a,https://officers.vtools.ieee.org/.,no,
https://www.rmd.ac.in/rmdec_ieee_student_branch/,https://events.vtools.ieee.org/,events.vtools.ieee.org,no,a,https://events.vtools.ieee.org/,no,
https://www.rmd.ac.in/rmdec_ieee_student_branch/,https://www.ieee.org/,www.ieee.org,no,a,IEEE Org,no,
https://www.rmd.ac.in/rmdec_ieee_student_branch/,https://www.ieee.org/membership/join/index.html,www.ieee.org,no,a,Join IEEE,no,
https://www.rmd.ac.in/rmdec_ieee_student_branch/,https://www.ieee.org/membership/renew.html,www.ieee.org,no,a,Renew Membership,no,
https://www.rmd.ac.in/Idea_Lab/vm.html,http://cdnjs.cloudflare.com/ajax/libs/font-awesome/4.4.0/css/font-awesome.min.css,cdnjs.cloudflare.com,no,stylesheet,,yes,OTHER
https://www.rmd.ac.in/Idea_Lab/vm.html,https://www.iobnet.co.in/iobpay/entry.do?dirlinkmerid=RMDVEL&amp;dirlinkcatcd=EDU&quot,www.iobnet.co.in,no,area,Pay fee Online,no,
https://www.rmd.ac.in/Idea_Lab/vm.html,http://maps.google.com/maps/api/js?sensor=false,maps.google.com,no,script,,no,
https://www.rmd.ac.in/Idea_Lab/abouteco.html,http://cdnjs.cloudflare.com/ajax/libs/font-awesome/4.4.0/css/font-awesome.min.css,cdnjs.cloudflare.com,no,stylesheet,,yes,OTHER
https://www.rmd.ac.in/Idea_Lab/abouteco.html,https://www.iobnet.co.in/iobpay/entry.do?dirlinkmerid=RMDVEL&amp;dirlinkcatcd=EDU&quot,www.iobnet.co.in,no,area,Pay fee Online,no,
https://www.rmd.ac.in/Idea_Lab/abouteco.html,http://maps.google.com/maps/api/js?sensor=false,maps.google.com,no,script,,no,
https://www.rmd.ac.in/Idea_Lab/activities.html,http://cdnjs.cloudflare.com/ajax/libs/font-awesome/4.4.0/css/font-awesome.min.css,cdnjs.cloudflare.com,no,stylesheet,,yes,OTHER
https://www.rmd.ac.in/Idea_Lab/activities.html,https://www.iobnet.co.in/iobpay/entry.do?dirlinkmerid=RMDVEL&amp;dirlinkcatcd=EDU&quot,www.iobnet.co.in,no,area,Pay fee Online,no,
https://www.rmd.ac.in/Idea_Lab/activities.html,http://maps.google.com/maps/api/js?sensor=false,maps.google.com,no,script,,no,
https://www.rmd.ac.in/Idea_Lab/contact.html,http://cdnjs.cloudflare.com/ajax/libs/font-awesome/4.4.0/css/font-awesome.min.css,cdnjs.cloudflare.com,no,stylesheet,,yes,OTHER
https://www.rmd.ac.in/Idea_Lab/contact.html,https://www.iobnet.co.in/iobpay/entry.do?dirlinkmerid=RMDVEL&amp;dirlinkcatcd=EDU&quot,www.iobnet.co.in,no,area,Pay fee Online,no,
https://www.rmd.ac.in/Idea_Lab/contact.html,http://maps.google.com/maps/api/js?sensor=false,maps.google.com,no,script,,no,
https://www.rmd.ac.in/Feedback/Student.html,http://cdnjs.cloudflare.com/ajax/libs/font-awesome/4.4.0/css/font-awesome.min.css,cdnjs.cloudflare.com,no,stylesheet,,yes,OTHER
https://www.rmd.ac.in/Feedback/Student.html,http://maps.google.com/maps/api/js?sensor=false,maps.google.com,no,script,,no,
https://www.rmd.ac.in/Feedback/Parent.html,http://cdnjs.cloudflare.com/ajax/libs/font-awesome/4.4.0/css/font-awesome.min.css,cdnjs.cloudflare.com,no,stylesheet,,yes,OTHER
https://www.rmd.ac.in/Feedback/Parent.html,http://maps.google.com/maps/api/js?sensor=false,maps.google.com,no,script,,no,
https://www.rmd.ac.in/Feedback/Faculty.html,http://cdnjs.cloudflare.com/ajax/libs/font-awesome/4.4.0/css/font-awesome.min.css,cdnjs.cloudflare.com,no,stylesheet,,yes,OTHER
https://www.rmd.ac.in/Feedback/Faculty.html,http://maps.google.com/maps/api/js?sensor=false,maps.google.com,no,script,,no,
https://www.rmd.ac.in/Feedback/Alumni.html,http://cdnjs.cloudflare.com/ajax/libs/font-awesome/4.4.0/css/font-awesome.min.css,cdnjs.cloudflare.com,no,stylesheet,,yes,OTHER
https://www.rmd.ac.in/Feedback/Alumni.html,http://maps.google.com/maps/api/js?sensor=false,maps.google.com,no,script,,no,
https://www.rmd.ac.in/iqac/composition.html,http://cdnjs.cloudflare.com/ajax/libs/font-awesome/4.4.0/css/font-awesome.min.css,cdnjs.cloudflare.com,no,stylesheet,,yes,OTHER
https://www.rmd.ac.in/iqac/composition.html,http://maps.google.com/maps/api/js?sensor=false,maps.google.com,no,script,,no,
https://www.rmd.ac.in/iqac/members.html,http://cdnjs.cloudflare.com/ajax/libs/font-awesome/4.4.0/css/font-awesome.min.css,cdnjs.cloudflare.com,no,stylesheet,,yes,OTHER
https://www.rmd.ac.in/iqac/members.html,http://maps.google.com/maps/api/js?sensor=false,maps.google.com,no,script,,no,
https://www.rmd.ac.in/iqac/mom.html,http://cdnjs.cloudflare.com/ajax/libs/font-awesome/4.4.0/css/font-awesome.min.css,cdnjs.cloudflare.com,no,stylesheet,,yes,OTHER
https://www.rmd.ac.in/iqac/mom.html,http://maps.google.com/maps/api/js?sensor=false,maps.google.com,no,script,,no,
https://www.rmd.ac.in/iqac/aqar.html,http://cdnjs.cloudflare.com/ajax/libs/font-awesome/4.4.0/css/font-awesome.min.css,cdnjs.cloudflare.com,no,stylesheet,,yes,OTHER
https://www.rmd.ac.in/iqac/aqar.html,http://maps.google.com/maps/api/js?sensor=false,maps.google.com,no,script,,no,
https://www.rmd.ac.in/iqac/bp.html,http://cdnjs.cloudflare.com/ajax/libs/font-awesome/4.4.0/css/font-awesome.min.css,cdnjs.cloudflare.com,no,stylesheet,,yes,OTHER
https://www.rmd.ac.in/iqac/bp.html,http://maps.google.com/maps/api/js?sensor=false,maps.google.com,no,script,,no,
https://www.rmd.ac.in/iqac/cies.html,http://cdnjs.cloudflare.com/ajax/libs/font-awesome/4.4.0/css/font-awesome.min.css,cdnjs.cloudflare.com,no,stylesheet,,yes,OTHER
https://www.rmd.ac.in/iqac/cies.html,http://maps.google.com/maps/api/js?sensor=false,maps.google.com,no,script,,no,
https://www.rmd.ac.in/iqac/id.html,http://cdnjs.cloudflare.com/ajax/libs/font-awesome/4.4.0/css/font-awesome.min.css,cdnjs.cloudflare.com,no,stylesheet,,yes,OTHER
https://www.rmd.ac.in/iqac/id.html,http://maps.google.com/maps/api/js?sensor=false,maps.google.com,no,script,,no,
https://www.rmd.ac.in/iqac/contact.html,http://cdnjs.cloudflare.com/ajax/libs/font-awesome/4.4.0/css/font-awesome.min.css,cdnjs.cloudflare.com,no,stylesheet,,yes,OTHER
https://www.rmd.ac.in/iqac/contact.html,http://www.rmkcet.ac.in/,www.rmkcet.ac.in,no,a,http://www.rmd.ac.in,no,
https://www.rmd.ac.in/iqac/contact.html,http://maps.google.com/maps/api/js?sensor=false,maps.google.com,no,script,,no,
https://www.rmd.ac.in/sports/2019-2020.html,http://cdnjs.cloudflare.com/ajax/libs/font-awesome/4.4.0/css/font-awesome.min.css,cdnjs.cloudflare.com,no,stylesheet,,yes,OTHER
https://www.rmd.ac.in/sports/2019-2020.html,https://ajax.googleapis.com/ajax/libs/jquery/1.11.2/jquery.min.js,ajax.googleapis.com,no,script,,yes,OTHER
https://www.rmd.ac.in/sports/2019-2020.html,http://maps.google.com/maps/api/js?sensor=false,maps.google.com,no,script,,no,
https://www.rmd.ac.in/sports/2019-2020.html,https://cdn.jsdelivr.net/picturefill/2.3.1/picturefill.min.js,cdn.jsdelivr.net,no,script,,yes,OTHER
https://www.rmd.ac.in/sports/2018-2019.html,http://cdnjs.cloudflare.com/ajax/libs/font-awesome/4.4.0/css/font-awesome.min.css,cdnjs.cloudflare.com,no,stylesheet,,yes,OTHER
https://www.rmd.ac.in/sports/2018-2019.html,https://ajax.googleapis.com/ajax/libs/jquery/1.11.2/jquery.min.js,ajax.googleapis.com,no,script,,yes,OTHER
https://www.rmd.ac.in/sports/2018-2019.html,http://maps.google.com/maps/api/js?sensor=false,maps.google.com,no,script,,no,
https://www.rmd.ac.in/sports/2018-2019.html,https://cdn.jsdelivr.net/picturefill/2.3.1/picturefill.min.js,cdn.jsdelivr.net,no,script,,yes,OTHER
https://www.rmd.ac.in/sports/2017-2018.html,http://cdnjs.cloudflare.com/ajax/libs/font-awesome/4.4.0/css/font-awesome.min.css,cdnjs.cloudflare.com,no,stylesheet,,yes,OTHER
https://www.rmd.ac.in/sports/2017-2018.html,https://ajax.googleapis.com/ajax/libs/jquery/1.11.2/jquery.min.js,ajax.googleapis.com,no,script,,yes,OTHER
https://www.rmd.ac.in/sports/2017-2018.html,http://maps.google.com/maps/api/js?sensor=false,maps.google.com,no,script,,no,
https://www.rmd.ac.in/sports/2017-2018.html,https://cdn.jsdelivr.net/picturefill/2.3.1/picturefill.min.js,cdn.jsdelivr.net,no,script,,yes,OTHER
https://www.rmd.ac.in/sports/2016-2017.html,http://cdnjs.cloudflare.com/ajax/libs/font-awesome/4.4.0/css/font-awesome.min.css,cdnjs.cloudflare.com,no,stylesheet,,yes,OTHER
https://www.rmd.ac.in/sports/2016-2017.html,https://ajax.googleapis.com/ajax/libs/jquery/1.11.2/jquery.min.js,ajax.googleapis.com,no,script,,yes,OTHER
https://www.rmd.ac.in/sports/2016-2017.html,http://maps.google.com/maps/api/js?sensor=false,maps.google.com,no,script,,no,
https://www.rmd.ac.in/sports/2016-2017.html,https://cdn.jsdelivr.net/picturefill/2.3.1/picturefill.min.js,cdn.jsdelivr.net,no,script,,yes,OTHER
https://www.rmd.ac.in/sports/2015-2016.html,http://cdnjs.cloudflare.com/ajax/libs/font-awesome/4.4.0/css/font-awesome.min.css,cdnjs.cloudflare.com,no,stylesheet,,yes,OTHER
https://www.rmd.ac.in/sports/2015-2016.html,https://ajax.googleapis.com/ajax/libs/jquery/1.11.2/jquery.min.js,ajax.googleapis.com,no,script,,yes,OTHER
https://www.rmd.ac.in/sports/2015-2016.html,http://maps.google.com/maps/api/js?sensor=false,maps.google.com,no,script,,no,
https://www.rmd.ac.in/sports/2015-2016.html,https://cdn.jsdelivr.net/picturefill/2.3.1/picturefill.min.js,cdn.jsdelivr.net,no,script,,yes,OTHER
https://www.rmd.ac.in/sports/2014-2015.html,http://cdnjs.cloudflare.com/ajax/libs/font-awesome/4.4.0/css/font-awesome.min.css,cdnjs.cloudflare.com,no,stylesheet,,yes,OTHER
https://www.rmd.ac.in/sports/2014-2015.html,https://ajax.googleapis.com/ajax/libs/jquery/1.11.2/jquery.min.js,ajax.googleapis.com,no,script,,yes,OTHER
https://www.rmd.ac.in/sports/2014-2015.html,http://maps.google.com/maps/api/js?sensor=false,maps.google.com,no,script,,no,
https://www.rmd.ac.in/sports/2014-2015.html,https://cdn.jsdelivr.net/picturefill/2.3.1/picturefill.min.js,cdn.jsdelivr.net,no,script,,yes,OTHER
https://www.rmd.ac.in/naac/,http://cdnjs.cloudflare.com/ajax/libs/font-awesome/4.4.0/css/font-awesome.min.css,cdnjs.cloudflare.com,no,stylesheet,,yes,OTHER
https://www.rmd.ac.in/naac/,http://maps.google.com/maps/api/js?sensor=false,maps.google.com,no,script,,no,
https://www.rmd.ac.in/naac/Criteria_2.html,http://cdnjs.cloudflare.com/ajax/libs/font-awesome/4.4.0/css/font-awesome.min.css,cdnjs.cloudflare.com,no,stylesheet,,yes,OTHER
https://www.rmd.ac.in/naac/Criteria_2.html,http://maps.google.com/maps/api/js?sensor=false,maps.google.com,no,script,,no,
https://www.rmd.ac.in/naac/Criteria_3.html,http://cdnjs.cloudflare.com/ajax/libs/font-awesome/4.4.0/css/font-awesome.min.css,cdnjs.cloudflare.com,no,stylesheet,,yes,OTHER
https://www.rmd.ac.in/naac/Criteria_3.html,http://maps.google.com/maps/api/js?sensor=false,maps.google.com,no,script,,no,
https://www.rmd.ac.in/naac/Criteria_4.html,http://cdnjs.cloudflare.com/ajax/libs/font-awesome/4.4.0/css/font-awesome.min.css,cdnjs.cloudflare.com,no,stylesheet,,yes,OTHER
https://www.rmd.ac.in/naac/Criteria_4.html,http://maps.google.com/maps/api/js?sensor=false,maps.google.com,no,script,,no,
https://www.rmd.ac.in/naac/Criteria_5.html,http://cdnjs.cloudflare.com/ajax/libs/font-awesome/4.4.0/css/font-awesome.min.css,cdnjs.cloudflare.com,no,stylesheet,,yes,OTHER
https://www.rmd.ac.in/naac/Criteria_5.html,http://maps.google.com/maps/api/js?sensor=false,maps.google.com,no,script,,no,
https://www.rmd.ac.in/naac/Criteria_6.html,http://cdnjs.cloudflare.com/ajax/libs/font-awesome/4.4.0/css/font-awesome.min.css,cdnjs.cloudflare.com,no,stylesheet,,yes,OTHER
https://www.rmd.ac.in/naac/Criteria_6.html,http://maps.google.com/maps/api/js?sensor=false,maps.google.com,no,script,,no,
https://www.rmd.ac.in/naac/Criteria_7.html,http://cdnjs.cloudflare.com/ajax/libs/font-awesome/4.4.0/css/font-awesome.min.css,cdnjs.cloudflare.com,no,stylesheet,,yes,OTHER
https://www.rmd.ac.in/naac/Criteria_7.html,http://maps.google.com/maps/api/js?sensor=false,maps.google.com,no,script,,no,
https://www.rmd.ac.in/ICIETDW_24/comittee.html,https://cdn.jsdelivr.net/npm/bootstrap@5.2.2/dist/css/bootstrap.min.css,cdn.jsdelivr.net,no,stylesheet,,yes,OTHER
https://www.rmd.ac.in/ICIETDW_24/comittee.html,https://cdnjs.cloudflare.com/ajax/libs/font-awesome/6.0.0/css/all.min.css,cdnjs.cloudflare.com,no,stylesheet,,yes,OTHER
https://www.rmd.ac.in/ICIETDW_24/comittee.html,https://cdn.jsdelivr.net/npm/@fortawesome/fontawesome-free@6.0.0/css/all.min.css,cdn.jsdelivr.net,no,stylesheet,,yes,OTHER
https://www.rmd.ac.in/ICIETDW_24/comittee.html,https://cdn.jsdelivr.net/npm/bootstrap@5.0.2/dist/js/bootstrap.bundle.min.js,cdn.jsdelivr.net,no,script,,yes,OTHER
https://www.rmd.ac.in/ICIETDW_24/comittee.html,https://code.jquery.com/jquery-3.2.1.slim.min.js,code.jquery.com,no,script,,yes,OTHER
https://www.rmd.ac.in/ICIETDW_24/comittee.html,https://cdn.jsdelivr.net/npm/popper.js@1.12.9/dist/umd/popper.min.js,cdn.jsdelivr.net,no,script,,yes,OTHER
https://www.rmd.ac.in/ICIETDW_24/comittee.html,https://cdn.jsdelivr.net/npm/bootstrap@4.0.0/dist/js/bootstrap.min.js,cdn.jsdelivr.net,no,script,,yes,OTHER
https://www.rmd.ac.in/ICIETDW_24/comittee.html,https://www.facebook.com/rmdecprincipal,www.facebook.com,no,a,,no,
https://www.rmd.ac.in/ICIETDW_24/comittee.html,https://twitter.com/rmdecprincipal,twitter.com,no,a,,no,
https://www.rmd.ac.in/ICIETDW_24/comittee.html,https://www.instagram.com/rmd_institution/,www.instagram.com,no,a,,no,
https://www.rmd.ac.in/ICIETDW_24/comittee.html,https://www.linkedin.com/company/rmd-institution/about/,www.linkedin.com,no,a,,no,
https://www.rmd.ac.in/ICIETDW_24/comittee.html,https://www.youtube.com/c/RMDEnggCollege,www.youtube.com,no,a,,no,
https://www.rmd.ac.in/ICIETDW_24/callforpapers.html,https://cdn.jsdelivr.net/npm/bootstrap@5.2.2/dist/css/bootstrap.min.css,cdn.jsdelivr.net,no,stylesheet,,yes,OTHER
https://www.rmd.ac.in/ICIETDW_24/callforpapers.html,https://cdnjs.cloudflare.com/ajax/libs/font-awesome/6.0.0/css/all.min.css,cdnjs.cloudflare.com,no,stylesheet,,yes,OTHER
https://www.rmd.ac.in/ICIETDW_24/callforpapers.html,https://cdn.jsdelivr.net/npm/@fortawesome/fontawesome-free@6.0.0/css/all.min.css,cdn.jsdelivr.net,no,stylesheet,,yes,OTHER
https://www.rmd.ac.in/ICIETDW_24/callforpapers.html,https://code.jquery.com/jquery-3.2.1.slim.min.js,code.jquery.com,no,script,,yes,OTHER
https://www.rmd.ac.in/ICIETDW_24/callforpapers.html,https://cdn.jsdelivr.net/npm/popper.js@1.12.9/dist/umd/popper.min.js,cdn.jsdelivr.net,no,script,,yes,OTHER
https://www.rmd.ac.in/ICIETDW_24/callforpapers.html,https://cdn.jsdelivr.net/npm/bootstrap@4.0.0/dist/js/bootstrap.min.js,cdn.jsdelivr.net,no,script,,yes,OTHER
https://www.rmd.ac.in/ICIETDW_24/callforpapers.html,https://www.facebook.com/rmdecprincipal,www.facebook.com,no,a,,no,
https://www.rmd.ac.in/ICIETDW_24/callforpapers.html,https://twitter.com/rmdecprincipal,twitter.com,no,a,,no,
https://www.rmd.ac.in/ICIETDW_24/callforpapers.html,https://www.instagram.com/rmd_institution/,www.instagram.com,no,a,,no,
https://www.rmd.ac.in/ICIETDW_24/callforpapers.html,https://www.linkedin.com/company/rmd-institution/about/,www.linkedin.com,no,a,,no,
https://www.rmd.ac.in/ICIETDW_24/callforpapers.html,https://www.youtube.com/c/RMDEnggCollege,www.youtube.com,no,a,,no,
https://www.rmd.ac.in/ICIETDW_24/keynote.html,https://cdn.jsdelivr.net/npm/bootstrap@5.2.2/dist/css/bootstrap.min.css,cdn.jsdelivr.net,no,stylesheet,,yes,OTHER
https://www.rmd.ac.in/ICIETDW_24/keynote.html,https://cdnjs.cloudflare.com/ajax/libs/font-awesome/6.0.0/css/all.min.css,cdnjs.cloudflare.com,no,stylesheet,,yes,OTHER
https://www.rmd.ac.in/ICIETDW_24/keynote.html,https://cdn.jsdelivr.net/npm/@fortawesome/fontawesome-free@6.0.0/css/all.min.css,cdn.jsdelivr.net,no,stylesheet,,yes,OTHER
https://www.rmd.ac.in/ICIETDW_24/keynote.html,https://code.jquery.com/jquery-3.2.1.slim.min.js,code.jquery.com,no,script,,yes,OTHER
https://www.rmd.ac.in/ICIETDW_24/keynote.html,https://cdn.jsdelivr.net/npm/popper.js@1.12.9/dist/umd/popper.min.js,cdn.jsdelivr.net,no,script,,yes,OTHER
https://www.rmd.ac.in/ICIETDW_24/keynote.html,https://cdn.jsdelivr.net/npm/bootstrap@4.0.0/dist/js/bootstrap.min.js,cdn.jsdelivr.net,no,script,,yes,OTHER
https://www.rmd.ac.in/ICIETDW_24/keynote.html,https://www.facebook.com/rmdecprincipal,www.facebook.com,no,a,,no,
https://www.rmd.ac.in/ICIETDW_24/keynote.html,https://twitter.com/rmdecprincipal,twitter.com,no,a,,no,
https://www.rmd.ac.in/ICIETDW_24/keynote.html,https://www.instagram.com/rmd_institution/,www.instagram.com,no,a,,no,
https://www.rmd.ac.in/ICIETDW_24/keynote.html,https://www.linkedin.com/company/rmd-institution/about/,www.linkedin.com,no,a,,no,
https://www.rmd.ac.in/ICIETDW_24/keynote.html,https://www.youtube.com/c/RMDEnggCollege,www.youtube.com,no,a,,no,
https://www.rmd.ac.in/ICIETDW_24/submission.html,https://cdn.jsdelivr.net/npm/bootstrap@5.2.2/dist/css/bootstrap.min.css,cdn.jsdelivr.net,no,stylesheet,,yes,OTHER
https://www.rmd.ac.in/ICIETDW_24/submission.html,https://cdnjs.cloudflare.com/ajax/libs/font-awesome/6.0.0/css/all.min.css,cdnjs.cloudflare.com,no,stylesheet,,yes,OTHER
https://www.rmd.ac.in/ICIETDW_24/submission.html,https://cdn.jsdelivr.net/npm/@fortawesome/fontawesome-free@6.0.0/css/all.min.css,cdn.jsdelivr.net,no,stylesheet,,yes,OTHER
https://www.rmd.ac.in/ICIETDW_24/submission.html,https://code.jquery.com/jquery-3.2.1.slim.min.js,code.jquery.com,no,script,,yes,OTHER
https://www.rmd.ac.in/ICIETDW_24/submission.html,https://cdn.jsdelivr.net/npm/popper.js@1.12.9/dist/umd/popper.min.js,cdn.jsdelivr.net,no,script,,yes,OTHER
https://www.rmd.ac.in/ICIETDW_24/submission.html,https://cdn.jsdelivr.net/npm/bootstrap@4.0.0/dist/js/bootstrap.min.js,cdn.jsdelivr.net,no,script,,yes,OTHER
https://www.rmd.ac.in/ICIETDW_24/submission.html,https://www.facebook.com/rmdecprincipal,www.facebook.com,no,a,,no,
https://www.rmd.ac.in/ICIETDW_24/submission.html,https://twitter.com/rmdecprincipal,twitter.com,no,a,,no,
https://www.rmd.ac.in/ICIETDW_24/submission.html,https://www.instagram.com/rmd_institution/,www.instagram.com,no,a,,no,
https://www.rmd.ac.in/ICIETDW_24/submission.html,https://www.linkedin.com/company/rmd-institution/about/,www.linkedin.com,no,a,,no,
https://www.rmd.ac.in/ICIETDW_24/submission.html,https://www.youtube.com/c/RMDEnggCollege,www.youtube.com,no,a,,no,
https://www.rmd.ac.in/ICIETDW_24/publication.html,https://cdn.jsdelivr.net/npm/bootstrap@5.2.2/dist/css/bootstrap.min.css,cdn.jsdelivr.net,no,stylesheet,,yes,OTHER
https://www.rmd.ac.in/ICIETDW_24/publication.html,https://cdnjs.cloudflare.com/ajax/libs/font-awesome/6.0.0/css/all.min.css,cdnjs.cloudflare.com,no,stylesheet,,yes,OTHER
https://www.rmd.ac.in/ICIETDW_24/publication.html,https://cdn.jsdelivr.net/npm/@fortawesome/fontawesome-free@6.0.0/css/all.min.css,cdn.jsdelivr.net,no,stylesheet,,yes,OTHER
https://www.rmd.ac.in/ICIETDW_24/publication.html,https://conferences.ieee.org/conferences_events/conferences/conferencedetails/61607,conferences.ieee.org,no,a,https://conferences.ieee.org/conferences_events/conferences/conferencedetails/61607,no,
https://www.rmd.ac.in/ICIETDW_24/publication.html,https://code.jquery.com/jquery-3.2.1.slim.min.js,code.jquery.com,no,script,,yes,OTHER
https://www.rmd.ac.in/ICIETDW_24/publication.html,https://cdn.jsdelivr.net/npm/popper.js@1.12.9/dist/umd/popper.min.js,cdn.jsdelivr.net,no,script,,yes,OTHER
https://www.rmd.ac.in/ICIETDW_24/publication.html,https://cdn.jsdelivr.net/npm/bootstrap@4.0.0/dist/js/bootstrap.min.js,cdn.jsdelivr.net,no,script,,yes,OTHER
https://www.rmd.ac.in/ICIETDW_24/publication.html,https://www.facebook.com/rmdecprincipal,www.facebook.com,no,a,,no,
https://www.rmd.ac.in/ICIETDW_24/publication.html,https://twitter.com/rmdecprincipal,twitter.com,no,a,,no,
https://www.rmd.ac.in/ICIETDW_24/publication.html,https://www.instagram.com/rmd_institution/,www.instagram.com,no,a,,no,
https://www.rmd.ac.in/ICIETDW_24/publication.html,https://www.linkedin.com/company/rmd-institution/about/,www.linkedin.com,no,a,,no,
https://www.rmd.ac.in/ICIETDW_24/publication.html,https://www.youtube.com/c/RMDEnggCollege,www.youtube.com,no,a,,no,
https://www.rmd.ac.in/ICIETDW_24/status.html,https://cdn.jsdelivr.net/npm/bootstrap@5.2.2/dist/css/bootstrap.min.css,cdn.jsdelivr.net,no,stylesheet,,yes,OTHER
https://www.rmd.ac.in/ICIETDW_24/status.html,https://cdnjs.cloudflare.com/ajax/libs/font-awesome/6.0.0/css/all.min.css,cdnjs.cloudflare.com,no,stylesheet,,yes,OTHER
https://www.rmd.ac.in/ICIETDW_24/status.html,https://cdn.jsdelivr.net/npm/@fortawesome/fontawesome-free@6.0.0/css/all.min.css,cdn.jsdelivr.net,no,stylesheet,,yes,OTHER
https://www.rmd.ac.in/ICIETDW_24/status.html,https://cdn.jsdelivr.net/npm/bootstrap@5.0.2/dist/css/bootstrap.min.css,cdn.jsdelivr.net,no,stylesheet,,yes,OTHER
https://www.rmd.ac.in/ICIETDW_24/status.html,https://cdn.jsdelivr.net/npm/bootstrap@5.0.2/dist/js/bootstrap.bundle.min.js,cdn.jsdelivr.net,no,script,,yes,OTHER
https://www.rmd.ac.in/ICIETDW_24/status.html,https://code.jquery.com/jquery-3.2.1.slim.min.js,code.jquery.com,no,script,,yes,OTHER
https://www.rmd.ac.in/ICIETDW_24/status.html,https://cdn.jsdelivr.net/npm/popper.js@1.12.9/dist/umd/popper.min.js,cdn.jsdelivr.net,no,script,,yes,OTHER
https://www.rmd.ac.in/ICIETDW_24/status.html,https://cdn.jsdelivr.net/npm/bootstrap@4.0.0/dist/js/bootstrap.min.js,cdn.jsdelivr.net,no,script,,yes,OTHER
https://www.rmd.ac.in/ICIETDW_24/status.html,https://www.facebook.com/rmdecprincipal,www.facebook.com,no,a,,no,
https://www.rmd.ac.in/ICIETDW_24/status.html,https://twitter.com/rmdecprincipal,twitter.com,no,a,,no,
https://www.rmd.ac.in/ICIETDW_24/status.html,https://www.instagram.com/rmd_institution/,www.instagram.com,no,a,,no,
https://www.rmd.ac.in/ICIETDW_24/status.html,https://www.linkedin.com/company/rmd-institution/about/,www.linkedin.com,no,a,,no,
https://www.rmd.ac.in/ICIETDW_24/status.html,https://www.youtube.com/c/RMDEnggCollege,www.youtube.com,no,a,,no,
https://www.rmd.ac.in/ICIETDW_24/contact.html,https://cdn.jsdelivr.net/npm/bootstrap@5.2.2/dist/css/bootstrap.min.css,cdn.jsdelivr.net,no,stylesheet,,yes,OTHER
https://www.rmd.ac.in/ICIETDW_24/contact.html,https://cdnjs.cloudflare.com/ajax/libs/font-awesome/6.0.0/css/all.min.css,cdnjs.cloudflare.com,no,stylesheet,,yes,OTHER
https://www.rmd.ac.in/ICIETDW_24/contact.html,https://cdn.jsdelivr.net/npm/@fortawesome/fontawesome-free@6.0.0/css/all.min.css,cdn.jsdelivr.net,no,stylesheet,,yes,OTHER
https://www.rmd.ac.in/ICIETDW_24/contact.html,https://cdn.jsdelivr.net/npm/bootstrap@5.0.2/dist/css/bootstrap.min.css,cdn.jsdelivr.net,no,stylesheet,,yes,OTHER
https://www.rmd.ac.in/ICIETDW_24/contact.html,https://cdn.jsdelivr.net/npm/bootstrap@5.0.2/dist/js/bootstrap.bundle.min.js,cdn.jsdelivr.net,no,script,,yes,OTHER
https://www.rmd.ac.in/ICIETDW_24/contact.html,https://code.jquery.com/jquery-3.2.1.slim.min.js,code.jquery.com,no,script,,yes,OTHER
https://www.rmd.ac.in/ICIETDW_24/contact.html,https://cdn.jsdelivr.net/npm/popper.js@1.12.9/dist/umd/popper.min.js,cdn.jsdelivr.net,no,script,,yes,OTHER
https://www.rmd.ac.in/ICIETDW_24/contact.html,https://cdn.jsdelivr.net/npm/bootstrap@4.0.0/dist/js/bootstrap.min.js,cdn.jsdelivr.net,no,script,,yes,OTHER
https://www.rmd.ac.in/ICIETDW_24/contact.html,https://www.facebook.com/rmdecprincipal,www.facebook.com,no,a,,no,
https://www.rmd.ac.in/ICIETDW_24/contact.html,https://twitter.com/rmdecprincipal,twitter.com,no,a,,no,
https://www.rmd.ac.in/ICIETDW_24/contact.html,https://www.instagram.com/rmd_institution/,www.instagram.com,no,a,,no,
https://www.rmd.ac.in/ICIETDW_24/contact.html,https://www.linkedin.com/company/rmd-institution/about/,www.linkedin.com,no,a,,no,
https://www.rmd.ac.in/ICIETDW_24/contact.html,https://www.youtube.com/c/RMDEnggCollege,www.youtube.com,no,a,,no,
https://www.rmd.ac.in/dept/cse/hod.html,http://cdnjs.cloudflare.com/ajax/libs/font-awesome/4.4.0/css/font-awesome.min.css,cdnjs.cloudflare.com,no,stylesheet,,yes,OTHER
https://www.rmd.ac.in/dept/cse/hod.html,https://www.iobnet.co.in/iobpay/entry.do?dirlinkmerid=RMDVEL&amp;dirlinkcatcd=EDU&quot,www.iobnet.co.in,no,area,Pay fee Online,no,
https://www.rmd.ac.in/dept/cse/hod.html,https://vidwan.inflibnet.ac.in/profile/272726,vidwan.inflibnet.ac.in,no,a,,no,
https://www.rmd.ac.in/dept/cse/hod.html,http://maps.google.com/maps/api/js?sensor=false,maps.google.com,no,script,,no,
https://www.rmd.ac.in/dept/cse/hod.html,https://www.linkedin.com/in/rmdecprincipal,www.linkedin.com,no,a,Linkedin,no,
https://www.rmd.ac.in/dept/cse/hod.html,https://twitter.com/rmdecprincipal,twitter.com,no,a,Twitter,no,
https://www.rmd.ac.in/dept/cse/hod.html,https://www.youtube.com/c/RMDEngineeringCollege,www.youtube.com,no,a,Youtube,no,
https://www.rmd.ac.in/dept/cse/hod.html,https://www.facebook.com/rmdecprincipal,www.facebook.com,no,a,Facebook,no,
https://www.rmd.ac.in/dept/cse/hod.html,https://www.instagram.com/rmdecprincipal,www.instagram.com,no,a,Instagram,no,
https://www.rmd.ac.in/rendezvous24/events.html,https://fonts.googleapis.com/,fonts.googleapis.com,no,link-other,,no,
https://www.rmd.ac.in/rendezvous24/events.html,https://fonts.gstatic.com/,fonts.gstatic.com,no,link-other,,no,
https://www.rmd.ac.in/rendezvous24/events.html,"https://fonts.googleapis.com/css2?family=Open+Sans:ital,wght@0,300;0,400;0,500;0,600;0,700;1,300;1,400;1,600;1,700&family=Inter:ital,wght@0,300;0,400;0,500;0,600;0,700;1,300;1,400;1,500;1,600;1,700&family=Cardo:ital,wght@0,400;0,700;1,400&display=swap",fonts.googleapis.com,no,stylesheet,,no,
https://www.rmd.ac.in/rendezvous24/events.html,https://www.instagram.com/rendezvous2k24/,www.instagram.com,no,a,,no,
https://www.rmd.ac.in/rendezvous24/events.html,https://forms.gle/YvZDL7KBLPj6GSDU7,forms.gle,no,onclick,,no,
https://www.rmd.ac.in/rendezvous24/rules.html,https://fonts.googleapis.com/,fonts.googleapis.com,no,link-other,,no,
https://www.rmd.ac.in/rendezvous24/rules.html,https://fonts.gstatic.com/,fonts.gstatic.com,no,link-other,,no,
https://www.rmd.ac.in/rendezvous24/rules.html,"https://fonts.googleapis.com/css2?family=Open+Sans:ital,wght@0,300;0,400;0,500;0,600;0,700;1,300;1,400;1,600;1,700&family=Inter:ital,wght@0,300;0,400;0,500;0,600;0,700;1,300;1,400;1,500;1,600;1,700&family=Cardo:ital,wght@0,400;0,700;1,400&display=swap",fonts.googleapis.com,no,stylesheet,,no,
https://www.rmd.ac.in/rendezvous24/rules.html,https://cdn.jsdelivr.net/npm/bootstrap@5.3.2/dist/css/bootstrap.min.css,cdn.jsdelivr.net,no,stylesheet,,yes,OTHER
https://www.rmd.ac.in/rendezvous24/rules.html,https://cdn.jsdelivr.net/npm/bootstrap@5.3.2/dist/js/bootstrap.bundle.min.js,cdn.jsdelivr.net,no,script,,yes,OTHER
https://www.rmd.ac.in/rendezvous24/rules.html,https://www.instagram.com/rendezvous2k24/,www.instagram.com,no,a,,no,
https://www.rmd.ac.in/rendezvous24/transport.html,https://fonts.googleapis.com/,fonts.googleapis.com,no,link-other,,no,
https://www.rmd.ac.in/rendezvous24/transport.html,https://fonts.gstatic.com/,fonts.gstatic.com,no,link-other,,no,
https://www.rmd.ac.in/rendezvous24/transport.html,"https://fonts.googleapis.com/css2?family=Open+Sans:ital,wght@0,300;0,400;0,500;0,600;0,700;1,300;1,400;1,600;1,700&family=Inter:ital,wght@0,300;0,400;0,500;0,600;0,700;1,300;1,400;1,500;1,600;1,700&family=Cardo:ital,wght@0,400;0,700;1,400&display=swap",fonts.googleapis.com,no,stylesheet,,no,
https://www.rmd.ac.in/rendezvous24/transport.html,https://www.instagram.com/rendezvous2k24/,www.instagram.com,no,a,,no,
https://www.rmd.ac.in/rendezvous24/about.html,https://fonts.googleapis.com/,fonts.googleapis.com,no,link-other,,no,
https://www.rmd.ac.in/rendezvous24/about.html,https://fonts.gstatic.com/,fonts.gstatic.com,no,link-other,,no,
https://www.rmd.ac.in/rendezvous24/about.html,"https://fonts.googleapis.com/css2?family=Open+Sans:ital,wght@0,300;0,400;0,500;0,600;0,700;1,300;1,400;1,600;1,700&family=Inter:ital,wght@0,300;0,400;0,500;0,600;0,700;1,300;1,400;1,500;1,600;1,700&family=Cardo:ital,wght@0,400;0,700;1,400&display=swap",fonts.googleapis.com,no,stylesheet,,no,
https://www.rmd.ac.in/rendezvous24/about.html,https://cdn.jsdelivr.net/npm/bootstrap@5.3.2/dist/css/bootstrap.min.css,cdn.jsdelivr.net,no,stylesheet,,yes,OTHER
https://www.rmd.ac.in/rendezvous24/about.html,https://cdn.jsdelivr.net/npm/bootstrap@5.3.2/dist/js/bootstrap.bundle.min.js,cdn.jsdelivr.net,no,script,,yes,OTHER
https://www.rmd.ac.in/rendezvous24/about.html,https://www.instagram.com/rendezvous2k24/,www.instagram.com,no,a,,no,
https://www.rmd.ac.in/rendezvous24/contact.html,https://fonts.googleapis.com/,fonts.googleapis.com,no,link-other,,no,
https://www.rmd.ac.in/rendezvous24/contact.html,https://fonts.gstatic.com/,fonts.gstatic.com,no,link-other,,no,
https://www.rmd.ac.in/rendezvous24/contact.html,"https://fonts.googleapis.com/css2?family=Open+Sans:ital,wght@0,300;0,400;0,500;0,600;0,700;1,300;1,400;1,600;1,700&family=Inter:ital,wght@0,300;0,400;0,500;0,600;0,700;1,300;1,400;1,500;1,600;1,700&family=Cardo:ital,wght@0,400;0,700;1,400&display=swap",fonts.googleapis.com,no,stylesheet,,no,
https://www.rmd.ac.in/rendezvous24/contact.html,https://www.instagram.com/rendezvous2k24/,www.instagram.com,no,a,,no,
https://www.rmd.ac.in/rendezvous24/contact.html,https://bootstrapmade.com/,bootstrapmade.com,no,a,Rendezvous,no,
https://www.rmd.ac.in/iic/members.html,http://cdnjs.cloudflare.com/ajax/libs/font-awesome/4.4.0/css/font-awesome.min.css,cdnjs.cloudflare.com,no,stylesheet,,yes,OTHER
https://www.rmd.ac.in/iic/members.html,http://maps.google.com/maps/api/js?sensor=false,maps.google.com,no,script,,no,
https://www.rmd.ac.in/iic/activities.html,http://cdnjs.cloudflare.com/ajax/libs/font-awesome/4.4.0/css/font-awesome.min.css,cdnjs.cloudflare.com,no,stylesheet,,yes,OTHER
https://www.rmd.ac.in/iic/activities.html,http://maps.google.com/maps/api/js?sensor=false,maps.google.com,no,script,,no,
https://www.rmd.ac.in/iic/contact.html,http://cdnjs.cloudflare.com/ajax/libs/font-awesome/4.4.0/css/font-awesome.min.css,cdnjs.cloudflare.com,no,stylesheet,,yes,OTHER
https://www.rmd.ac.in/iic/contact.html,http://maps.google.com/maps/api/js?sensor=false,maps.google.com,no,script,,no,
https://www.rmd.ac.in/iic/photo.html,http://cdnjs.cloudflare.com/ajax/libs/font-awesome/4.4.0/css/font-awesome.min.css,cdnjs.cloudflare.com,no,stylesheet,,yes,OTHER
https://www.rmd.ac.in/iic/photo.html,https://ajax.googleapis.com/ajax/libs/jquery/1.11.2/jquery.min.js,ajax.googleapis.com,no,script,,yes,OTHER
https://www.rmd.ac.in/iic/photo.html,http://maps.google.com/maps/api/js?sensor=false,maps.google.com,no,script,,no,
https://www.rmd.ac.in/iic/photo.html,https://cdn.jsdelivr.net/picturefill/2.3.1/picturefill.min.js,cdn.jsdelivr.net,no,script,,yes,OTHER
https://www.rmd.ac.in/edc/about.html,http://cdnjs.cloudflare.com/ajax/libs/font-awesome/4.4.0/css/font-awesome.min.css,cdnjs.cloudflare.com,no,stylesheet,,yes,OTHER
https://www.rmd.ac.in/edc/about.html,http://maps.google.com/maps/api/js?sensor=false,maps.google.com,no,script,,no,
https://www.rmd.ac.in/edc/activities.html,http://cdnjs.cloudflare.com/ajax/libs/font-awesome/4.4.0/css/font-awesome.min.css,cdnjs.cloudflare.com,no,stylesheet,,yes,OTHER
https://www.rmd.ac.in/edc/activities.html,http://maps.google.com/maps/api/js?sensor=false,maps.google.com,no,script,,no,
https://www.rmd.ac.in/edc/contact.html,http://cdnjs.cloudflare.com/ajax/libs/font-awesome/4.4.0/css/font-awesome.min.css,cdnjs.cloudflare.com,no,stylesheet,,yes,OTHER
https://www.rmd.ac.in/edc/contact.html,http://maps.google.com/maps/api/js?sensor=false,maps.google.com,no,script,,no,
https://www.rmd.ac.in/edc/photo.html,http://cdnjs.cloudflare.com/ajax/libs/font-awesome/4.4.0/css/font-awesome.min.css,cdnjs.cloudflare.com,no,stylesheet,,yes,OTHER
https://www.rmd.ac.in/edc/photo.html,https://ajax.googleapis.com/ajax/libs/jquery/1.11.2/jquery.min.js,ajax.googleapis.com,no,script,,yes,OTHER
https://www.rmd.ac.in/edc/photo.html,http://maps.google.com/maps/api/js?sensor=false,maps.google.com,no,script,,no,
https://www.rmd.ac.in/edc/photo.html,https://cdn.jsdelivr.net/picturefill/2.3.1/picturefill.min.js,cdn.jsdelivr.net,no,script,,yes,OTHER
https://www.rmd.ac.in/iedc/about.html,http://cdnjs.cloudflare.com/ajax/libs/font-awesome/4.4.0/css/font-awesome.min.css,cdnjs.cloudflare.com,no,stylesheet,,yes,OTHER
https://www.rmd.ac.in/iedc/about.html,http://maps.google.com/maps/api/js?sensor=false,maps.google.com,no,script,,no,
https://www.rmd.ac.in/iedc/activities.html,http://cdnjs.cloudflare.com/ajax/libs/font-awesome/4.4.0/css/font-awesome.min.css,cdnjs.cloudflare.com,no,stylesheet,,yes,OTHER
https://www.rmd.ac.in/iedc/activities.html,http://maps.google.com/maps/api/js?sensor=false,maps.google.com,no,script,,no,
https://www.rmd.ac.in/iedc/contact.html,http://cdnjs.cloudflare.com/ajax/libs/font-awesome/4.4.0/css/font-awesome.min.css,cdnjs.cloudflare.com,no,stylesheet,,yes,OTHER
https://www.rmd.ac.in/iedc/contact.html,http://maps.google.com/maps/api/js?sensor=false,maps.google.com,no,script,,no,
https://www.rmd.ac.in/iedc/photo.html,http://cdnjs.cloudflare.com/ajax/libs/font-awesome/4.4.0/css/font-awesome.min.css,cdnjs.cloudflare.com,no,stylesheet,,yes,OTHER
https://www.rmd.ac.in/iedc/photo.html,https://ajax.googleapis.com/ajax/libs/jquery/1.11.2/jquery.min.js,ajax.googleapis.com,no,script,,yes,OTHER
https://www.rmd.ac.in/iedc/photo.html,http://maps.google.com/maps/api/js?sensor=false,maps.google.com,no,script,,no,
https://www.rmd.ac.in/iedc/photo.html,https://cdn.jsdelivr.net/picturefill/2.3.1/picturefill.min.js,cdn.jsdelivr.net,no,script,,yes,OTHER
https://www.rmd.ac.in/msme/about.html,http://cdnjs.cloudflare.com/ajax/libs/font-awesome/4.4.0/css/font-awesome.min.css,cdnjs.cloudflare.com,no,stylesheet,,yes,OTHER
https://www.rmd.ac.in/msme/about.html,http://maps.google.com/maps/api/js?sensor=false,maps.google.com,no,script,,no,
https://www.rmd.ac.in/msme/activities.html,http://cdnjs.cloudflare.com/ajax/libs/font-awesome/4.4.0/css/font-awesome.min.css,cdnjs.cloudflare.com,no,stylesheet,,yes,OTHER
https://www.rmd.ac.in/msme/activities.html,http://maps.google.com/maps/api/js?sensor=false,maps.google.com,no,script,,no,
https://www.rmd.ac.in/msme/contact.html,http://cdnjs.cloudflare.com/ajax/libs/font-awesome/4.4.0/css/font-awesome.min.css,cdnjs.cloudflare.com,no,stylesheet,,yes,OTHER
https://www.rmd.ac.in/msme/contact.html,http://maps.google.com/maps/api/js?sensor=false,maps.google.com,no,script,,no,
https://www.rmd.ac.in/msme/photo.html,http://cdnjs.cloudflare.com/ajax/libs/font-awesome/4.4.0/css/font-awesome.min.css,cdnjs.cloudflare.com,no,stylesheet,,yes,OTHER
https://www.rmd.ac.in/msme/photo.html,https://ajax.googleapis.com/ajax/libs/jquery/1.11.2/jquery.min.js,ajax.googleapis.com,no,script,,yes,OTHER
https://www.rmd.ac.in/msme/photo.html,http://maps.google.com/maps/api/js?sensor=false,maps.google.com,no,script,,no,
https://www.rmd.ac.in/msme/photo.html,https://cdn.jsdelivr.net/picturefill/2.3.1/picturefill.min.js,cdn.jsdelivr.net,no,script,,yes,OTHER
https://www.rmd.ac.in/Startup/vision.html,http://cdnjs.cloudflare.com/ajax/libs/font-awesome/4.4.0/css/font-awesome.min.css,cdnjs.cloudflare.com,no,stylesheet,,yes,OTHER
https://www.rmd.ac.in/Startup/vision.html,http://maps.google.com/maps/api/js?sensor=false,maps.google.com,no,script,,no,
https://www.rmd.ac.in/Startup/mission.html,http://cdnjs.cloudflare.com/ajax/libs/font-awesome/4.4.0/css/font-awesome.min.css,cdnjs.cloudflare.com,no,stylesheet,,yes,OTHER
https://www.rmd.ac.in/Startup/mission.html,http://maps.google.com/maps/api/js?sensor=false,maps.google.com,no,script,,no,
https://www.rmd.ac.in/Startup/policy.html,http://cdnjs.cloudflare.com/ajax/libs/font-awesome/4.4.0/css/font-awesome.min.css,cdnjs.cloudflare.com,no,stylesheet,,yes,OTHER
https://www.rmd.ac.in/Startup/policy.html,http://maps.google.com/maps/api/js?sensor=false,maps.google.com,no,script,,no,
https://www.rmd.ac.in/Startup/activity.html,http://cdnjs.cloudflare.com/ajax/libs/font-awesome/4.4.0/css/font-awesome.min.css,cdnjs.cloudflare.com,no,stylesheet,,yes,OTHER
https://www.rmd.ac.in/Startup/activity.html,http://maps.google.com/maps/api/js?sensor=false,maps.google.com,no,script,,no,
https://www.rmd.ac.in/Startup/team.html,http://cdnjs.cloudflare.com/ajax/libs/font-awesome/4.4.0/css/font-awesome.min.css,cdnjs.cloudflare.com,no,stylesheet,,yes,OTHER
https://www.rmd.ac.in/Startup/team.html,http://maps.google.com/maps/api/js?sensor=false,maps.google.com,no,script,,no,
https://www.rmd.ac.in/Startup/actionplan.html,http://cdnjs.cloudflare.com/ajax/libs/font-awesome/4.4.0/css/font-awesome.min.css,cdnjs.cloudflare.com,no,stylesheet,,yes,OTHER
https://www.rmd.ac.in/Startup/actionplan.html,http://maps.google.com/maps/api/js?sensor=false,maps.google.com,no,script,,no,
https://www.rmd.ac.in/Startup/contact.html,http://cdnjs.cloudflare.com/ajax/libs/font-awesome/4.4.0/css/font-awesome.min.css,cdnjs.cloudflare.com,no,stylesheet,,yes,OTHER
https://www.rmd.ac.in/Startup/contact.html,http://maps.google.com/maps/api/js?sensor=false,maps.google.com,no,script,,no,
https://www.rmd.ac.in/Startup/photo.html,http://cdnjs.cloudflare.com/ajax/libs/font-awesome/4.4.0/css/font-awesome.min.css,cdnjs.cloudflare.com,no,stylesheet,,yes,OTHER
https://www.rmd.ac.in/Startup/photo.html,https://ajax.googleapis.com/ajax/libs/jquery/1.11.2/jquery.min.js,ajax.googleapis.com,no,script,,yes,OTHER
https://www.rmd.ac.in/Startup/photo.html,http://maps.google.com/maps/api/js?sensor=false,maps.google.com,no,script,,no,
https://www.rmd.ac.in/Startup/photo.html,https://cdn.jsdelivr.net/picturefill/2.3.1/picturefill.min.js,cdn.jsdelivr.net,no,script,,yes,OTHER
https://www.rmd.ac.in/IPR/vision.html,http://cdnjs.cloudflare.com/ajax/libs/font-awesome/4.4.0/css/font-awesome.min.css,cdnjs.cloudflare.com,no,stylesheet,,yes,OTHER
https://www.rmd.ac.in/IPR/vision.html,http://maps.google.com/maps/api/js?sensor=false,maps.google.com,no,script,,no,
https://www.rmd.ac.in/IPR/mission.html,http://cdnjs.cloudflare.com/ajax/libs/font-awesome/4.4.0/css/font-awesome.min.css,cdnjs.cloudflare.com,no,stylesheet,,yes,OTHER
https://www.rmd.ac.in/IPR/mission.html,http://maps.google.com/maps/api/js?sensor=false,maps.google.com,no,script,,no,
https://www.rmd.ac.in/IPR/policy.html,http://cdnjs.cloudflare.com/ajax/libs/font-awesome/4.4.0/css/font-awesome.min.css,cdnjs.cloudflare.com,no,stylesheet,,yes,OTHER
https://www.rmd.ac.in/IPR/policy.html,http://maps.google.com/maps/api/js?sensor=false,maps.google.com,no,script,,no,
https://www.rmd.ac.in/IPR/contact.html,http://cdnjs.cloudflare.com/ajax/libs/font-awesome/4.4.0/css/font-awesome.min.css,cdnjs.cloudflare.com,no,stylesheet,,yes,OTHER
https://www.rmd.ac.in/IPR/contact.html,http://maps.google.com/maps/api/js?sensor=false,maps.google.com,no,script,,no,
https://www.rmd.ac.in/eco/abouteco.html,http://cdnjs.cloudflare.com/ajax/libs/font-awesome/4.4.0/css/font-awesome.min.css,cdnjs.cloudflare.com,no,stylesheet,,yes,OTHER
https://www.rmd.ac.in/eco/abouteco.html,https://www.iobnet.co.in/iobpay/entry.do?dirlinkmerid=RMDVEL&amp;dirlinkcatcd=EDU&quot,www.iobnet.co.in,no,area,Pay fee Online,no,
https://www.rmd.ac.in/eco/abouteco.html,http://maps.google.com/maps/api/js?sensor=false,maps.google.com,no,script,,no,
https://www.rmd.ac.in/eco/activities.html,http://cdnjs.cloudflare.com/ajax/libs/font-awesome/4.4.0/css/font-awesome.min.css,cdnjs.cloudflare.com,no,stylesheet,,yes,OTHER
https://www.rmd.ac.in/eco/activities.html,https://www.iobnet.co.in/iobpay/entry.do?dirlinkmerid=RMDVEL&amp;dirlinkcatcd=EDU&quot,www.iobnet.co.in,no,area,Pay fee Online,no,
https://www.rmd.ac.in/eco/activities.html,http://maps.google.com/maps/api/js?sensor=false,maps.google.com,no,script,,no,
https://www.rmd.ac.in/eco/contact.html,http://cdnjs.cloudflare.com/ajax/libs/font-awesome/4.4.0/css/font-awesome.min.css,cdnjs.cloudflare.com,no,stylesheet,,yes,OTHER
https://www.rmd.ac.in/eco/contact.html,https://www.iobnet.co.in/iobpay/entry.do?dirlinkmerid=RMDVEL&amp;dirlinkcatcd=EDU&quot,www.iobnet.co.in,no,area,Pay fee Online,no,
https://www.rmd.ac.in/eco/contact.html,http://maps.google.com/maps/api/js?sensor=false,maps.google.com,no,script,,no,
https://www.rmd.ac.in/yrc/aboutyrc.html,http://cdnjs.cloudflare.com/ajax/libs/font-awesome/4.4.0/css/font-awesome.min.css,cdnjs.cloudflare.com,no,stylesheet,,yes,OTHER
https://www.rmd.ac.in/yrc/aboutyrc.html,http://maps.google.com/maps/api/js?sensor=false,maps.google.com,no,script,,no,
https://www.rmd.ac.in/yrc/activities.html,http://cdnjs.cloudflare.com/ajax/libs/font-awesome/4.4.0/css/font-awesome.min.css,cdnjs.cloudflare.com,no,stylesheet,,yes,OTHER
https://www.rmd.ac.in/yrc/activities.html,http://maps.google.com/maps/api/js?sensor=false,maps.google.com,no,script,,no,
https://www.rmd.ac.in/yrc/contact.html,http://cdnjs.cloudflare.com/ajax/libs/font-awesome/4.4.0/css/font-awesome.min.css,cdnjs.cloudflare.com,no,stylesheet,,yes,OTHER
https://www.rmd.ac.in/yrc/contact.html,http://maps.google.com/maps/api/js?sensor=false,maps.google.com,no,script,,no,
https://www.rmd.ac.in/yrc/photo.html,http://cdnjs.cloudflare.com/ajax/libs/font-awesome/4.4.0/css/font-awesome.min.css,cdnjs.cloudflare.com,no,stylesheet,,yes,OTHER
https://www.rmd.ac.in/yrc/photo.html,https://ajax.googleapis.com/ajax/libs/jquery/1.11.2/jquery.min.js,ajax.googleapis.com,no,script,,yes,OTHER
https://www.rmd.ac.in/yrc/photo.html,http://maps.google.com/maps/api/js?sensor=false,maps.google.com,no,script,,no,
https://www.rmd.ac.in/yrc/photo.html,https://cdn.jsdelivr.net/picturefill/2.3.1/picturefill.min.js,cdn.jsdelivr.net,no,script,,yes,OTHER
https://www.rmd.ac.in/nss/aboutnss.html,http://cdnjs.cloudflare.com/ajax/libs/font-awesome/4.4.0/css/font-awesome.min.css,cdnjs.cloudflare.com,no,stylesheet,,yes,OTHER
https://www.rmd.ac.in/nss/aboutnss.html,http://maps.google.com/maps/api/js?sensor=false,maps.google.com,no,script,,no,
https://www.rmd.ac.in/nss/activities.html,http://cdnjs.cloudflare.com/ajax/libs/font-awesome/4.4.0/css/font-awesome.min.css,cdnjs.cloudflare.com,no,stylesheet,,yes,OTHER
https://www.rmd.ac.in/nss/activities.html,http://maps.google.com/maps/api/js?sensor=false,maps.google.com,no,script,,no,
https://www.rmd.ac.in/nss/contact.html,http://cdnjs.cloudflare.com/ajax/libs/font-awesome/4.4.0/css/font-awesome.min.css,cdnjs.cloudflare.com,no,stylesheet,,yes,OTHER
https://www.rmd.ac.in/nss/contact.html,http://maps.google.com/maps/api/js?sensor=false,maps.google.com,no,script,,no,
https://www.rmd.ac.in/nss/photo.html,http://cdnjs.cloudflare.com/ajax/libs/font-awesome/4.4.0/css/font-awesome.min.css,cdnjs.cloudflare.com,no,stylesheet,,yes,OTHER
https://www.rmd.ac.in/nss/photo.html,https://ajax.googleapis.com/ajax/libs/jquery/1.11.2/jquery.min.js,ajax.googleapis.com,no,script,,yes,OTHER
https://www.rmd.ac.in/nss/photo.html,http://maps.google.com/maps/api/js?sensor=false,maps.google.com,no,script,,no,
https://www.rmd.ac.in/nss/photo.html,https://cdn.jsdelivr.net/picturefill/2.3.1/picturefill.min.js,cdn.jsdelivr.net,no,script,,yes,OTHER
https://www.rmd.ac.in/UHV_club/abouteco.html,http://cdnjs.cloudflare.com/ajax/libs/font-awesome/4.4.0/css/font-awesome.min.css,cdnjs.cloudflare.com,no,stylesheet,,yes,OTHER
https://www.rmd.ac.in/UHV_club/abouteco.html,https://www.iobnet.co.in/iobpay/entry.do?dirlinkmerid=RMDVEL&amp;dirlinkcatcd=EDU&quot,www.iobnet.co.in,no,area,Pay fee Online,no,
https://www.rmd.ac.in/UHV_club/abouteco.html,http://maps.google.com/maps/api/js?sensor=false,maps.google.com,no,script,,no,
https://www.rmd.ac.in/UHV_club/activities.html,http://cdnjs.cloudflare.com/ajax/libs/font-awesome/4.4.0/css/font-awesome.min.css,cdnjs.cloudflare.com,no,stylesheet,,yes,OTHER
https://www.rmd.ac.in/UHV_club/activities.html,https://www.iobnet.co.in/iobpay/entry.do?dirlinkmerid=RMDVEL&amp;dirlinkcatcd=EDU&quot,www.iobnet.co.in,no,area,Pay fee Online,no,
https://www.rmd.ac.in/UHV_club/activities.html,http://maps.google.com/maps/api/js?sensor=false,maps.google.com,no,script,,no,
https://www.rmd.ac.in/UHV_club/contact.html,http://cdnjs.cloudflare.com/ajax/libs/font-awesome/4.4.0/css/font-awesome.min.css,cdnjs.cloudflare.com,no,stylesheet,,yes,OTHER
https://www.rmd.ac.in/UHV_club/contact.html,https://www.iobnet.co.in/iobpay/entry.do?dirlinkmerid=RMDVEL&amp;dirlinkcatcd=EDU&quot,www.iobnet.co.in,no,area,Pay fee Online,no,
https://www.rmd.ac.in/UHV_club/contact.html,http://maps.google.com/maps/api/js?sensor=false,maps.google.com,no,script,,no,
https://www.rmd.ac.in/math/aboutmath.html,http://cdnjs.cloudflare.com/ajax/libs/font-awesome/4.4.0/css/font-awesome.min.css,cdnjs.cloudflare.com,no,stylesheet,,yes,OTHER
https://www.rmd.ac.in/math/aboutmath.html,https://www.iobnet.co.in/iobpay/entry.do?dirlinkmerid=RMDVEL&amp;dirlinkcatcd=EDU&quot,www.iobnet.co.in,no,area,Pay fee Online,no,
https://www.rmd.ac.in/math/aboutmath.html,http://maps.google.com/maps/api/js?sensor=false,maps.google.com,no,script,,no,
https://www.rmd.ac.in/math/activities.html,http://cdnjs.cloudflare.com/ajax/libs/font-awesome/4.4.0/css/font-awesome.min.css,cdnjs.cloudflare.com,no,stylesheet,,yes,OTHER
https://www.rmd.ac.in/math/activities.html,https://www.iobnet.co.in/iobpay/entry.do?dirlinkmerid=RMDVEL&amp;dirlinkcatcd=EDU&quot,www.iobnet.co.in,no,area,Pay fee Online,no,
https://www.rmd.ac.in/math/activities.html,http://maps.google.com/maps/api/js?sensor=false,maps.google.com,no,script,,no,
https://www.rmd.ac.in/math/contact.html,http://cdnjs.cloudflare.com/ajax/libs/font-awesome/4.4.0/css/font-awesome.min.css,cdnjs.cloudflare.com,no,stylesheet,,yes,OTHER
https://www.rmd.ac.in/math/contact.html,https://www.iobnet.co.in/iobpay/entry.do?dirlinkmerid=RMDVEL&amp;dirlinkcatcd=EDU&quot,www.iobnet.co.in,no,area,Pay fee Online,no,
https://www.rmd.ac.in/math/contact.html,http://maps.google.com/maps/api/js?sensor=false,maps.google.com,no,script,,no,
https://www.rmd.ac.in/Tech_club/abouteco.html,http://cdnjs.cloudflare.com/ajax/libs/font-awesome/4.4.0/css/font-awesome.min.css,cdnjs.cloudflare.com,no,stylesheet,,yes,OTHER
https://www.rmd.ac.in/Tech_club/abouteco.html,https://www.iobnet.co.in/iobpay/entry.do?dirlinkmerid=RMDVEL&amp;dirlinkcatcd=EDU&quot,www.iobnet.co.in,no,area,Pay fee Online,no,
https://www.rmd.ac.in/Tech_club/abouteco.html,http://maps.google.com/maps/api/js?sensor=false,maps.google.com,no,script,,no,
https://www.rmd.ac.in/Tech_club/activities.html,http://cdnjs.cloudflare.com/ajax/libs/font-awesome/4.4.0/css/font-awesome.min.css,cdnjs.cloudflare.com,no,stylesheet,,yes,OTHER
https://www.rmd.ac.in/Tech_club/activities.html,https://www.iobnet.co.in/iobpay/entry.do?dirlinkmerid=RMDVEL&amp;dirlinkcatcd=EDU&quot,www.iobnet.co.in,no,area,Pay fee Online,no,
https://www.rmd.ac.in/Tech_club/activities.html,http://maps.google.com/maps/api/js?sensor=false,maps.google.com,no,script,,no,
https://www.rmd.ac.in/Tech_club/contact.html,http://cdnjs.cloudflare.com/ajax/libs/font-awesome/4.4.0/css/font-awesome.min.css,cdnjs.cloudflare.com,no,stylesheet,,yes,OTHER
https://www.rmd.ac.in/Tech_club/contact.html,https://www.iobnet.co.in/iobpay/entry.do?dirlinkmerid=RMDVEL&amp;dirlinkcatcd=EDU&quot,www.iobnet.co.in,no,area,Pay fee Online,no,
https://www.rmd.ac.in/Tech_club/contact.html,http://maps.google.com/maps/api/js?sensor=false,maps.google.com,no,script,,no,
https://www.rmd.ac.in/Science_club/abouteco.html,http://cdnjs.cloudflare.com/ajax/libs/font-awesome/4.4.0/css/font-awesome.min.css,cdnjs.cloudflare.com,no,stylesheet,,yes,OTHER
https://www.rmd.ac.in/Science_club/abouteco.html,https://www.iobnet.co.in/iobpay/entry.do?dirlinkmerid=RMDVEL&amp;dirlinkcatcd=EDU&quot,www.iobnet.co.in,no,area,Pay fee Online,no,
https://www.rmd.ac.in/Science_club/abouteco.html,http://maps.google.com/maps/api/js?sensor=false,maps.google.com,no,script,,no,
https://www.rmd.ac.in/Science_club/activities.html,http://cdnjs.cloudflare.com/ajax/libs/font-awesome/4.4.0/css/font-awesome.min.css,cdnjs.cloudflare.com,no,stylesheet,,yes,OTHER
https://www.rmd.ac.in/Science_club/activities.html,https://www.iobnet.co.in/iobpay/entry.do?dirlinkmerid=RMDVEL&amp;dirlinkcatcd=EDU&quot,www.iobnet.co.in,no,area,Pay fee Online,no,
https://www.rmd.ac.in/Science_club/activities.html,http://maps.google.com/maps/api/js?sensor=false,maps.google.com,no,script,,no,
https://www.rmd.ac.in/Science_club/contact.html,http://cdnjs.cloudflare.com/ajax/libs/font-awesome/4.4.0/css/font-awesome.min.css,cdnjs.cloudflare.com,no,stylesheet,,yes,OTHER
https://www.rmd.ac.in/Science_club/contact.html,https://www.iobnet.co.in/iobpay/entry.do?dirlinkmerid=RMDVEL&amp;dirlinkcatcd=EDU&quot,www.iobnet.co.in,no,area,Pay fee Online,no,
https://www.rmd.ac.in/Science_club/contact.html,http://maps.google.com/maps/api/js?sensor=false,maps.google.com,no,script,,no,
https://www.rmd.ac.in/Coding_club/abouteco.html,http://cdnjs.cloudflare.com/ajax/libs/font-awesome/4.4.0/css/font-awesome.min.css,cdnjs.cloudflare.com,no,stylesheet,,yes,OTHER
https://www.rmd.ac.in/Coding_club/abouteco.html,https://www.iobnet.co.in/iobpay/entry.do?dirlinkmerid=RMDVEL&amp;dirlinkcatcd=EDU&quot,www.iobnet.co.in,no,area,Pay fee Online,no,
https://www.rmd.ac.in/Coding_club/abouteco.html,http://maps.google.com/maps/api/js?sensor=false,maps.google.com,no,script,,no,
https://www.rmd.ac.in/Coding_club/activities.html,http://cdnjs.cloudflare.com/ajax/libs/font-awesome/4.4.0/css/font-awesome.min.css,cdnjs.cloudflare.com,no,stylesheet,,yes,OTHER
https://www.rmd.ac.in/Coding_club/activities.html,https://www.iobnet.co.in/iobpay/entry.do?dirlinkmerid=RMDVEL&amp;dirlinkcatcd=EDU&quot,www.iobnet.co.in,no,area,Pay fee Online,no,
https://www.rmd.ac.in/Coding_club/activities.html,http://maps.google.com/maps/api/js?sensor=false,maps.google.com,no,script,,no,
https://www.rmd.ac.in/Coding_club/contact.html,http://cdnjs.cloudflare.com/ajax/libs/font-awesome/4.4.0/css/font-awesome.min.css,cdnjs.cloudflare.com,no,stylesheet,,yes,OTHER
https://www.rmd.ac.in/Coding_club/contact.html,https://www.iobnet.co.in/iobpay/entry.do?dirlinkmerid=RMDVEL&amp;dirlinkcatcd=EDU&quot,www.iobnet.co.in,no,area,Pay fee Online,no,
https://www.rmd.ac.in/Coding_club/contact.html,http://maps.google.com/maps/api/js?sensor=false,maps.google.com,no,script,,no,
https://www.rmd.ac.in/Language_club/abouteco.html,http://cdnjs.cloudflare.com/ajax/libs/font-awesome/4.4.0/css/font-awesome.min.css,cdnjs.cloudflare.com,no,stylesheet,,yes,OTHER
https://www.rmd.ac.in/Language_club/abouteco.html,https://www.iobnet.co.in/iobpay/entry.do?dirlinkmerid=RMDVEL&amp;dirlinkcatcd=EDU&quot,www.iobnet.co.in,no,area,Pay fee Online,no,
https://www.rmd.ac.in/Language_club/abouteco.html,http://maps.google.com/maps/api/js?sensor=false,maps.google.com,no,script,,no,
https://www.rmd.ac.in/Language_club/activities.html,http://cdnjs.cloudflare.com/ajax/libs/font-awesome/4.4.0/css/font-awesome.min.css,cdnjs.cloudflare.com,no,stylesheet,,yes,OTHER
https://www.rmd.ac.in/Language_club/activities.html,https://www.iobnet.co.in/iobpay/entry.do?dirlinkmerid=RMDVEL&amp;dirlinkcatcd=EDU&quot,www.iobnet.co.in,no,area,Pay fee Online,no,
https://www.rmd.ac.in/Language_club/activities.html,http://maps.google.com/maps/api/js?sensor=false,maps.google.com,no,script,,no,
https://www.rmd.ac.in/Language_club/contact.html,http://cdnjs.cloudflare.com/ajax/libs/font-awesome/4.4.0/css/font-awesome.min.css,cdnjs.cloudflare.com,no,stylesheet,,yes,OTHER
https://www.rmd.ac.in/Language_club/contact.html,https://www.iobnet.co.in/iobpay/entry.do?dirlinkmerid=RMDVEL&amp;dirlinkcatcd=EDU&quot,www.iobnet.co.in,no,area,Pay fee Online,no,
https://www.rmd.ac.in/Language_club/contact.html,http://maps.google.com/maps/api/js?sensor=false,maps.google.com,no,script,,no,
https://www.rmd.ac.in/yoga/aboutyoga.html,http://cdnjs.cloudflare.com/ajax/libs/font-awesome/4.4.0/css/font-awesome.min.css,cdnjs.cloudflare.com,no,stylesheet,,yes,OTHER
https://www.rmd.ac.in/yoga/aboutyoga.html,http://maps.google.com/maps/api/js?sensor=false,maps.google.com,no,script,,no,
https://www.rmd.ac.in/yoga/activities.html,http://cdnjs.cloudflare.com/ajax/libs/font-awesome/4.4.0/css/font-awesome.min.css,cdnjs.cloudflare.com,no,stylesheet,,yes,OTHER
https://www.rmd.ac.in/yoga/activities.html,http://maps.google.com/maps/api/js?sensor=false,maps.google.com,no,script,,no,
https://www.rmd.ac.in/yoga/contact.html,http://cdnjs.cloudflare.com/ajax/libs/font-awesome/4.4.0/css/font-awesome.min.css,cdnjs.cloudflare.com,no,stylesheet,,yes,OTHER
https://www.rmd.ac.in/yoga/contact.html,http://maps.google.com/maps/api/js?sensor=false,maps.google.com,no,script,,no,
https://www.rmd.ac.in/Photo_club/abouteco.html,http://cdnjs.cloudflare.com/ajax/libs/font-awesome/4.4.0/css/font-awesome.min.css,cdnjs.cloudflare.com,no,stylesheet,,yes,OTHER
https://www.rmd.ac.in/Photo_club/abouteco.html,https://www.iobnet.co.in/iobpay/entry.do?dirlinkmerid=RMDVEL&amp;dirlinkcatcd=EDU&quot,www.iobnet.co.in,no,area,Pay fee Online,no,
https://www.rmd.ac.in/Photo_club/abouteco.html,http://maps.google.com/maps/api/js?sensor=false,maps.google.com,no,script,,no,
https://www.rmd.ac.in/Photo_club/activities.html,http://cdnjs.cloudflare.com/ajax/libs/font-awesome/4.4.0/css/font-awesome.min.css,cdnjs.cloudflare.com,no,stylesheet,,yes,OTHER
https://www.rmd.ac.in/Photo_club/activities.html,https://www.iobnet.co.in/iobpay/entry.do?dirlinkmerid=RMDVEL&amp;dirlinkcatcd=EDU&quot,www.iobnet.co.in,no,area,Pay fee Online,no,
https://www.rmd.ac.in/Photo_club/activities.html,http://maps.google.com/maps/api/js?sensor=false,maps.google.com,no,script,,no,
https://www.rmd.ac.in/Photo_club/contact.html,http://cdnjs.cloudflare.com/ajax/libs/font-awesome/4.4.0/css/font-awesome.min.css,cdnjs.cloudflare.com,no,stylesheet,,yes,OTHER
https://www.rmd.ac.in/Photo_club/contact.html,https://www.iobnet.co.in/iobpay/entry.do?dirlinkmerid=RMDVEL&amp;dirlinkcatcd=EDU&quot,www.iobnet.co.in,no,area,Pay fee Online,no,
https://www.rmd.ac.in/Photo_club/contact.html,http://maps.google.com/maps/api/js?sensor=false,maps.google.com,no,script,,no,
https://www.rmd.ac.in/Cultural_club/abouteco.html,http://cdnjs.cloudflare.com/ajax/libs/font-awesome/4.4.0/css/font-awesome.min.css,cdnjs.cloudflare.com,no,stylesheet,,yes,OTHER
https://www.rmd.ac.in/Cultural_club/abouteco.html,https://www.iobnet.co.in/iobpay/entry.do?dirlinkmerid=RMDVEL&amp;dirlinkcatcd=EDU&quot,www.iobnet.co.in,no,area,Pay fee Online,no,
https://www.rmd.ac.in/Cultural_club/abouteco.html,http://maps.google.com/maps/api/js?sensor=false,maps.google.com,no,script,,no,
https://www.rmd.ac.in/Cultural_club/activities.html,http://cdnjs.cloudflare.com/ajax/libs/font-awesome/4.4.0/css/font-awesome.min.css,cdnjs.cloudflare.com,no,stylesheet,,yes,OTHER
https://www.rmd.ac.in/Cultural_club/activities.html,https://www.iobnet.co.in/iobpay/entry.do?dirlinkmerid=RMDVEL&amp;dirlinkcatcd=EDU&quot,www.iobnet.co.in,no,area,Pay fee Online,no,
https://www.rmd.ac.in/Cultural_club/activities.html,http://maps.google.com/maps/api/js?sensor=false,maps.google.com,no,script,,no,
https://www.rmd.ac.in/Cultural_club/contact.html,http://cdnjs.cloudflare.com/ajax/libs/font-awesome/4.4.0/css/font-awesome.min.css,cdnjs.cloudflare.com,no,stylesheet,,yes,OTHER
https://www.rmd.ac.in/Cultural_club/contact.html,https://www.iobnet.co.in/iobpay/entry.do?dirlinkmerid=RMDVEL&amp;dirlinkcatcd=EDU&quot,www.iobnet.co.in,no,area,Pay fee Online,no,
https://www.rmd.ac.in/Cultural_club/contact.html,http://maps.google.com/maps/api/js?sensor=false,maps.google.com,no,script,,no,
https://www.rmd.ac.in/cultural/facilities.html,http://cdnjs.cloudflare.com/ajax/libs/font-awesome/4.4.0/css/font-awesome.min.css,cdnjs.cloudflare.com,no,stylesheet,,yes,OTHER
https://www.rmd.ac.in/cultural/facilities.html,http://maps.google.com/maps/api/js?sensor=false,maps.google.com,no,script,,no,
https://www.rmd.ac.in/cultural/competitions.html,http://cdnjs.cloudflare.com/ajax/libs/font-awesome/4.4.0/css/font-awesome.min.css,cdnjs.cloudflare.com,no,stylesheet,,yes,OTHER
https://www.rmd.ac.in/cultural/competitions.html,http://maps.google.com/maps/api/js?sensor=false,maps.google.com,no,script,,no,
https://www.rmd.ac.in/cultural/winners.html,http://cdnjs.cloudflare.com/ajax/libs/font-awesome/4.4.0/css/font-awesome.min.css,cdnjs.cloudflare.com,no,stylesheet,,yes,OTHER
https://www.rmd.ac.in/cultural/winners.html,http://maps.google.com/maps/api/js?sensor=false,maps.google.com,no,script,,no,
https://www.rmd.ac.in/cultural/contact.html,http://cdnjs.cloudflare.com/ajax/libs/font-awesome/4.4.0/css/font-awesome.min.css,cdnjs.cloudflare.com,no,stylesheet,,yes,OTHER
https://www.rmd.ac.in/cultural/contact.html,http://maps.google.com/maps/api/js?sensor=false,maps.google.com,no,script,,no,
https://www.rmd.ac.in/cultural/photo.html,http://cdnjs.cloudflare.com/ajax/libs/font-awesome/4.4.0/css/font-awesome.min.css,cdnjs.cloudflare.com,no,stylesheet,,yes,OTHER
https://www.rmd.ac.in/cultural/photo.html,https://ajax.googleapis.com/ajax/libs/jquery/1.11.2/jquery.min.js,ajax.googleapis.com,no,script,,yes,OTHER
https://www.rmd.ac.in/cultural/photo.html,http://maps.google.com/maps/api/js?sensor=false,maps.google.com,no,script,,no,
https://www.rmd.ac.in/cultural/photo.html,https://cdn.jsdelivr.net/picturefill/2.3.1/picturefill.min.js,cdn.jsdelivr.net,no,script,,yes,OTHER
https://www.rmd.ac.in/wec/aboutwec.html,http://cdnjs.cloudflare.com/ajax/libs/font-awesome/4.4.0/css/font-awesome.min.css,cdnjs.cloudflare.com,no,stylesheet,,yes,OTHER
https://www.rmd.ac.in/wec/aboutwec.html,http://maps.google.com/maps/api/js?sensor=false,maps.google.com,no,script,,no,
https://www.rmd.ac.in/wec/activities.html,http://cdnjs.cloudflare.com/ajax/libs/font-awesome/4.4.0/css/font-awesome.min.css,cdnjs.cloudflare.com,no,stylesheet,,yes,OTHER
https://www.rmd.ac.in/wec/activities.html,http://maps.google.com/maps/api/js?sensor=false,maps.google.com,no,script,,no,
https://www.rmd.ac.in/wec/contact.html,http://cdnjs.cloudflare.com/ajax/libs/font-awesome/4.4.0/css/font-awesome.min.css,cdnjs.cloudflare.com,no,stylesheet,,yes,OTHER
https://www.rmd.ac.in/wec/contact.html,http://maps.google.com/maps/api/js?sensor=false,maps.google.com,no,script,,no,
https://www.rmd.ac.in/wec/photo.html,http://cdnjs.cloudflare.com/ajax/libs/font-awesome/4.4.0/css/font-awesome.min.css,cdnjs.cloudflare.com,no,stylesheet,,yes,OTHER
https://www.rmd.ac.in/wec/photo.html,https://ajax.googleapis.com/ajax/libs/jquery/1.11.2/jquery.min.js,ajax.googleapis.com,no,script,,yes,OTHER
https://www.rmd.ac.in/wec/photo.html,http://maps.google.com/maps/api/js?sensor=false,maps.google.com,no,script,,no,
https://www.rmd.ac.in/wec/photo.html,https://cdn.jsdelivr.net/picturefill/2.3.1/picturefill.min.js,cdn.jsdelivr.net,no,script,,yes,OTHER
https://www.rmd.ac.in/dept/cse/vm.html,http://cdnjs.cloudflare.com/ajax/libs/font-awesome/4.4.0/css/font-awesome.min.css,cdnjs.cloudflare.com,no,stylesheet,,yes,OTHER
https://www.rmd.ac.in/dept/cse/vm.html,https://www.iobnet.co.in/iobpay/entry.do?dirlinkmerid=RMDVEL&amp;dirlinkcatcd=EDU&quot,www.iobnet.co.in,no,area,Pay fee Online,no,
https://www.rmd.ac.in/dept/cse/vm.html,http://maps.google.com/maps/api/js?sensor=false,maps.google.com,no,script,,no,
https://www.rmd.ac.in/dept/cse/vm.html,https://www.linkedin.com/in/rmdecprincipal,www.linkedin.com,no,a,Linkedin,no,
https://www.rmd.ac.in/dept/cse/vm.html,https://twitter.com/rmdecprincipal,twitter.com,no,a,Twitter,no,
https://www.rmd.ac.in/dept/cse/vm.html,https://www.youtube.com/c/RMDEngineeringCollege,www.youtube.com,no,a,Youtube,no,
https://www.rmd.ac.in/dept/cse/vm.html,https://www.facebook.com/rmdecprincipal,www.facebook.com,no,a,Facebook,no,
https://www.rmd.ac.in/dept/cse/vm.html,https://www.instagram.com/rmdecprincipal,www.instagram.com,no,a,Instagram,no,
https://www.rmd.ac.in/dept/cse/peo.html,http://cdnjs.cloudflare.com/ajax/libs/font-awesome/4.4.0/css/font-awesome.min.css,cdnjs.cloudflare.com,no,stylesheet,,yes,OTHER
https://www.rmd.ac.in/dept/cse/peo.html,https://www.iobnet.co.in/iobpay/entry.do?dirlinkmerid=RMDVEL&amp;dirlinkcatcd=EDU&quot,www.iobnet.co.in,no,area,Pay fee Online,no,
https://www.rmd.ac.in/dept/cse/peo.html,http://maps.google.com/maps/api/js?sensor=false,maps.google.com,no,script,,no,
https://www.rmd.ac.in/dept/cse/peo.html,https://www.linkedin.com/in/rmdecprincipal,www.linkedin.com,no,a,Linkedin,no,
https://www.rmd.ac.in/dept/cse/peo.html,https://twitter.com/rmdecprincipal,twitter.com,no,a,Twitter,no,
https://www.rmd.ac.in/dept/cse/peo.html,https://www.youtube.com/c/RMDEngineeringCollege,www.youtube.com,no,a,Youtube,no,
https://www.rmd.ac.in/dept/cse/peo.html,https://www.facebook.com/rmdecprincipal,www.facebook.com,no,a,Facebook,no,
https://www.rmd.ac.in/dept/cse/peo.html,https://www.instagram.com/rmdecprincipal,www.instagram.com,no,a,Instagram,no,
https://www.rmd.ac.in/dept/cse/co.html,http://cdnjs.cloudflare.com/ajax/libs/font-awesome/4.4.0/css/font-awesome.min.css,cdnjs.cloudflare.com,no,stylesheet,,yes,OTHER
https://www.rmd.ac.in/dept/cse/co.html,https://www.iobnet.co.in/iobpay/entry.do?dirlinkmerid=RMDVEL&amp;dirlinkcatcd=EDU&quot,www.iobnet.co.in,no,area,Pay fee Online,no,
https://www.rmd.ac.in/dept/cse/co.html,http://maps.google.com/maps/api/js?sensor=false,maps.google.com,no,script,,no,
https://www.rmd.ac.in/dept/cse/co.html,https://www.linkedin.com/in/rmdecprincipal,www.linkedin.com,no,a,Linkedin,no,
https://www.rmd.ac.in/dept/cse/co.html,https://twitter.com/rmdecprincipal,twitter.com,no,a,Twitter,no,
https://www.rmd.ac.in/dept/cse/co.html,https://www.youtube.com/c/RMDEngineeringCollege,www.youtube.com,no,a,Youtube,no,
https://www.rmd.ac.in/dept/cse/co.html,https://www.facebook.com/rmdecprincipal,www.facebook.com,no,a,Facebook,no,
https://www.rmd.ac.in/dept/cse/co.html,https://www.instagram.com/rmdecprincipal,www.instagram.com,no,a,Instagram,no,
https://www.rmd.ac.in/dept/cse/qo.html,http://cdnjs.cloudflare.com/ajax/libs/font-awesome/4.4.0/css/font-awesome.min.css,cdnjs.cloudflare.com,no,stylesheet,,yes,OTHER
https://www.rmd.ac.in/dept/cse/qo.html,https://www.iobnet.co.in/iobpay/entry.do?dirlinkmerid=RMDVEL&amp;dirlinkcatcd=EDU&quot,www.iobnet.co.in,no,area,Pay fee Online,no,
https://www.rmd.ac.in/dept/cse/qo.html,http://maps.google.com/maps/api/js?sensor=false,maps.google.com,no,script,,no,
https://www.rmd.ac.in/dept/cse/qo.html,https://www.linkedin.com/in/rmdecprincipal,www.linkedin.com,no,a,Linkedin,no,
https://www.rmd.ac.in/dept/cse/qo.html,https://twitter.com/rmdecprincipal,twitter.com,no,a,Twitter,no,
https://www.rmd.ac.in/dept/cse/qo.html,https://www.youtube.com/c/RMDEngineeringCollege,www.youtube.com,no,a,Youtube,no,
https://www.rmd.ac.in/dept/cse/qo.html,https://www.facebook.com/rmdecprincipal,www.facebook.com,no,a,Facebook,no,
https://www.rmd.ac.in/dept/cse/qo.html,https://www.instagram.com/rmdecprincipal,www.instagram.com,no,a,Instagram,no,
https://www.rmd.ac.in/dept/cse/timetable.html,http://cdnjs.cloudflare.com/ajax/libs/font-awesome/4.4.0/css/font-awesome.min.css,cdnjs.cloudflare.com,no,stylesheet,,yes,OTHER
https://www.rmd.ac.in/dept/cse/timetable.html,https://www.iobnet.co.in/iobpay/entry.do?dirlinkmerid=RMDVEL&amp;dirlinkcatcd=EDU&quot,www.iobnet.co.in,no,area,Pay fee Online,no,
https://www.rmd.ac.in/dept/cse/timetable.html,http://maps.google.com/maps/api/js?sensor=false,maps.google.com,no,script,,no,
https://www.rmd.ac.in/dept/cse/timetable.html,https://www.linkedin.com/in/rmdecprincipal,www.linkedin.com,no,a,Linkedin,no,
https://www.rmd.ac.in/dept/cse/timetable.html,https://twitter.com/rmdecprincipal,twitter.com,no,a,Twitter,no,
https://www.rmd.ac.in/dept/cse/timetable.html,https://www.youtube.com/c/RMDEngineeringCollege,www.youtube.com,no,a,Youtube,no,
https://www.rmd.ac.in/dept/cse/timetable.html,https://www.facebook.com/rmdecprincipal,www.facebook.com,no,a,Facebook,no,
https://www.rmd.ac.in/dept/cse/timetable.html,https://www.instagram.com/rmdecprincipal,www.instagram.com,no,a,Instagram,no,
https://www.rmd.ac.in/dept/cse/faculty.html,http://cdnjs.cloudflare.com/ajax/libs/font-awesome/4.4.0/css/font-awesome.min.css,cdnjs.cloudflare.com,no,stylesheet,,yes,OTHER
https://www.rmd.ac.in/dept/cse/faculty.html,https://www.iobnet.co.in/iobpay/entry.do?dirlinkmerid=RMDVEL&amp;dirlinkcatcd=EDU&quot,www.iobnet.co.in,no,area,Pay fee Online,no,
https://www.rmd.ac.in/dept/cse/faculty.html,https://vidwan.inflibnet.ac.in/profile/609504,vidwan.inflibnet.ac.in,no,a,https://vidwan.inflibnet.ac.in/profile/609504,no,
https://www.rmd.ac.in/dept/cse/faculty.html,http://maps.google.com/maps/api/js?sensor=false,maps.google.com,no,script,,no,
https://www.rmd.ac.in/dept/cse/faculty.html,https://www.linkedin.com/in/rmdecprincipal,www.linkedin.com,no,a,Linkedin,no,
https://www.rmd.ac.in/dept/cse/faculty.html,https://twitter.com/rmdecprincipal,twitter.com,no,a,Twitter,no,
https://www.rmd.ac.in/dept/cse/faculty.html,https://www.youtube.com/c/RMDEngineeringCollege,www.youtube.com,no,a,Youtube,no,
https://www.rmd.ac.in/dept/cse/faculty.html,https://www.facebook.com/rmdecprincipal,www.facebook.com,no,a,Facebook,no,
https://www.rmd.ac.in/dept/cse/faculty.html,https://www.instagram.com/rmdecprincipal,www.instagram.com,no,a,Instagram,no,
https://www.rmd.ac.in/dept/cse/research.html,http://cdnjs.cloudflare.com/ajax/libs/font-awesome/4.4.0/css/font-awesome.min.css,cdnjs.cloudflare.com,no,stylesheet,,yes,OTHER
https://www.rmd.ac.in/dept/cse/research.html,https://www.iobnet.co.in/iobpay/entry.do?dirlinkmerid=RMDVEL&amp;dirlinkcatcd=EDU&quot,www.iobnet.co.in,no,area,Pay fee Online,no,
https://www.rmd.ac.in/dept/cse/research.html,http://maps.google.com/maps/api/js?sensor=false,maps.google.com,no,script,,no,
https://www.rmd.ac.in/dept/cse/research.html,https://www.linkedin.com/in/rmdecprincipal,www.linkedin.com,no,a,Linkedin,no,
https://www.rmd.ac.in/dept/cse/research.html,https://twitter.com/rmdecprincipal,twitter.com,no,a,Twitter,no,
https://www.rmd.ac.in/dept/cse/research.html,https://www.youtube.com/c/RMDEngineeringCollege,www.youtube.com,no,a,Youtube,no,
https://www.rmd.ac.in/dept/cse/research.html,https://www.facebook.com/rmdecprincipal,www.facebook.com,no,a,Facebook,no,
https://www.rmd.ac.in/dept/cse/research.html,https://www.instagram.com/rmdecprincipal,www.instagram.com,no,a,Instagram,no,
https://www.rmd.ac.in/dept/cse/awards.html,http://cdnjs.cloudflare.com/ajax/libs/font-awesome/4.4.0/css/font-awesome.min.css,cdnjs.cloudflare.com,no,stylesheet,,yes,OTHER
https://www.rmd.ac.in/dept/cse/awards.html,https://www.iobnet.co.in/iobpay/entry.do?dirlinkmerid=RMDVEL&amp;dirlinkcatcd=EDU&quot,www.iobnet.co.in,no,area,Pay fee Online,no,
https://www.rmd.ac.in/dept/cse/awards.html,http://maps.google.com/maps/api/js?sensor=false,maps.google.com,no,script,,no,
https://www.rmd.ac.in/dept/cse/awards.html,https://www.linkedin.com/in/rmdecprincipal,www.linkedin.com,no,a,Linkedin,no,
https://www.rmd.ac.in/dept/cse/awards.html,https://twitter.com/rmdecprincipal,twitter.com,no,a,Twitter,no,
https://www.rmd.ac.in/dept/cse/awards.html,https://www.youtube.com/c/RMDEngineeringCollege,www.youtube.com,no,a,Youtube,no,
https://www.rmd.ac.in/dept/cse/awards.html,https://www.facebook.com/rmdecprincipal,www.facebook.com,no,a,Facebook,no,
https://www.rmd.ac.in/dept/cse/awards.html,https://www.instagram.com/rmdecprincipal,www.instagram.com,no,a,Instagram,no,
https://www.rmd.ac.in/dept/cse/activities.html,http://cdnjs.cloudflare.com/ajax/libs/font-awesome/4.4.0/css/font-awesome.min.css,cdnjs.cloudflare.com,no,stylesheet,,yes,OTHER
https://www.rmd.ac.in/dept/cse/activities.html,https://www.iobnet.co.in/iobpay/entry.do?dirlinkmerid=RMDVEL&amp;dirlinkcatcd=EDU&quot,www.iobnet.co.in,no,area,Pay fee Online,no,
https://www.rmd.ac.in/dept/cse/activities.html,http://maps.google.com/maps/api/js?sensor=false,maps.google.com,no,script,,no,
https://www.rmd.ac.in/dept/cse/activities.html,https://www.linkedin.com/in/rmdecprincipal,www.linkedin.com,no,a,Linkedin,no,
https://www.rmd.ac.in/dept/cse/activities.html,https://twitter.com/rmdecprincipal,twitter.com,no,a,Twitter,no,
https://www.rmd.ac.in/dept/cse/activities.html,https://www.youtube.com/c/RMDEngineeringCollege,www.youtube.com,no,a,Youtube,no,
https://www.rmd.ac.in/dept/cse/activities.html,https://www.facebook.com/rmdecprincipal,www.facebook.com,no,a,Facebook,no,
https://www.rmd.ac.in/dept/cse/activities.html,https://www.instagram.com/rmdecprincipal,www.instagram.com,no,a,Instagram,no,
https://www.rmd.ac.in/dept/cse/prof.html,http://cdnjs.cloudflare.com/ajax/libs/font-awesome/4.4.0/css/font-awesome.min.css,cdnjs.cloudflare.com,no,stylesheet,,yes,OTHER
https://www.rmd.ac.in/dept/cse/prof.html,https://www.iobnet.co.in/iobpay/entry.do?dirlinkmerid=RMDVEL&amp;dirlinkcatcd=EDU&quot,www.iobnet.co.in,no,area,Pay fee Online,no,
https://www.rmd.ac.in/dept/cse/prof.html,http://maps.google.com/maps/api/js?sensor=false,maps.google.com,no,script,,no,
https://www.rmd.ac.in/dept/cse/prof.html,https://www.linkedin.com/in/rmdecprincipal,www.linkedin.com,no,a,Linkedin,no,
https://www.rmd.ac.in/dept/cse/prof.html,https://twitter.com/rmdecprincipal,twitter.com,no,a,Twitter,no,
https://www.rmd.ac.in/dept/cse/prof.html,https://www.youtube.com/c/RMDEngineeringCollege,www.youtube.com,no,a,Youtube,no,
https://www.rmd.ac.in/dept/cse/prof.html,https://www.facebook.com/rmdecprincipal,www.facebook.com,no,a,Facebook,no,
https://www.rmd.ac.in/dept/cse/prof.html,https://www.instagram.com/rmdecprincipal,www.instagram.com,no,a,Instagram,no,
https://www.rmd.ac.in/dept/cse/notes.html,http://cdnjs.cloudflare.com/ajax/libs/font-awesome/4.4.0/css/font-awesome.min.css,cdnjs.cloudflare.com,no,stylesheet,,yes,OTHER
https://www.rmd.ac.in/dept/cse/notes.html,https://www.iobnet.co.in/iobpay/entry.do?dirlinkmerid=RMDVEL&amp;dirlinkcatcd=EDU&quot,www.iobnet.co.in,no,area,Pay fee Online,no,
https://www.rmd.ac.in/dept/cse/notes.html,https://drive.google.com/file/d/1jK3QxBze2PEz4fNidUhAYIZJvZB8TB3z/view?usp=drive_link,drive.google.com,no,a,click,no,
https://www.rmd.ac.in/dept/cse/notes.html,https://drive.google.com/file/d/1i0GdbqsWnXTdgM7AyKEjDEzmNFAgWYDD/view?usp=drive_link,drive.google.com,no,a,Unit 1,no,
https://www.rmd.ac.in/dept/cse/notes.html,https://drive.google.com/file/d/1QVjhKRX6igjXTRKdBIRVhyfETTUREzvA/view?usp=drive_link,drive.google.com,no,a,Unit 2,no,
https://www.rmd.ac.in/dept/cse/notes.html,https://drive.google.com/file/d/1MzFzcBrcXkHLg6Xa1_zGgZ500o-IwlyC/view?usp=drive_link,drive.google.com,no,a,Unit 3,no,
https://www.rmd.ac.in/dept/cse/notes.html,https://drive.google.com/file/d/1Xd8TP50Uea_d8cOwi_M0qW6ailxcR3zP/view?usp=drive_link,drive.google.com,no,a,Unit 4,no,
https://www.rmd.ac.in/dept/cse/notes.html,https://drive.google.com/file/d/1U_BQGDQ5axUrANooMb068H4oFhdF5FO_/view?usp=drive_link,drive.google.com,no,a,Unit 5,no,
https://www.rmd.ac.in/dept/cse/notes.html,https://drive.google.com/file/d/15noe_o2ktjVZ9OS5hyP0PY9Fxh4j0jKk/view?usp=drive_link,drive.google.com,no,a,click,no,
https://www.rmd.ac.in/dept/cse/notes.html,https://drive.google.com/file/d/1gK0t_JuPES0Mr490ADbtjAq77CfrEaS_/view?usp=drive_link,drive.google.com,no,a,Unit 1,no,
https://www.rmd.ac.in/dept/cse/notes.html,https://drive.google.com/file/d/12Ksk4qC2N-k9ZwvG2SzRCOiPwqd5kqOO/view?usp=drive_link,drive.google.com,no,a,Unit 2,no,
https://www.rmd.ac.in/dept/cse/notes.html,https://drive.google.com/file/d/1jQjSbqWd3pNqOfZy2lQ8h3H_Htz8D0Fz/view?usp=drive_link,drive.google.com,no,a,Unit 3,no,
https://www.rmd.ac.in/dept/cse/notes.html,https://drive.google.com/file/d/1-cy8BQEtkfCYZCpfVSsr4sRfEbql2U0B/view?usp=drive_link,drive.google.com,no,a,Unit 4,no,
https://www.rmd.ac.in/dept/cse/notes.html,https://drive.google.com/file/d/1yMKjp80xzR8HlCgm3-wxV50a5BqAUP7f/view?usp=drive_link,drive.google.com,no,a,click,no,
https://www.rmd.ac.in/dept/cse/notes.html,https://drive.google.com/file/d/13U7I4YnOQBiY5YzzNW2xMLNL-6qZK8Ek/view?usp=drive_link,drive.google.com,no,a,Unit 1,no,
https://www.rmd.ac.in/dept/cse/notes.html,https://drive.google.com/file/d/1DNEY_MzLXeUjPV6-Fv1g1tA0UpkgD5_w/view?usp=drive_link,drive.google.com,no,a,Unit 2,no,
https://www.rmd.ac.in/dept/cse/notes.html,https://drive.google.com/file/d/1IfP4O8eVZaMOWezWridXj3pCVegzON8p/view?usp=drive_link,drive.google.com,no,a,Unit 3,no,
https://www.rmd.ac.in/dept/cse/notes.html,https://drive.google.com/file/d/1Gfivv8OSlDQA4uARqPIsDHIx0EarSsX2/view?usp=drive_link,drive.google.com,no,a,Unit 4,no,
https://www.rmd.ac.in/dept/cse/notes.html,https://drive.google.com/file/d/1UOI2Q-V4cyOa3vWIkl_T6HDKlZqgd_T_/view?usp=drive_link,drive.google.com,no,a,click,no,
https://www.rmd.ac.in/dept/cse/notes.html,https://drive.google.com/file/d/1WwI1J_m3udSQ5WpHzaHL16knuCDDc_Iv/view?usp=drive_link,drive.google.com,no,a,Unit 1,no,
https://www.rmd.ac.in/dept/cse/notes.html,https://drive.google.com/file/d/12RVd0o2uC9_yxP967aiwhpbP6XGK8vPw/view?usp=drive_link,drive.google.com,no,a,Unit 2,no,
https://www.rmd.ac.in/dept/cse/notes.html,https://drive.google.com/file/d/1kUaopjhH6aGz_LDM3-iDM_7PlBWedQ98/view?usp=drive_link,drive.google.com,no,a,Unit 3,no,
https://www.rmd.ac.in/dept/cse/notes.html,https://drive.google.com/file/d/1NIzrpe9jQXvCWYqanSdfJNlAyQdmAGpa/view?usp=drive_link,drive.google.com,no,a,Unit 4,no,
https://www.rmd.ac.in/dept/cse/notes.html,https://drive.google.com/file/d/1y42Vlx1r2k9QCFeyoVbFZGpsyhukIpeo/view?usp=drive_link,drive.google.com,no,a,Unit 5,no,
https://www.rmd.ac.in/dept/cse/notes.html,https://drive.google.com/file/d/1Ec_uY8qv2ff7OLlSbkURc-dXfLpVc7Xk/view?usp=drive_link,drive.google.com,no,a,click,no,
https://www.rmd.ac.in/dept/cse/notes.html,https://drive.google.com/file/d/1pB58xe0WEYI-Ovo8hyv1vXY_Hc1LtHcw/view?usp=drive_link,drive.google.com,no,a,Unit 1,no,
https://www.rmd.ac.in/dept/cse/notes.html,https://drive.google.com/file/d/13nQzhR0zBqfc9nJlVFuIO4Gi-Gov8N_N/view?usp=drive_link,drive.google.com,no,a,Unit 2,no,
https://www.rmd.ac.in/dept/cse/notes.html,https://drive.google.com/file/d/13E1OgXROKSP-Ycpx56nndmgzdmJ7EELF/view?usp=drive_link,drive.google.com,no,a,Unit 3,no,
https://www.rmd.ac.in/dept/cse/notes.html,https://drive.google.com/file/d/1BRTI95pUchm9A1v2VUowkUoDHsXW2Hi4/view?usp=drive_link,drive.google.com,no,a,Unit 4,no,
https://www.rmd.ac.in/dept/cse/notes.html,https://drive.google.com/file/d/1bnbf8QWXJ-GFPrlrZdVlUpSsVFVJ2XqK/view?usp=drive_link,drive.google.com,no,a,click,no,
https://www.rmd.ac.in/dept/cse/notes.html,https://drive.google.com/file/d/1C0qmZJwcK8CokEEHYE-U5LZJDUMEOxfd/view?usp=drive_link,drive.google.com,no,a,Unit 1,no,
https://www.rmd.ac.in/dept/cse/notes.html,https://drive.google.com/file/d/1fE95ZG9w65eHbD_Dxaf153xi1BM_FHMi/view?usp=drive_link,drive.google.com,no,a,Unit 2,no,
https://www.rmd.ac.in/dept/cse/notes.html,https://drive.google.com/file/d/1eWrkjFD0zfQi8L7SsJVd1Jp-q5vyPHNS/view?usp=drive_link,drive.google.com,no,a,Unit 3,no,
https://www.rmd.ac.in/dept/cse/notes.html,https://drive.google.com/file/d/1gVGzUMTUjXS3SChcITW7GHi-eSy_99m1/view?usp=drive_link,drive.google.com,no,a,Unit 4,no,
https://www.rmd.ac.in/dept/cse/notes.html,https://drive.google.com/file/d/1TLjR4c3yOnfyy8JM9C4_2ScjrRLDgjpE/view?usp=drive_link,drive.google.com,no,a,click,no,
https://www.rmd.ac.in/dept/cse/notes.html,https://drive.google.com/file/d/1EalALtTWGkV7HpxZojSNw7cZQ8W9lbzA/view?usp=drive_link,drive.google.com,no,a,Unit 1,no,
https://www.rmd.ac.in/dept/cse/notes.html,https://drive.google.com/file/d/14_X1iIitXW3ykJLX9Fw1UGqkEppqfb8Z/view?usp=drive_link,drive.google.com,no,a,Unit 2,no,
https://www.rmd.ac.in/dept/cse/notes.html,https://drive.google.com/file/d/1UtNU2WRiSpntTaAG2VUaNlZAaO_KFjE9/view?usp=drive_link,drive.google.com,no,a,Unit 3,no,
https://www.rmd.ac.in/dept/cse/notes.html,https://drive.google.com/file/d/17RJRLgIiCqxvAGveyqjVbW5tQBFNRNMC/view?usp=drive_link,drive.google.com,no,a,click,no,
https://www.rmd.ac.in/dept/cse/notes.html,https://drive.google.com/file/d/15emmhvsHnKPemE2EfGzlXeSrak4M6llD/view?usp=drive_link,drive.google.com,no,a,Unit 1,no,
https://www.rmd.ac.in/dept/cse/notes.html,https://drive.google.com/file/d/1AWJANEDuw3fqofIT7_ystrm0dEcSCpeJ/view?usp=drive_link,drive.google.com,no,a,Unit 2,no,
https://www.rmd.ac.in/dept/cse/notes.html,https://drive.google.com/file/d/1oHTIzgAtcjqhV3rkW5bdMxPuzIoqrXrR/view?usp=drive_link,drive.google.com,no,a,Unit 3,no,
https://www.rmd.ac.in/dept/cse/notes.html,https://drive.google.com/file/d/1-EyZ0k3G1OXOG6dHjzqtW3s_ixdB9BGd/view?usp=drive_link,drive.google.com,no,a,Unit 4,no,
https://www.rmd.ac.in/dept/cse/notes.html,https://drive.google.com/file/d/1QQAvyUtoinHctyAwV1QhTkji9T557Fey/view?usp=drive_link,drive.google.com,no,a,click,no,
https://www.rmd.ac.in/dept/cse/notes.html,https://drive.google.com/file/d/1DH4Z3AQqBbS4NIfCaVTWCYJcmcw2krxW/view?usp=drive_link,drive.google.com,no,a,Unit 1,no,
https://www.rmd.ac.in/dept/cse/notes.html,https://drive.google.com/file/d/1_XPzgvL45dr2yDD6OWw4e7F1C258JblQ/view?usp=drive_link,drive.google.com,no,a,Unit 2,no,
https://www.rmd.ac.in/dept/cse/notes.html,https://drive.google.com/file/d/1r_ocq6mK8dkLKEok00lgjBYlyCKdLH1n/view?usp=drive_link,drive.google.com,no,a,Unit 3,no,
https://www.rmd.ac.in/dept/cse/notes.html,https://drive.google.com/file/d/1xtd1V63a1f66nAkKpvTTya8hGZJOm4D6/view?usp=drive_link,drive.google.com,no,a,Unit 4,no,
https://www.rmd.ac.in/dept/cse/notes.html,https://drive.google.com/file/d/126W7Y8am-idNGg8AYC-CWSNn9TTf1H4E/view?usp=drive_link,drive.google.com,no,a,Unit 5,no,
https://www.rmd.ac.in/dept/cse/notes.html,https://drive.google.com/file/d/15MYTvCUrp2n_yOiNvuSpYP0WS0vhjq-E/view?usp=drive_link,drive.google.com,no,a,click,no,
https://www.rmd.ac.in/dept/cse/notes.html,https://drive.google.com/file/d/17CaZR1pse1iuXE4ib9bUYsiSzIQ1fNPC/view?usp=drive_link,drive.google.com,no,a,Unit 1,no,
https://www.rmd.ac.in/dept/cse/notes.html,https://drive.google.com/file/d/1MuU_-OIOsN1tBr7Pr70vocMDJqD7uMMz/view?usp=drive_link,drive.google.com,no,a,Unit 2,no,
https://www.rmd.ac.in/dept/cse/notes.html,https://drive.google.com/file/d/1aXE7KavHVg1H7nFdofpCSHoELVkOPosL/view?usp=drive_link,drive.google.com,no,a,Unit 3,no,
https://www.rmd.ac.in/dept/cse/notes.html,https://drive.google.com/file/d/1yzOz6xUjUDp6Opc3TLm3AcagQa7w1iHr/view?usp=drive_link,drive.google.com,no,a,Unit 4,no,
https://www.rmd.ac.in/dept/cse/notes.html,https://drive.google.com/file/d/1pWX6LooqdM1Qiq7Uqyf7dbVEZ9YeRfIV/view?usp=drive_link,drive.google.com,no,a,click,no,
https://www.rmd.ac.in/dept/cse/notes.html,https://drive.google.com/file/d/1dKEik-3Qz1IjanlvxzwxmmBP1yvrE7yb/view?usp=drive_link,drive.google.com,no,a,Unit 1,no,
https://www.rmd.ac.in/dept/cse/notes.html,https://drive.google.com/file/d/1uhUCD3HLC13Jg09o5i4ghPh2r1zBhrYp/view?usp=drive_link,drive.google.com,no,a,Unit 2,no,
https://www.rmd.ac.in/dept/cse/notes.html,https://drive.google.com/file/d/1LUh8W1vneohwS7qGRbmsxU32jl3mXPud/view?usp=drive_link,drive.google.com,no,a,Unit 3,no,
https://www.rmd.ac.in/dept/cse/notes.html,https://drive.google.com/file/d/1rlZ9-UPEm6-dTIHHLS_3qNGDeqImeIAS/view?usp=drive_link,drive.google.com,no,a,Unit 4,no,
https://www.rmd.ac.in/dept/cse/notes.html,https://drive.google.com/file/d/1SrCYtO3oKX_-GUdIIemALJRuFavKOcut/view?usp=drive_link,drive.google.com,no,a,Unit 5,no,
https://www.rmd.ac.in/dept/cse/notes.html,https://drive.google.com/file/d/1dWs93yJEaeyuK9mbWzm0XVyAe7UbD6JS/view?usp=drive_link,drive.google.com,no,a,click,no,
https://www.rmd.ac.in/dept/cse/notes.html,https://drive.google.com/file/d/10cRQCvBL3pME9z9z3d_ao1PYo2UxZVTE/view?usp=drive_link,drive.google.com,no,a,Unit 1,no,
https://www.rmd.ac.in/dept/cse/notes.html,https://drive.google.com/file/d/1WBlGu5iekOhRPb_ldHDfDYsGXx62lPEa/view?usp=drive_link,drive.google.com,no,a,Unit 2,no,
https://www.rmd.ac.in/dept/cse/notes.html,https://drive.google.com/file/d/10S8bycHOXPU29m5z2z2B5tTwdWcicfa1/view?usp=drive_link,drive.google.com,no,a,Unit 3,no,
https://www.rmd.ac.in/dept/cse/notes.html,https://drive.google.com/file/d/1xhY0m5QJevygpl_ZzIthhfh95rZuzKLQ/view?usp=drive_link,drive.google.com,no,a,Unit 4,no,
https://www.rmd.ac.in/dept/cse/notes.html,https://drive.google.com/file/d/1RwrhgTsCIp3qHxeXKgNRpTefRlA0b3ci/view?usp=drive_link,drive.google.com,no,a,Unit 5,no,
https://www.rmd.ac.in/dept/cse/notes.html,https://drive.google.com/file/d/1vav_7SjcKhNO6Dncoj7J4YmFmS3AhkKS/view?usp=drive_link,drive.google.com,no,a,click,no,
https://www.rmd.ac.in/dept/cse/notes.html,https://drive.google.com/file/d/1a87i7RD8l4BdtFCcsQ3ZnycdxEennThv/view?usp=drive_link,drive.google.com,no,a,Unit 1,no,
https://www.rmd.ac.in/dept/cse/notes.html,https://drive.google.com/file/d/1Yft2kEJD3iApuMpEb1R8UJNo8E0huSk9/view?usp=drive_link,drive.google.com,no,a,Unit 2,no,
https://www.rmd.ac.in/dept/cse/notes.html,https://drive.google.com/file/d/1Jni4xPa9VUTnGxLD4lzPx-ls7xlIg_6O/view?usp=drive_link,drive.google.com,no,a,Unit 3,no,
https://www.rmd.ac.in/dept/cse/notes.html,https://drive.google.com/file/d/15y_DblTlfbMXs4Eu8GeWhCJCpdBJP0mu/view?usp=drive_link,drive.google.com,no,a,Unit 4,no,
https://www.rmd.ac.in/dept/cse/notes.html,https://drive.google.com/file/d/1NFNW_wLH5q4A_WGWjalwzjWh-Jw6-buq/view?usp=drive_link,drive.google.com,no,a,Unit 5,no,
https://www.rmd.ac.in/dept/cse/notes.html,https://drive.google.com/file/d/1pymowjcLX-burclo71flA9snUF95SP-Q/view?usp=drive_link,drive.google.com,no,a,click,no,
https://www.rmd.ac.in/dept/cse/notes.html,https://drive.google.com/file/d/1mQUDFlE9UzdQ4o6qhmmez209u3wPn-JB/view?usp=drive_link,drive.google.com,no,a,Unit 1,no,
https://www.rmd.ac.in/dept/cse/notes.html,https://drive.google.com/file/d/1W5Egp_xNrJKvNoospYYi-k4BnDISLO98/view?usp=drive_link,drive.google.com,no,a,Unit 2,no,
https://www.rmd.ac.in/dept/cse/notes.html,https://drive.google.com/file/d/1ZqZ4RnpDm9f5nMln1UjB8XOP4NP8Cwx8/view?usp=drive_link,drive.google.com,no,a,Unit 3,no,
https://www.rmd.ac.in/dept/cse/notes.html,https://drive.google.com/file/d/1c2oflwz0KaTUDYOcNhcx4yjghnWw46B4/view?usp=drive_link,drive.google.com,no,a,Unit 4,no,
https://www.rmd.ac.in/dept/cse/notes.html,https://drive.google.com/file/d/1bv14RK5WFrAQKat1dmmWvQfWWfyPBxvw/view?usp=drive_link,drive.google.com,no,a,Unit 5,no,
https://www.rmd.ac.in/dept/cse/notes.html,https://drive.google.com/file/d/1BqbwhkMwcuuxyqL-FPa0SIlYnxU99Vbi/view?usp=drive_link,drive.google.com,no,a,click,no,
https://www.rmd.ac.in/dept/cse/notes.html,https://drive.google.com/file/d/1ZysbUnZbaKt3r76U99ai2Pep7oHAro_A/view?usp=drive_link,drive.google.com,no,a,Unit 1,no,
https://www.rmd.ac.in/dept/cse/notes.html,https://drive.google.com/file/d/14_10GPC_Svt3D968P6_NMYlhHhE-MhS4/view?usp=drive_link,drive.google.com,no,a,Unit 2,no,
https://www.rmd.ac.in/dept/cse/notes.html,https://drive.google.com/file/d/1wNojWwSHu9fEQNqVBZUwjM9Z-zOC0MPE/view?usp=drive_link,drive.google.com,no,a,click,no,
https://www.rmd.ac.in/dept/cse/notes.html,https://drive.google.com/file/d/1zQZ0RB3W4OyheckKTEbZ90WRcnq7bO-D/view?usp=drive_link,drive.google.com,no,a,Unit 1,no,
https://www.rmd.ac.in/dept/cse/notes.html,https://drive.google.com/file/d/12AKWPlYHFy-SDMrYivQEIiYhS3Nd5XE7/view?usp=drive_link,drive.google.com,no,a,Unit 2,no,
https://www.rmd.ac.in/dept/cse/notes.html,https://drive.google.com/file/d/1OvEJPUpqMaVK--5V5aC4rPe_Jca30Fko/view?usp=drive_link,drive.google.com,no,a,Unit 3,no,
https://www.rmd.ac.in/dept/cse/notes.html,https://drive.google.com/file/d/1ypfbB1ZsiSzkc6WmjqM1Qq-p-XJk_NpS/view?usp=drive_link,drive.google.com,no,a,Unit 4,no,
https://www.rmd.ac.in/dept/cse/notes.html,https://drive.google.com/file/d/1LqEykls38go9RslOdl34VMjDPnKcL8Jx/view?usp=drive_link,drive.google.com,no,a,Unit 5,no,
https://www.rmd.ac.in/dept/cse/notes.html,https://drive.google.com/file/d/1u4ZU53tYiP7e1BKEk_bA357Pgt2fTGxc/view?usp=drive_link,drive.google.com,no,a,click,no,
https://www.rmd.ac.in/dept/cse/notes.html,https://drive.google.com/file/d/1GDanzXvvxOIoTglLnhLVYdrPpVQng3PY/view?usp=drive_link,drive.google.com,no,a,Unit 1,no,
https://www.rmd.ac.in/dept/cse/notes.html,https://drive.google.com/file/d/1rnOA82fbJ7P16CSAXBkmYYCkQ00i4GVv/view?usp=drive_link,drive.google.com,no,a,Unit 2,no,
https://www.rmd.ac.in/dept/cse/notes.html,https://drive.google.com/file/d/1UY4s0L2JlMjrklBRJGQnNUyEdeVYJWmQ/view?usp=drive_link,drive.google.com,no,a,Unit 3,no,
https://www.rmd.ac.in/dept/cse/notes.html,https://drive.google.com/file/d/1qYi-CKRXVuxXYj9RB65H_kEu8iUaqFnH/view?usp=drive_link,drive.google.com,no,a,Unit 4,no,
https://www.rmd.ac.in/dept/cse/notes.html,https://drive.google.com/file/d/1NAzeyLPCQsx_pLoofWs3jZ2aX3MOg8Ja/view?usp=drive_link,drive.google.com,no,a,Unit 5,no,
https://www.rmd.ac.in/dept/cse/notes.html,https://drive.google.com/file/d/11vVaxX47rYuD0vl5l2Y0lA8vBURh9aG0/view?usp=drive_link,drive.google.com,no,a,click,no,
https://www.rmd.ac.in/dept/cse/notes.html,https://drive.google.com/file/d/12078fuCvI6393v3qZpO6kIYFGGNNKp8a/view?usp=drive_link,drive.google.com,no,a,Unit 1,no,
https://www.rmd.ac.in/dept/cse/notes.html,https://drive.google.com/file/d/1_CNnypYUkCPHTIxyYtYCawPn6IZUeEWM/view?usp=drive_link,drive.google.com,no,a,Unit 2,no,
https://www.rmd.ac.in/dept/cse/notes.html,https://drive.google.com/file/d/19nM2g8s11cyQ1VPEriWY8qVo3mWSyrjX/view?usp=drive_link,drive.google.com,no,a,Unit 3,no,
https://www.rmd.ac.in/dept/cse/notes.html,https://drive.google.com/file/d/1ypVvOo1rZ55Cba0iwDbBuUnaymjPGiwS/view?usp=drive_link,drive.google.com,no,a,Unit 4,no,
https://www.rmd.ac.in/dept/cse/notes.html,https://drive.google.com/file/d/1JzOEddApGX5f4TMnQFGmcOArd9_n8yr9/view?usp=drive_link,drive.google.com,no,a,Unit 5,no,
https://www.rmd.ac.in/dept/cse/notes.html,https://drive.google.com/file/d/1RyvCggIbl1-z9gE4Q9bMwHKDlfTBWSkR/view?usp=drive_link,drive.google.com,no,a,click,no,
https://www.rmd.ac.in/dept/cse/notes.html,https://drive.google.com/file/d/1E8wTnXHFg2gWp3tAMnB4YCt3Xk0C53PO/view?usp=drive_link,drive.google.com,no,a,Unit 1,no,
https://www.rmd.ac.in/dept/cse/notes.html,https://drive.google.com/file/d/1fMkZT1SHzT-IUyMklfA7msVxCwPid48J/view?usp=drive_link,drive.google.com,no,a,Unit 2,no,
https://www.rmd.ac.in/dept/cse/notes.html,https://drive.google.com/file/d/12jDTcYGT_9AuWr1VsBk8fYMGGAheUBhc/view?usp=drive_link,drive.google.com,no,a,Unit 3,no,
https://www.rmd.ac.in/dept/cse/notes.html,https://drive.google.com/file/d/1VF73CKhNKC52OLk9qdMx2XzyLpbcGsh2/view?usp=drive_link,drive.google.com,no,a,Unit 4,no,
https://www.rmd.ac.in/dept/cse/notes.html,https://drive.google.com/file/d/13viNwLL6edB4zFArEOfHr_H86wFivzQ0/view?usp=drive_link,drive.google.com,no,a,Unit 5,no,
https://www.rmd.ac.in/dept/cse/notes.html,https://drive.google.com/file/d/1xEb4cNoTgojIDgt48mDoOFVY8zCYg_JS/view?usp=drive_link,drive.google.com,no,a,click,no,
https://www.rmd.ac.in/dept/cse/notes.html,https://drive.google.com/file/d/1xyTV8dz1pBg3R6J3pgXltI-Ztjyhb7LQ/view?usp=drive_link,drive.google.com,no,a,Unit 1,no,
https://www.rmd.ac.in/dept/cse/notes.html,https://drive.google.com/file/d/1kfrV0hR2OHCjUIackoRjJmu11wFfYd-Q/view?usp=drive_link,drive.google.com,no,a,Unit 2,no,
https://www.rmd.ac.in/dept/cse/notes.html,https://drive.google.com/file/d/1TCPj8IKXRoqWXEyLwaZtmGCufj3hZ0NH/view?usp=drive_link,drive.google.com,no,a,Unit 3,no,
https://www.rmd.ac.in/dept/cse/notes.html,https://drive.google.com/file/d/1LaoidGzqMKTLPua9ddWiW7-Ebavju2pF/view?usp=drive_link,drive.google.com,no,a,Unit 4,no,
https://www.rmd.ac.in/dept/cse/notes.html,https://drive.google.com/file/d/1sxmn0I6odJZ07Q0ZpjWCp9kzHYlTXa7p/view?usp=drive_link,drive.google.com,no,a,Unit 5,no,
https://www.rmd.ac.in/dept/cse/notes.html,http://maps.google.com/maps/api/js?sensor=false,maps.google.com,no,script,,no,
https://www.rmd.ac.in/dept/cse/notes.html,https://www.linkedin.com/in/rmdecprincipal,www.linkedin.com,no,a,Linkedin,no,
https://www.rmd.ac.in/dept/cse/notes.html,https://twitter.com/rmdecprincipal,twitter.com,no,a,Twitter,no,
https://www.rmd.ac.in/dept/cse/notes.html,https://www.youtube.com/c/RMDEngineeringCollege,www.youtube.com,no,a,Youtube,no,
https://www.rmd.ac.in/dept/cse/notes.html,https://www.facebook.com/rmdecprincipal,www.facebook.com,no,a,Facebook,no,
https://www.rmd.ac.in/dept/cse/notes.html,https://www.instagram.com/rmdecprincipal,www.instagram.com,no,a,Instagram,no,
https://www.rmd.ac.in/dept/cse/youtubematerial.html,http://cdnjs.cloudflare.com/ajax/libs/font-awesome/4.4.0/css/font-awesome.min.css,cdnjs.cloudflare.com,no,stylesheet,,yes,OTHER
https://www.rmd.ac.in/dept/cse/youtubematerial.html,https://www.iobnet.co.in/iobpay/entry.do?dirlinkmerid=RMDVEL&amp;dirlinkcatcd=EDU&quot,www.iobnet.co.in,no,area,Pay fee Online,no,
https://www.rmd.ac.in/dept/cse/youtubematerial.html,http://maps.google.com/maps/api/js?sensor=false,maps.google.com,no,script,,no,
https://www.rmd.ac.in/dept/cse/youtubematerial.html,https://www.linkedin.com/in/rmdecprincipal,www.linkedin.com,no,a,Linkedin,no,
https://www.rmd.ac.in/dept/cse/youtubematerial.html,https://twitter.com/rmdecprincipal,twitter.com,no,a,Twitter,no,
https://www.rmd.ac.in/dept/cse/youtubematerial.html,https://www.youtube.com/c/RMDEngineeringCollege,www.youtube.com,no,a,Youtube,no,
https://www.rmd.ac.in/dept/cse/youtubematerial.html,https://www.facebook.com/rmdecprincipal,www.facebook.com,no,a,Facebook,no,
https://www.rmd.ac.in/dept/cse/youtubematerial.html,https://www.instagram.com/rmdecprincipal,www.instagram.com,no,a,Instagram,no,
https://www.rmd.ac.in/dept/cse/onlinecourse.html,http://cdnjs.cloudflare.com/ajax/libs/font-awesome/4.4.0/css/font-awesome.min.css,cdnjs.cloudflare.com,no,stylesheet,,yes,OTHER
https://www.rmd.ac.in/dept/cse/onlinecourse.html,https://www.iobnet.co.in/iobpay/entry.do?dirlinkmerid=RMDVEL&amp;dirlinkcatcd=EDU&quot,www.iobnet.co.in,no,area,Pay fee Online,no,
https://www.rmd.ac.in/dept/cse/onlinecourse.html,http://maps.google.com/maps/api/js?sensor=false,maps.google.com,no,script,,no,
https://www.rmd.ac.in/dept/cse/onlinecourse.html,https://www.linkedin.com/in/rmdecprincipal,www.linkedin.com,no,a,Linkedin,no,
https://www.rmd.ac.in/dept/cse/onlinecourse.html,https://twitter.com/rmdecprincipal,twitter.com,no,a,Twitter,no,
https://www.rmd.ac.in/dept/cse/onlinecourse.html,https://www.youtube.com/c/RMDEngineeringCollege,www.youtube.com,no,a,Youtube,no,
https://www.rmd.ac.in/dept/cse/onlinecourse.html,https://www.facebook.com/rmdecprincipal,www.facebook.com,no,a,Facebook,no,
https://www.rmd.ac.in/dept/cse/onlinecourse.html,https://www.instagram.com/rmdecprincipal,www.instagram.com,no,a,Instagram,no,
https://www.rmd.ac.in/dept/cse/webinar.html,http://cdnjs.cloudflare.com/ajax/libs/font-awesome/4.4.0/css/font-awesome.min.css,cdnjs.cloudflare.com,no,stylesheet,,yes,OTHER
https://www.rmd.ac.in/dept/cse/webinar.html,https://www.iobnet.co.in/iobpay/entry.do?dirlinkmerid=RMDVEL&amp;dirlinkcatcd=EDU&quot,www.iobnet.co.in,no,area,Pay fee Online,no,
https://www.rmd.ac.in/dept/cse/webinar.html,https://drive.google.com/file/d/1uBYmgJqlcp6rS1WrfmSvO9aRBa73qXYb/view?usp=sharing,drive.google.com,no,a,Link,no,
https://www.rmd.ac.in/dept/cse/webinar.html,https://drive.google.com/file/d/1LVGLev4umhEV0ApukIr8jM-4GNKNmQRm/view?usp=sharing,drive.google.com,no,a,Link,no,
https://www.rmd.ac.in/dept/cse/webinar.html,https://drive.google.com/file/d/18oxTaxoBnZ4A3t9nvPNsBbmSngbI9jE7/view?usp=sharing,drive.google.com,no,a,Link,no,
https://www.rmd.ac.in/dept/cse/webinar.html,https://drive.google.com/file/d/1cay-pferaTcJAae3i_C4vupJcScW_nbp/view?usp=sharing,drive.google.com,no,a,Link,no,
https://www.rmd.ac.in/dept/cse/webinar.html,https://drive.google.com/file/d/1J7ErAx0BzHOmRsGHiYNaRbvudwoB5pT1/view?usp=sharing,drive.google.com,no,a,Link,no,
https://www.rmd.ac.in/dept/cse/webinar.html,https://drive.google.com/file/d/1OFbzQS9jmCj-riwUTB1ACY6c3bZ3DeeA/view?usp=sharing,drive.google.com,no,a,Link,no,
https://www.rmd.ac.in/dept/cse/webinar.html,https://drive.google.com/file/d/1HRPwmCNKJtuMwe06t0CEqOjmR4mwNMT_/view?usp=sharing,drive.google.com,no,a,Link,no,
https://www.rmd.ac.in/dept/cse/webinar.html,https://drive.google.com/file/d/1OFyr9mnAUrsQeha0IWTc_BF5hiZmRxpe/view?usp=sharing,drive.google.com,no,a,Link,no,
https://www.rmd.ac.in/dept/cse/webinar.html,https://drive.google.com/file/d/1Qxcxfu0AmqGrmBxSzyuiPvazsdOU6m-N/view?usp=sharing,drive.google.com,no,a,Link,no,
https://www.rmd.ac.in/dept/cse/webinar.html,https://drive.google.com/file/d/1Zh3Uh2u0qGFgw18y0UHgUjZ9uy8TjlTW/view?usp=sharing,drive.google.com,no,a,Link,no,
https://www.rmd.ac.in/dept/cse/webinar.html,https://drive.google.com/file/d/1R_ESQ4INFYPCXStmh5vzw-f6XS6xeU5g/view?usp=sharing,drive.google.com,no,a,Link,no,
https://www.rmd.ac.in/dept/cse/webinar.html,https://drive.google.com/file/d/1vl1yptTAZJa0qNxqPKCXoZR215Qz-V6T/view?usp=sharing,drive.google.com,no,a,Link,no,
https://www.rmd.ac.in/dept/cse/webinar.html,https://drive.google.com/file/d/1eKcO1jatq5nwluepVERZq5QpzFzy4jqn/view?usp=sharing,drive.google.com,no,a,Link,no,
https://www.rmd.ac.in/dept/cse/webinar.html,https://drive.google.com/file/d/1CQ-_WElpZudYDQf4K0QPxKV6YC5rg29Z/view?usp=sharing,drive.google.com,no,a,Link,no,
https://www.rmd.ac.in/dept/cse/webinar.html,https://drive.google.com/file/d/12ph-Mivk-6LGVBXAn6Bm_-rEMi52Gl_j/view?usp=sharing,drive.google.com,no,a,Link,no,
https://www.rmd.ac.in/dept/cse/webinar.html,https://drive.google.com/file/d/1mLGzF1H36REep4U7Fek9MNQn75SFOnhR/view?usp=sharing,drive.google.com,no,a,Link,no,
https://www.rmd.ac.in/dept/cse/webinar.html,https://drive.google.com/file/d/1UOG8ng74DxqSx7Eddb48L0X6DKhLs_-c/view?usp=sharing,drive.google.com,no,a,Link,no,
https://www.rmd.ac.in/dept/cse/webinar.html,https://drive.google.com/file/d/1Yr_AoZcE35F8PcIjj7ZtjaL87DdpIXSL/view?usp=sharing,drive.google.com,no,a,Link,no,
https://www.rmd.ac.in/dept/cse/webinar.html,https://drive.google.com/file/d/14gUt6TGstanYx3twG3sIwzMwSVDLu2iE/view?usp=sharing,drive.google.com,no,a,Link,no,
https://www.rmd.ac.in/dept/cse/webinar.html,https://drive.google.com/file/d/1A5EqKnf_4GJy5y6ylJiWKxa3lZicieue/view?usp=sharing,drive.google.com,no,a,Link,no,
https://www.rmd.ac.in/dept/cse/webinar.html,https://drive.google.com/file/d/1d7TRb8gC6i1B7Pv7HNMOgZqDDaQQPX3_/view?usp=sharing,drive.google.com,no,a,Link,no,
https://www.rmd.ac.in/dept/cse/webinar.html,https://drive.google.com/file/d/1K30auCG_AtkWDEceJAmh5AnCBJ0ZxvXu/view?usp=sharing,drive.google.com,no,a,Link,no,
https://www.rmd.ac.in/dept/cse/webinar.html,https://drive.google.com/file/d/1sfMLMEdFNgDkvmtPpe7IG10SEKH9nDaR/view?usp=sharing,drive.google.com,no,a,Link,no,
https://www.rmd.ac.in/dept/cse/webinar.html,https://drive.google.com/file/d/19LzWYb7bd-42bRhVumFBgt2f045yzo1D/view?usp=sharing,drive.google.com,no,a,Link,no,
https://www.rmd.ac.in/dept/cse/webinar.html,https://drive.google.com/file/d/1LNt4_RxQ3TN-BQMJm5qBff90ginz3-29/view?usp=sharing,drive.google.com,no,a,Link,no,
https://www.rmd.ac.in/dept/cse/webinar.html,https://drive.google.com/file/d/1GYgfCQ1GJwXrzO8Ny9nreuLeOAw9pEks/view?usp=sharing,drive.google.com,no,a,Link,no,
https://www.rmd.ac.in/dept/cse/webinar.html,https://drive.google.com/file/d/1apmBmUmzsu3KadCmOnq-a6Ncb4P7CGTt/view?usp=sharing,drive.google.com,no,a,Link,no,
https://www.rmd.ac.in/dept/cse/webinar.html,https://drive.google.com/file/d/1r9cqE90LLqxLDzgYa6DuKfA5CuW1kMz3/view?usp=sharing,drive.google.com,no,a,Link,no,
https://www.rmd.ac.in/dept/cse/webinar.html,https://drive.google.com/file/d/1s0whcJ55jkiPZlT2li1jL_8QqYf0zh_3/view?usp=sharing,drive.google.com,no,a,Link,no,
https://www.rmd.ac.in/dept/cse/webinar.html,http://maps.google.com/maps/api/js?sensor=false,maps.google.com,no,script,,no,
https://www.rmd.ac.in/dept/cse/webinar.html,https://www.linkedin.com/in/rmdecprincipal,www.linkedin.com,no,a,Linkedin,no,
https://www.rmd.ac.in/dept/cse/webinar.html,https://twitter.com/rmdecprincipal,twitter.com,no,a,Twitter,no,
https://www.rmd.ac.in/dept/cse/webinar.html,https://www.youtube.com/c/RMDEngineeringCollege,www.youtube.com,no,a,Youtube,no,
https://www.rmd.ac.in/dept/cse/webinar.html,https://www.facebook.com/rmdecprincipal,www.facebook.com,no,a,Facebook,no,
https://www.rmd.ac.in/dept/cse/webinar.html,https://www.instagram.com/rmdecprincipal,www.instagram.com,no,a,Instagram,no,
https://www.rmd.ac.in/dept/cse/rank.html,http://cdnjs.cloudflare.com/ajax/libs/font-awesome/4.4.0/css/font-awesome.min.css,cdnjs.cloudflare.com,no,stylesheet,,yes,OTHER
https://www.rmd.ac.in/dept/cse/rank.html,https://www.iobnet.co.in/iobpay/entry.do?dirlinkmerid=RMDVEL&amp;dirlinkcatcd=EDU&quot,www.iobnet.co.in,no,area,Pay fee Online,no,
https://www.rmd.ac.in/dept/cse/rank.html,http://maps.google.com/maps/api/js?sensor=false,maps.google.com,no,script,,no,
https://www.rmd.ac.in/dept/cse/rank.html,https://www.linkedin.com/in/rmdecprincipal,www.linkedin.com,no,a,Linkedin,no,
https://www.rmd.ac.in/dept/cse/rank.html,https://twitter.com/rmdecprincipal,twitter.com,no,a,Twitter,no,
https://www.rmd.ac.in/dept/cse/rank.html,https://www.youtube.com/c/RMDEngineeringCollege,www.youtube.com,no,a,Youtube,no,
https://www.rmd.ac.in/dept/cse/rank.html,https://www.facebook.com/rmdecprincipal,www.facebook.com,no,a,Facebook,no,
https://www.rmd.ac.in/dept/cse/rank.html,https://www.instagram.com/rmdecprincipal,www.instagram.com,no,a,Instagram,no,
https://www.rmd.ac.in/dept/cse/plac.html,http://cdnjs.cloudflare.com/ajax/libs/font-awesome/4.4.0/css/font-awesome.min.css,cdnjs.cloudflare.com,no,stylesheet,,yes,OTHER
https://www.rmd.ac.in/dept/cse/plac.html,https://www.iobnet.co.in/iobpay/entry.do?dirlinkmerid=RMDVEL&amp;dirlinkcatcd=EDU&quot,www.iobnet.co.in,no,area,Pay fee Online,no,
https://www.rmd.ac.in/dept/cse/plac.html,http://maps.google.com/maps/api/js?sensor=false,maps.google.com,no,script,,no,
https://www.rmd.ac.in/dept/cse/plac.html,https://www.linkedin.com/in/rmdecprincipal,www.linkedin.com,no,a,Linkedin,no,
https://www.rmd.ac.in/dept/cse/plac.html,https://twitter.com/rmdecprincipal,twitter.com,no,a,Twitter,no,
https://www.rmd.ac.in/dept/cse/plac.html,https://www.youtube.com/c/RMDEngineeringCollege,www.youtube.com,no,a,Youtube,no,
https://www.rmd.ac.in/dept/cse/plac.html,https://www.facebook.com/rmdecprincipal,www.facebook.com,no,a,Facebook,no,
https://www.rmd.ac.in/dept/cse/plac.html,https://www.instagram.com/rmdecprincipal,www.instagram.com,no,a,Instagram,no,
https://www.rmd.ac.in/dept/cse/higher.html,http://cdnjs.cloudflare.com/ajax/libs/font-awesome/4.4.0/css/font-awesome.min.css,cdnjs.cloudflare.com,no,stylesheet,,yes,OTHER
https://www.rmd.ac.in/dept/cse/higher.html,https://www.iobnet.co.in/iobpay/entry.do?dirlinkmerid=RMDVEL&amp;dirlinkcatcd=EDU&quot,www.iobnet.co.in,no,area,Pay fee Online,no,
https://www.rmd.ac.in/dept/cse/higher.html,http://maps.google.com/maps/api/js?sensor=false,maps.google.com,no,script,,no,
https://www.rmd.ac.in/dept/cse/higher.html,https://www.linkedin.com/in/rmdecprincipal,www.linkedin.com,no,a,Linkedin,no,
https://www.rmd.ac.in/dept/cse/higher.html,https://twitter.com/rmdecprincipal,twitter.com,no,a,Twitter,no,
https://www.rmd.ac.in/dept/cse/higher.html,https://www.youtube.com/c/RMDEngineeringCollege,www.youtube.com,no,a,Youtube,no,
https://www.rmd.ac.in/dept/cse/higher.html,https://www.facebook.com/rmdecprincipal,www.facebook.com,no,a,Facebook,no,
https://www.rmd.ac.in/dept/cse/higher.html,https://www.instagram.com/rmdecprincipal,www.instagram.com,no,a,Instagram,no,
https://www.rmd.ac.in/dept/cse/iv.html,http://cdnjs.cloudflare.com/ajax/libs/font-awesome/4.4.0/css/font-awesome.min.css,cdnjs.cloudflare.com,no,stylesheet,,yes,OTHER
https://www.rmd.ac.in/dept/cse/iv.html,https://www.iobnet.co.in/iobpay/entry.do?dirlinkmerid=RMDVEL&amp;dirlinkcatcd=EDU&quot,www.iobnet.co.in,no,area,Pay fee Online,no,
https://www.rmd.ac.in/dept/cse/iv.html,https://www.linkedin.com/in/rmdecprincipal,www.linkedin.com,no,a,Linkedin,no,
https://www.rmd.ac.in/dept/cse/iv.html,https://twitter.com/rmdecprincipal,twitter.com,no,a,Twitter,no,
https://www.rmd.ac.in/dept/cse/iv.html,https://www.youtube.com/c/RMDEngineeringCollege,www.youtube.com,no,a,Youtube,no,
https://www.rmd.ac.in/dept/cse/iv.html,https://www.facebook.com/rmdecprincipal,www.facebook.com,no,a,Facebook,no,
https://www.rmd.ac.in/dept/cse/iv.html,https://www.instagram.com/rmdecprincipal,www.instagram.com,no,a,Instagram,no,
https://www.rmd.ac.in/dept/cse/gv.html,http://cdnjs.cloudflare.com/ajax/libs/font-awesome/4.4.0/css/font-awesome.min.css,cdnjs.cloudflare.com,no,stylesheet,,yes,OTHER
https://www.rmd.ac.in/dept/cse/gv.html,https://www.iobnet.co.in/iobpay/entry.do?dirlinkmerid=RMDVEL&amp;dirlinkcatcd=EDU&quot,www.iobnet.co.in,no,area,Pay fee Online,no,
https://www.rmd.ac.in/dept/cse/gv.html,http://maps.google.com/maps/api/js?sensor=false,maps.google.com,no,script,,no,
https://www.rmd.ac.in/dept/cse/gv.html,https://www.linkedin.com/in/rmdecprincipal,www.linkedin.com,no,a,Linkedin,no,
https://www.rmd.ac.in/dept/cse/gv.html,https://twitter.com/rmdecprincipal,twitter.com,no,a,Twitter,no,
https://www.rmd.ac.in/dept/cse/gv.html,https://www.youtube.com/c/RMDEngineeringCollege,www.youtube.com,no,a,Youtube,no,
https://www.rmd.ac.in/dept/cse/gv.html,https://www.facebook.com/rmdecprincipal,www.facebook.com,no,a,Facebook,no,
https://www.rmd.ac.in/dept/cse/gv.html,https://www.instagram.com/rmdecprincipal,www.instagram.com,no,a,Instagram,no,
https://www.rmd.ac.in/dept/cse/lab.html,http://cdnjs.cloudflare.com/ajax/libs/font-awesome/4.4.0/css/font-awesome.min.css,cdnjs.cloudflare.com,no,stylesheet,,yes,OTHER
https://www.rmd.ac.in/dept/cse/lab.html,https://www.iobnet.co.in/iobpay/entry.do?dirlinkmerid=RMDVEL&amp;dirlinkcatcd=EDU&quot,www.iobnet.co.in,no,area,Pay fee Online,no,
https://www.rmd.ac.in/dept/cse/lab.html,http://maps.google.com/maps/api/js?sensor=false,maps.google.com,no,script,,no,
https://www.rmd.ac.in/dept/cse/lab.html,https://www.linkedin.com/in/rmdecprincipal,www.linkedin.com,no,a,Linkedin,no,
https://www.rmd.ac.in/dept/cse/lab.html,https://twitter.com/rmdecprincipal,twitter.com,no,a,Twitter,no,
https://www.rmd.ac.in/dept/cse/lab.html,https://www.youtube.com/c/RMDEngineeringCollege,www.youtube.com,no,a,Youtube,no,
https://www.rmd.ac.in/dept/cse/lab.html,https://www.facebook.com/rmdecprincipal,www.facebook.com,no,a,Facebook,no,
https://www.rmd.ac.in/dept/cse/lab.html,https://www.instagram.com/rmdecprincipal,www.instagram.com,no,a,Instagram,no,
https://www.rmd.ac.in/dept/cse/ds.html,http://cdnjs.cloudflare.com/ajax/libs/font-awesome/4.4.0/css/font-awesome.min.css,cdnjs.cloudflare.com,no,stylesheet,,yes,OTHER
https://www.rmd.ac.in/dept/cse/ds.html,https://www.iobnet.co.in/iobpay/entry.do?dirlinkmerid=RMDVEL&amp;dirlinkcatcd=EDU&quot,www.iobnet.co.in,no,area,Pay fee Online,no,
https://www.rmd.ac.in/dept/cse/ds.html,http://maps.google.com/maps/api/js?sensor=false,maps.google.com,no,script,,no,
https://www.rmd.ac.in/dept/cse/ds.html,https://www.linkedin.com/in/rmdecprincipal,www.linkedin.com,no,a,Linkedin,no,
https://www.rmd.ac.in/dept/cse/ds.html,https://twitter.com/rmdecprincipal,twitter.com,no,a,Twitter,no,
https://www.rmd.ac.in/dept/cse/ds.html,https://www.youtube.com/c/RMDEngineeringCollege,www.youtube.com,no,a,Youtube,no,
https://www.rmd.ac.in/dept/cse/ds.html,https://www.facebook.com/rmdecprincipal,www.facebook.com,no,a,Facebook,no,
https://www.rmd.ac.in/dept/cse/ds.html,https://www.instagram.com/rmdecprincipal,www.instagram.com,no,a,Instagram,no,
https://www.rmd.ac.in/dept/cse/newsletter.html,http://cdnjs.cloudflare.com/ajax/libs/font-awesome/4.4.0/css/font-awesome.min.css,cdnjs.cloudflare.com,no,stylesheet,,yes,OTHER
https://www.rmd.ac.in/dept/cse/newsletter.html,https://www.iobnet.co.in/iobpay/entry.do?dirlinkmerid=RMDVEL&amp;dirlinkcatcd=EDU&quot,www.iobnet.co.in,no,area,Pay fee Online,no,
https://www.rmd.ac.in/dept/cse/newsletter.html,http://maps.google.com/maps/api/js?sensor=false,maps.google.com,no,script,,no,
https://www.rmd.ac.in/dept/cse/newsletter.html,https://www.linkedin.com/in/rmdecprincipal,www.linkedin.com,no,a,Linkedin,no,
https://www.rmd.ac.in/dept/cse/newsletter.html,https://twitter.com/rmdecprincipal,twitter.com,no,a,Twitter,no,
https://www.rmd.ac.in/dept/cse/newsletter.html,https://www.youtube.com/c/RMDEngineeringCollege,www.youtube.com,no,a,Youtube,no,
https://www.rmd.ac.in/dept/cse/newsletter.html,https://www.facebook.com/rmdecprincipal,www.facebook.com,no,a,Facebook,no,
https://www.rmd.ac.in/dept/cse/newsletter.html,https://www.instagram.com/rmdecprincipal,www.instagram.com,no,a,Instagram,no,
https://www.rmd.ac.in/iic/mom.html,http://cdnjs.cloudflare.com/ajax/libs/font-awesome/4.4.0/css/font-awesome.min.css,cdnjs.cloudflare.com,no,stylesheet,,yes,OTHER
https://www.rmd.ac.in/iic/mom.html,http://maps.google.com/maps/api/js?sensor=false,maps.google.com,no,script,,no,
https://www.rmd.ac.in/dept/cse/research/ezhumalai.html,http://cdnjs.cloudflare.com/ajax/libs/font-awesome/4.4.0/css/font-awesome.min.css,cdnjs.cloudflare.com,no,stylesheet,,yes,OTHER
https://www.rmd.ac.in/dept/cse/research/ezhumalai.html,http://maps.google.com/maps/api/js?sensor=false,maps.google.com,no,script,,no,
https://www.rmd.ac.in/dept/cse/research/ezhumalai.html,http://rmkcet.ac.in/cse/COE/index.html,rmkcet.ac.in,no,a,RMK Store,no,
https://www.rmd.ac.in/dept/cse/research/ezhumalai.html,http://rmdalumni.com/,rmdalumni.com,no,a,Alumni,no,
https://www.rmd.ac.in/dept/cse/research/ezhumalai.html,http://www.aicte-india.org/,www.aicte-india.org,no,a,AICTE,no,
https://www.rmd.ac.in/dept/cse/research/ezhumalai.html,https://www.annauniv.edu/,www.annauniv.edu,no,a,Anna University,no,
https://www.rmd.ac.in/dept/cse/research/ezhumalai.html,http://coe1.annauniv.edu/home/index.php,coe1.annauniv.edu,no,a,COE 1,no,
https://www.rmd.ac.in/dept/cse/research/ezhumalai.html,http://www.tndte.com/,www.tndte.com,no,a,DOTE,no,
https://www.rmd.ac.in/dept/cse/research/ezhumalai.html,http://www.skillrack.com/,www.skillrack.com,no,a,Skill Rack,no,
https://www.rmd.ac.in/dept/cse/research/ezhumalai.html,https://www.hackerrank.com/,www.hackerrank.com,no,a,Hacker Rank,no,
https://www.rmd.ac.in/dept/cse/research/ezhumalai.html,http://www.woopid.com/,www.woopid.com,no,a,E-Learning,no,
https://www.rmd.ac.in/dept/cse/research/sasikumar.html,http://cdnjs.cloudflare.com/ajax/libs/font-awesome/4.4.0/css/font-awesome.min.css,cdnjs.cloudflare.com,no,stylesheet,,yes,OTHER
https://www.rmd.ac.in/dept/cse/research/sasikumar.html,http://maps.google.com/maps/api/js?sensor=false,maps.google.com,no,script,,no,
https://www.rmd.ac.in/dept/cse/research/sasikumar.html,http://rmkcet.ac.in/cse/COE/index.html,rmkcet.ac.in,no,a,RMK Store,no,
https://www.rmd.ac.in/dept/cse/research/sasikumar.html,http://rmdalumni.com/,rmdalumni.com,no,a,Alumni,no,
https://www.rmd.ac.in/dept/cse/research/sasikumar.html,http://www.aicte-india.org/,www.aicte-india.org,no,a,AICTE,no,
https://www.rmd.ac.in/dept/cse/research/sasikumar.html,https://www.annauniv.edu/,www.annauniv.edu,no,a,Anna University,no,
https://www.rmd.ac.in/dept/cse/research/sasikumar.html,http://coe1.annauniv.edu/home/index.php,coe1.annauniv.edu,no,a,COE 1,no,
https://www.rmd.ac.in/dept/cse/research/sasikumar.html,http://www.tndte.com/,www.tndte.com,no,a,DOTE,no,
https://www.rmd.ac.in/dept/cse/research/sasikumar.html,http://www.skillrack.com/,www.skillrack.com,no,a,Skill Rack,no,
https://www.rmd.ac.in/dept/cse/research/sasikumar.html,https://www.hackerrank.com/,www.hackerrank.com,no,a,Hacker Rank,no,
https://www.rmd.ac.in/dept/cse/research/sasikumar.html,http://www.woopid.com/,www.woopid.com,no,a,E-Learning,no,
https://www.rmd.ac.in/dept/cse/research/srinivasan.html,http://cdnjs.cloudflare.com/ajax/libs/font-awesome/4.4.0/css/font-awesome.min.css,cdnjs.cloudflare.com,no,stylesheet,,yes,OTHER
https://www.rmd.ac.in/dept/cse/research/srinivasan.html,http://maps.google.com/maps/api/js?sensor=false,maps.google.com,no,script,,no,
https://www.rmd.ac.in/dept/cse/research/srinivasan.html,http://rmkcet.ac.in/cse/COE/index.html,rmkcet.ac.in,no,a,RMK Store,no,
https://www.rmd.ac.in/dept/cse/research/srinivasan.html,http://rmdalumni.com/,rmdalumni.com,no,a,Alumni,no,
https://www.rmd.ac.in/dept/cse/research/srinivasan.html,http://www.aicte-india.org/,www.aicte-india.org,no,a,AICTE,no,
https://www.rmd.ac.in/dept/cse/research/srinivasan.html,https://www.annauniv.edu/,www.annauniv.edu,no,a,Anna University,no,
https://www.rmd.ac.in/dept/cse/research/srinivasan.html,http://coe1.annauniv.edu/home/index.php,coe1.annauniv.edu,no,a,COE 1,no,
https://www.rmd.ac.in/dept/cse/research/srinivasan.html,http://www.tndte.com/,www.tndte.com,no,a,DOTE,no,
https://www.rmd.ac.in/dept/cse/research/srinivasan.html,http://www.skillrack.com/,www.skillrack.com,no,a,Skill Rack,no,
https://www.rmd.ac.in/dept/cse/research/srinivasan.html,https://www.hackerrank.com/,www.hackerrank.com,no,a,Hacker Rank,no,
https://www.rmd.ac.in/dept/cse/research/srinivasan.html,http://www.woopid.com/,www.woopid.com,no,a,E-Learning,no,
https://www.rmd.ac.in/dept/cse/research/veda.html,http://cdnjs.cloudflare.com/ajax/libs/font-awesome/4.4.0/css/font-awesome.min.css,cdnjs.cloudflare.com,no,stylesheet,,yes,OTHER
https://www.rmd.ac.in/dept/cse/research/veda.html,http://rmdalumni.com/,rmdalumni.com,no,a,Alumni,no,
https://www.rmd.ac.in/dept/cse/research/veda.html,http://maps.google.com/maps/api/js?sensor=false,maps.google.com,no,script,,no,
https://www.rmd.ac.in/dept/cse/research/veda.html,http://rmkcet.ac.in/cse/COE/index.html,rmkcet.ac.in,no,a,RMK Store,no,
https://www.rmd.ac.in/dept/cse/research/veda.html,http://www.aicte-india.org/,www.aicte-india.org,no,a,AICTE,no,
https://www.rmd.ac.in/dept/cse/research/veda.html,https://www.annauniv.edu/,www.annauniv.edu,no,a,Anna University,no,
https://www.rmd.ac.in/dept/cse/research/veda.html,http://coe1.annauniv.edu/home/index.php,coe1.annauniv.edu,no,a,COE 1,no,
https://www.rmd.ac.in/dept/cse/research/veda.html,http://www.tndte.com/,www.tndte.com,no,a,DOTE,no,
https://www.rmd.ac.in/dept/cse/research/veda.html,http://www.skillrack.com/,www.skillrack.com,no,a,Skill Rack,no,
https://www.rmd.ac.in/dept/cse/research/veda.html,https://www.hackerrank.com/,www.hackerrank.com,no,a,Hacker Rank,no,
https://www.rmd.ac.in/dept/cse/research/veda.html,http://www.woopid.com/,www.woopid.com,no,a,E-Learning,no,
https://www.rmd.ac.in/dept/cse/research/Hemalatha.html,http://cdnjs.cloudflare.com/ajax/libs/font-awesome/4.4.0/css/font-awesome.min.css,cdnjs.cloudflare.com,no,stylesheet,,yes,OTHER
https://www.rmd.ac.in/dept/cse/research/Hemalatha.html,http://rmdalumni.com/,rmdalumni.com,no,a,Alumni,no,
https://www.rmd.ac.in/dept/cse/research/Hemalatha.html,http://maps.google.com/maps/api/js?sensor=false,maps.google.com,no,script,,no,
https://www.rmd.ac.in/dept/cse/research/Hemalatha.html,http://rmkcet.ac.in/cse/COE/index.html,rmkcet.ac.in,no,a,RMK Store,no,
https://www.rmd.ac.in/dept/cse/research/Hemalatha.html,http://www.aicte-india.org/,www.aicte-india.org,no,a,AICTE,no,
https://www.rmd.ac.in/dept/cse/research/Hemalatha.html,https://www.annauniv.edu/,www.annauniv.edu,no,a,Anna University,no,
https://www.rmd.ac.in/dept/cse/research/Hemalatha.html,http://coe1.annauniv.edu/home/index.php,coe1.annauniv.edu,no,a,COE 1,no,
https://www.rmd.ac.in/dept/cse/research/Hemalatha.html,http://www.tndte.com/,www.tndte.com,no,a,DOTE,no,
https://www.rmd.ac.in/dept/cse/research/Hemalatha.html,http://www.skillrack.com/,www.skillrack.com,no,a,Skill Rack,no,
https://www.rmd.ac.in/dept/cse/research/Hemalatha.html,https://www.hackerrank.com/,www.hackerrank.com,no,a,Hacker Rank,no,
https://www.rmd.ac.in/dept/cse/research/Hemalatha.html,http://www.woopid.com/,www.woopid.com,no,a,E-Learning,no,
https://www.rmd.ac.in/dept/cse/research/rpro.html,http://cdnjs.cloudflare.com/ajax/libs/font-awesome/4.4.0/css/font-awesome.min.css,cdnjs.cloudflare.com,no,stylesheet,,yes,OTHER
https://www.rmd.ac.in/dept/cse/research/rpro.html,http://maps.google.com/maps/api/js?sensor=false,maps.google.com,no,script,,no,
https://www.rmd.ac.in/dept/cse/research/rpro.html,http://rmkcet.ac.in/cse/COE/index.html,rmkcet.ac.in,no,a,RMK Store,no,
https://www.rmd.ac.in/dept/cse/research/rpro.html,http://rmdalumni.com/,rmdalumni.com,no,a,Alumni,no,
https://www.rmd.ac.in/dept/cse/research/rpro.html,http://www.aicte-india.org/,www.aicte-india.org,no,a,AICTE,no,
https://www.rmd.ac.in/dept/cse/research/rpro.html,https://www.annauniv.edu/,www.annauniv.edu,no,a,Anna University,no,
https://www.rmd.ac.in/dept/cse/research/rpro.html,http://coe1.annauniv.edu/home/index.php,coe1.annauniv.edu,no,a,COE 1,no,
https://www.rmd.ac.in/dept/cse/research/rpro.html,http://www.tndte.com/,www.tndte.com,no,a,DOTE,no,
https://www.rmd.ac.in/dept/cse/research/rpro.html,http://www.skillrack.com/,www.skillrack.com,no,a,Skill Rack,no,
https://www.rmd.ac.in/dept/cse/research/rpro.html,https://www.hackerrank.com/,www.hackerrank.com,no,a,Hacker Rank,no,
https://www.rmd.ac.in/dept/cse/research/rpro.html,http://www.woopid.com/,www.woopid.com,no,a,E-Learning,no,
https://www.rmd.ac.in/dept/cse/research/others.html,http://cdnjs.cloudflare.com/ajax/libs/font-awesome/4.4.0/css/font-awesome.min.css,cdnjs.cloudflare.com,no,stylesheet,,yes,OTHER
https://www.rmd.ac.in/dept/cse/research/others.html,http://maps.google.com/maps/api/js?sensor=false,maps.google.com,no,script,,no,
https://www.rmd.ac.in/dept/cse/research/others.html,http://rmkcet.ac.in/cse/COE/index.html,rmkcet.ac.in,no,a,RMK Store,no,
https://www.rmd.ac.in/dept/cse/research/others.html,http://rmdalumni.com/,rmdalumni.com,no,a,Alumni,no,
https://www.rmd.ac.in/dept/cse/research/others.html,http://www.aicte-india.org/,www.aicte-india.org,no,a,AICTE,no,
https://www.rmd.ac.in/dept/cse/research/others.html,https://www.annauniv.edu/,www.annauniv.edu,no,a,Anna University,no,
https://www.rmd.ac.in/dept/cse/research/others.html,http://coe1.annauniv.edu/home/index.php,coe1.annauniv.edu,no,a,COE 1,no,
https://www.rmd.ac.in/dept/cse/research/others.html,http://www.tndte.com/,www.tndte.com,no,a,DOTE,no,
https://www.rmd.ac.in/dept/cse/research/others.html,http://www.skillrack.com/,www.skillrack.com,no,a,Skill Rack,no,
https://www.rmd.ac.in/dept/cse/research/others.html,https://www.hackerrank.com/,www.hackerrank.com,no,a,Hacker Rank,no,
https://www.rmd.ac.in/dept/cse/research/others.html,http://www.woopid.com/,www.woopid.com,no,a,E-Learning,no,
https://www.rmd.ac.in/dept/cse/research/eip.html,http://cdnjs.cloudflare.com/ajax/libs/font-awesome/4.4.0/css/font-awesome.min.css,cdnjs.cloudflare.com,no,stylesheet,,yes,OTHER
https://www.rmd.ac.in/dept/cse/research/eip.html,http://maps.google.com/maps/api/js?sensor=false,maps.google.com,no,script,,no,
https://www.rmd.ac.in/dept/cse/research/eip.html,http://rmkcet.ac.in/cse/COE/index.html,rmkcet.ac.in,no,a,RMK Store,no,
https://www.rmd.ac.in/dept/cse/research/eip.html,http://rmdalumni.com/,rmdalumni.com,no,a,Alumni,no,
https://www.rmd.ac.in/dept/cse/research/eip.html,http://www.aicte-india.org/,www.aicte-india.org,no,a,AICTE,no,
https://www.rmd.ac.in/dept/cse/research/eip.html,https://www.annauniv.edu/,www.annauniv.edu,no,a,Anna University,no,
https://www.rmd.ac.in/dept/cse/research/eip.html,http://coe1.annauniv.edu/home/index.php,coe1.annauniv.edu,no,a,COE 1,no,
https://www.rmd.ac.in/dept/cse/research/eip.html,http://www.tndte.com/,www.tndte.com,no,a,DOTE,no,
https://www.rmd.ac.in/dept/cse/research/eip.html,http://www.skillrack.com/,www.skillrack.com,no,a,Skill Rack,no,
https://www.rmd.ac.in/dept/cse/research/eip.html,https://www.hackerrank.com/,www.hackerrank.com,no,a,Hacker Rank,no,
https://www.rmd.ac.in/dept/cse/research/eip.html,http://www.woopid.com/,www.woopid.com,no,a,E-Learning,no,
https://www.rmd.ac.in/dept/cse/research/consultancy.html,http://cdnjs.cloudflare.com/ajax/libs/font-awesome/4.4.0/css/font-awesome.min.css,cdnjs.cloudflare.com,no,stylesheet,,yes,OTHER
https://www.rmd.ac.in/dept/cse/research/consultancy.html,http://rmdalumni.com/,rmdalumni.com,no,a,Alumni,no,
https://www.rmd.ac.in/dept/cse/research/consultancy.html,http://maps.google.com/maps/api/js?sensor=false,maps.google.com,no,script,,no,
https://www.rmd.ac.in/dept/cse/research/consultancy.html,http://rmkcet.ac.in/cse/COE/index.html,rmkcet.ac.in,no,a,RMK Store,no,
https://www.rmd.ac.in/dept/cse/research/consultancy.html,http://www.aicte-india.org/,www.aicte-india.org,no,a,AICTE,no,
https://www.rmd.ac.in/dept/cse/research/consultancy.html,https://www.annauniv.edu/,www.annauniv.edu,no,a,Anna University,no,
https://www.rmd.ac.in/dept/cse/research/consultancy.html,http://coe1.annauniv.edu/home/index.php,coe1.annauniv.edu,no,a,COE 1,no,
https://www.rmd.ac.in/dept/cse/research/consultancy.html,http://www.tndte.com/,www.tndte.com,no,a,DOTE,no,
https://www.rmd.ac.in/dept/cse/research/consultancy.html,http://www.skillrack.com/,www.skillrack.com,no,a,Skill Rack,no,
https://www.rmd.ac.in/dept/cse/research/consultancy.html,https://www.hackerrank.com/,www.hackerrank.com,no,a,Hacker Rank,no,
https://www.rmd.ac.in/dept/cse/research/consultancy.html,http://www.woopid.com/,www.woopid.com,no,a,E-Learning,no,
https://www.rmd.ac.in/dept/cse/research/pa2023.html,http://cdnjs.cloudflare.com/ajax/libs/font-awesome/4.4.0/css/font-awesome.min.css,cdnjs.cloudflare.com,no,stylesheet,,yes,OTHER
https://www.rmd.ac.in/dept/cse/research/pa2023.html,http://rmdalumni.com/,rmdalumni.com,no,a,Alumni,no,
https://www.rmd.ac.in/dept/cse/research/pa2023.html,http://maps.google.com/maps/api/js?sensor=false,maps.google.com,no,script,,no,
https://www.rmd.ac.in/dept/cse/research/pa2023.html,http://rmkcet.ac.in/cse/COE/index.html,rmkcet.ac.in,no,a,RMK Store,no,
https://www.rmd.ac.in/dept/cse/research/pa2023.html,http://www.aicte-india.org/,www.aicte-india.org,no,a,AICTE,no,
https://www.rmd.ac.in/dept/cse/research/pa2023.html,https://www.annauniv.edu/,www.annauniv.edu,no,a,Anna University,no,
https://www.rmd.ac.in/dept/cse/research/pa2023.html,http://coe1.annauniv.edu/home/index.php,coe1.annauniv.edu,no,a,COE 1,no,
https://www.rmd.ac.in/dept/cse/research/pa2023.html,http://www.tndte.com/,www.tndte.com,no,a,DOTE,no,
https://www.rmd.ac.in/dept/cse/research/pa2023.html,http://www.skillrack.com/,www.skillrack.com,no,a,Skill Rack,no,
https://www.rmd.ac.in/dept/cse/research/pa2023.html,https://www.hackerrank.com/,www.hackerrank.com,no,a,Hacker Rank,no,
https://www.rmd.ac.in/dept/cse/research/pa2023.html,http://www.woopid.com/,www.woopid.com,no,a,E-Learning,no,
https://www.rmd.ac.in/dept/cse/research/pa2024.html,http://cdnjs.cloudflare.com/ajax/libs/font-awesome/4.4.0/css/font-awesome.min.css,cdnjs.cloudflare.com,no,stylesheet,,yes,OTHER
https://www.rmd.ac.in/dept/cse/research/pa2024.html,http://rmdalumni.com/,rmdalumni.com,no,a,Alumni,no,
https://www.rmd.ac.in/dept/cse/research/pa2024.html,http://maps.google.com/maps/api/js?sensor=false,maps.google.com,no,script,,no,
https://www.rmd.ac.in/dept/cse/research/pa2024.html,http://rmkcet.ac.in/cse/COE/index.html,rmkcet.ac.in,no,a,RMK Store,no,
https://www.rmd.ac.in/dept/cse/research/pa2024.html,http://www.aicte-india.org/,www.aicte-india.org,no,a,AICTE,no,
https://www.rmd.ac.in/dept/cse/research/pa2024.html,https://www.annauniv.edu/,www.annauniv.edu,no,a,Anna University,no,
https://www.rmd.ac.in/dept/cse/research/pa2024.html,http://coe1.annauniv.edu/home/index.php,coe1.annauniv.edu,no,a,COE 1,no,
https://www.rmd.ac.in/dept/cse/research/pa2024.html,http://www.tndte.com/,www.tndte.com,no,a,DOTE,no,
https://www.rmd.ac.in/dept/cse/research/pa2024.html,http://www.skillrack.com/,www.skillrack.com,no,a,Skill Rack,no,
https://www.rmd.ac.in/dept/cse/research/pa2024.html,https://www.hackerrank.com/,www.hackerrank.com,no,a,Hacker Rank,no,
https://www.rmd.ac.in/dept/cse/research/pa2024.html,http://www.woopid.com/,www.woopid.com,no,a,E-Learning,no,
https://www.rmd.ac.in/dept/cse/research/pa2022.html,http://cdnjs.cloudflare.com/ajax/libs/font-awesome/4.4.0/css/font-awesome.min.css,cdnjs.cloudflare.com,no,stylesheet,,yes,OTHER
https://www.rmd.ac.in/dept/cse/research/pa2022.html,http://maps.google.com/maps/api/js?sensor=false,maps.google.com,no,script,,no,
https://www.rmd.ac.in/dept/cse/research/pa2022.html,http://rmkcet.ac.in/cse/COE/index.html,rmkcet.ac.in,no,a,RMK Store,no,
https://www.rmd.ac.in/dept/cse/research/pa2022.html,http://rmdalumni.com/,rmdalumni.com,no,a,Alumni,no,
https://www.rmd.ac.in/dept/cse/research/pa2022.html,http://www.aicte-india.org/,www.aicte-india.org,no,a,AICTE,no,
https://www.rmd.ac.in/dept/cse/research/pa2022.html,https://www.annauniv.edu/,www.annauniv.edu,no,a,Anna University,no,
https://www.rmd.ac.in/dept/cse/research/pa2022.html,http://coe1.annauniv.edu/home/index.php,coe1.annauniv.edu,no,a,COE 1,no,
https://www.rmd.ac.in/dept/cse/research/pa2022.html,http://www.tndte.com/,www.tndte.com,no,a,DOTE,no,
https://www.rmd.ac.in/dept/cse/research/pa2022.html,http://www.skillrack.com/,www.skillrack.com,no,a,Skill Rack,no,
https://www.rmd.ac.in/dept/cse/research/pa2022.html,https://www.hackerrank.com/,www.hackerrank.com,no,a,Hacker Rank,no,
https://www.rmd.ac.in/dept/cse/research/pa2022.html,http://www.woopid.com/,www.woopid.com,no,a,E-Learning,no,
https://www.rmd.ac.in/dept/cse/research/pa2021.html,http://cdnjs.cloudflare.com/ajax/libs/font-awesome/4.4.0/css/font-awesome.min.css,cdnjs.cloudflare.com,no,stylesheet,,yes,OTHER
https://www.rmd.ac.in/dept/cse/research/pa2021.html,http://maps.google.com/maps/api/js?sensor=false,maps.google.com,no,script,,no,
https://www.rmd.ac.in/dept/cse/research/pa2021.html,http://rmkcet.ac.in/cse/COE/index.html,rmkcet.ac.in,no,a,RMK Store,no,
https://www.rmd.ac.in/dept/cse/research/pa2021.html,http://rmdalumni.com/,rmdalumni.com,no,a,Alumni,no,
https://www.rmd.ac.in/dept/cse/research/pa2021.html,http://www.aicte-india.org/,www.aicte-india.org,no,a,AICTE,no,
https://www.rmd.ac.in/dept/cse/research/pa2021.html,https://www.annauniv.edu/,www.annauniv.edu,no,a,Anna University,no,
https://www.rmd.ac.in/dept/cse/research/pa2021.html,http://coe1.annauniv.edu/home/index.php,coe1.annauniv.edu,no,a,COE 1,no,
https://www.rmd.ac.in/dept/cse/research/pa2021.html,http://www.tndte.com/,www.tndte.com,no,a,DOTE,no,
https://www.rmd.ac.in/dept/cse/research/pa2021.html,http://www.skillrack.com/,www.skillrack.com,no,a,Skill Rack,no,
https://www.rmd.ac.in/dept/cse/research/pa2021.html,https://www.hackerrank.com/,www.hackerrank.com,no,a,Hacker Rank,no,
https://www.rmd.ac.in/dept/cse/research/pa2021.html,http://www.woopid.com/,www.woopid.com,no,a,E-Learning,no,
https://www.rmd.ac.in/dept/cse/research/pa2020.html,http://cdnjs.cloudflare.com/ajax/libs/font-awesome/4.4.0/css/font-awesome.min.css,cdnjs.cloudflare.com,no,stylesheet,,yes,OTHER
https://www.rmd.ac.in/dept/cse/research/pa2020.html,http://maps.google.com/maps/api/js?sensor=false,maps.google.com,no,script,,no,
https://www.rmd.ac.in/dept/cse/research/pa2020.html,http://rmkcet.ac.in/cse/COE/index.html,rmkcet.ac.in,no,a,RMK Store,no,
https://www.rmd.ac.in/dept/cse/research/pa2020.html,http://rmdalumni.com/,rmdalumni.com,no,a,Alumni,no,
https://www.rmd.ac.in/dept/cse/research/pa2020.html,http://www.aicte-india.org/,www.aicte-india.org,no,a,AICTE,no,
https://www.rmd.ac.in/dept/cse/research/pa2020.html,https://www.annauniv.edu/,www.annauniv.edu,no,a,Anna University,no,
https://www.rmd.ac.in/dept/cse/research/pa2020.html,http://coe1.annauniv.edu/home/index.php,coe1.annauniv.edu,no,a,COE 1,no,
https://www.rmd.ac.in/dept/cse/research/pa2020.html,http://www.tndte.com/,www.tndte.com,no,a,DOTE,no,
https://www.rmd.ac.in/dept/cse/research/pa2020.html,http://www.skillrack.com/,www.skillrack.com,no,a,Skill Rack,no,
https://www.rmd.ac.in/dept/cse/research/pa2020.html,https://www.hackerrank.com/,www.hackerrank.com,no,a,Hacker Rank,no,
https://www.rmd.ac.in/dept/cse/research/pa2020.html,http://www.woopid.com/,www.woopid.com,no,a,E-Learning,no,
https://www.rmd.ac.in/dept/cse/research/pa2019.html,http://cdnjs.cloudflare.com/ajax/libs/font-awesome/4.4.0/css/font-awesome.min.css,cdnjs.cloudflare.com,no,stylesheet,,yes,OTHER
https://www.rmd.ac.in/dept/cse/research/pa2019.html,http://maps.google.com/maps/api/js?sensor=false,maps.google.com,no,script,,no,
https://www.rmd.ac.in/dept/cse/research/pa2019.html,http://rmkcet.ac.in/cse/COE/index.html,rmkcet.ac.in,no,a,RMK Store,no,
https://www.rmd.ac.in/dept/cse/research/pa2019.html,http://rmdalumni.com/,rmdalumni.com,no,a,Alumni,no,
https://www.rmd.ac.in/dept/cse/research/pa2019.html,http://www.aicte-india.org/,www.aicte-india.org,no,a,AICTE,no,
https://www.rmd.ac.in/dept/cse/research/pa2019.html,https://www.annauniv.edu/,www.annauniv.edu,no,a,Anna University,no,
https://www.rmd.ac.in/dept/cse/research/pa2019.html,http://coe1.annauniv.edu/home/index.php,coe1.annauniv.edu,no,a,COE 1,no,
https://www.rmd.ac.in/dept/cse/research/pa2019.html,http://www.tndte.com/,www.tndte.com,no,a,DOTE,no,
https://www.rmd.ac.in/dept/cse/research/pa2019.html,http://www.skillrack.com/,www.skillrack.com,no,a,Skill Rack,no,
https://www.rmd.ac.in/dept/cse/research/pa2019.html,https://www.hackerrank.com/,www.hackerrank.com,no,a,Hacker Rank,no,
https://www.rmd.ac.in/dept/cse/research/pa2019.html,http://www.woopid.com/,www.woopid.com,no,a,E-Learning,no,
https://www.rmd.ac.in/dept/cse/research/pa2018.html,http://cdnjs.cloudflare.com/ajax/libs/font-awesome/4.4.0/css/font-awesome.min.css,cdnjs.cloudflare.com,no,stylesheet,,yes,OTHER
https://www.rmd.ac.in/dept/cse/research/pa2018.html,http://maps.google.com/maps/api/js?sensor=false,maps.google.com,no,script,,no,
https://www.rmd.ac.in/dept/cse/research/pa2018.html,http://rmkcet.ac.in/cse/COE/index.html,rmkcet.ac.in,no,a,RMK Store,no,
https://www.rmd.ac.in/dept/cse/research/pa2018.html,http://rmdalumni.com/,rmdalumni.com,no,a,Alumni,no,
https://www.rmd.ac.in/dept/cse/research/pa2018.html,http://www.aicte-india.org/,www.aicte-india.org,no,a,AICTE,no,
https://www.rmd.ac.in/dept/cse/research/pa2018.html,https://www.annauniv.edu/,www.annauniv.edu,no,a,Anna University,no,
https://www.rmd.ac.in/dept/cse/research/pa2018.html,http://coe1.annauniv.edu/home/index.php,coe1.annauniv.edu,no,a,COE 1,no,
https://www.rmd.ac.in/dept/cse/research/pa2018.html,http://www.tndte.com/,www.tndte.com,no,a,DOTE,no,
https://www.rmd.ac.in/dept/cse/research/pa2018.html,http://www.skillrack.com/,www.skillrack.com,no,a,Skill Rack,no,
https://www.rmd.ac.in/dept/cse/research/pa2018.html,https://www.hackerrank.com/,www.hackerrank.com,no,a,Hacker Rank,no,
https://www.rmd.ac.in/dept/cse/research/pa2018.html,http://www.woopid.com/,www.woopid.com,no,a,E-Learning,no,
https://www.rmd.ac.in/dept/cse/research/pa2017.html,http://cdnjs.cloudflare.com/ajax/libs/font-awesome/4.4.0/css/font-awesome.min.css,cdnjs.cloudflare.com,no,stylesheet,,yes,OTHER
https://www.rmd.ac.in/dept/cse/research/pa2017.html,http://maps.google.com/maps/api/js?sensor=false,maps.google.com,no,script,,no,
https://www.rmd.ac.in/dept/cse/research/pa2017.html,http://rmkcet.ac.in/cse/COE/index.html,rmkcet.ac.in,no,a,RMK Store,no,
https://www.rmd.ac.in/dept/cse/research/pa2017.html,http://rmdalumni.com/,rmdalumni.com,no,a,Alumni,no,
https://www.rmd.ac.in/dept/cse/research/pa2017.html,http://www.aicte-india.org/,www.aicte-india.org,no,a,AICTE,no,
https://www.rmd.ac.in/dept/cse/research/pa2017.html,https://www.annauniv.edu/,www.annauniv.edu,no,a,Anna University,no,
https://www.rmd.ac.in/dept/cse/research/pa2017.html,http://coe1.annauniv.edu/home/index.php,coe1.annauniv.edu,no,a,COE 1,no,
https://www.rmd.ac.in/dept/cse/research/pa2017.html,http://www.tndte.com/,www.tndte.com,no,a,DOTE,no,
https://www.rmd.ac.in/dept/cse/research/pa2017.html,http://www.skillrack.com/,www.skillrack.com,no,a,Skill Rack,no,
https://www.rmd.ac.in/dept/cse/research/pa2017.html,https://www.hackerrank.com/,www.hackerrank.com,no,a,Hacker Rank,no,
https://www.rmd.ac.in/dept/cse/research/pa2017.html,http://www.woopid.com/,www.woopid.com,no,a,E-Learning,no,
https://www.rmd.ac.in/dept/cse/research/pa2016.html,http://cdnjs.cloudflare.com/ajax/libs/font-awesome/4.4.0/css/font-awesome.min.css,cdnjs.cloudflare.com,no,stylesheet,,yes,OTHER
https://www.rmd.ac.in/dept/cse/research/pa2016.html,http://maps.google.com/maps/api/js?sensor=false,maps.google.com,no,script,,no,
https://www.rmd.ac.in/dept/cse/research/pa2016.html,http://rmkcet.ac.in/cse/COE/index.html,rmkcet.ac.in,no,a,RMK Store,no,
https://www.rmd.ac.in/dept/cse/research/pa2016.html,http://rmdalumni.com/,rmdalumni.com,no,a,Alumni,no,
https://www.rmd.ac.in/dept/cse/research/pa2016.html,http://www.aicte-india.org/,www.aicte-india.org,no,a,AICTE,no,
https://www.rmd.ac.in/dept/cse/research/pa2016.html,https://www.annauniv.edu/,www.annauniv.edu,no,a,Anna University,no,
https://www.rmd.ac.in/dept/cse/research/pa2016.html,http://coe1.annauniv.edu/home/index.php,coe1.annauniv.edu,no,a,COE 1,no,
https://www.rmd.ac.in/dept/cse/research/pa2016.html,http://www.tndte.com/,www.tndte.com,no,a,DOTE,no,
https://www.rmd.ac.in/dept/cse/research/pa2016.html,http://www.skillrack.com/,www.skillrack.com,no,a,Skill Rack,no,
https://www.rmd.ac.in/dept/cse/research/pa2016.html,https://www.hackerrank.com/,www.hackerrank.com,no,a,Hacker Rank,no,
https://www.rmd.ac.in/dept/cse/research/pa2016.html,http://www.woopid.com/,www.woopid.com,no,a,E-Learning,no,
https://www.rmd.ac.in/dept/cse/research/rp2025.html,http://cdnjs.cloudflare.com/ajax/libs/font-awesome/4.4.0/css/font-awesome.min.css,cdnjs.cloudflare.com,no,stylesheet,,yes,OTHER
https://www.rmd.ac.in/dept/cse/research/rp2025.html,http://rmdalumni.com/,rmdalumni.com,no,a,Alumni,no,
https://www.rmd.ac.in/dept/cse/research/rp2025.html,http://maps.google.com/maps/api/js?sensor=false,maps.google.com,no,script,,no,
https://www.rmd.ac.in/dept/cse/research/rp2025.html,http://rmkcet.ac.in/cse/COE/index.html,rmkcet.ac.in,no,a,RMK Store,no,
https://www.rmd.ac.in/dept/cse/research/rp2025.html,http://www.aicte-india.org/,www.aicte-india.org,no,a,AICTE,no,
https://www.rmd.ac.in/dept/cse/research/rp2025.html,https://www.annauniv.edu/,www.annauniv.edu,no,a,Anna University,no,
https://www.rmd.ac.in/dept/cse/research/rp2025.html,http://coe1.annauniv.edu/home/index.php,coe1.annauniv.edu,no,a,COE 1,no,
https://www.rmd.ac.in/dept/cse/research/rp2025.html,http://www.tndte.com/,www.tndte.com,no,a,DOTE,no,
https://www.rmd.ac.in/dept/cse/research/rp2025.html,http://www.skillrack.com/,www.skillrack.com,no,a,Skill Rack,no,
https://www.rmd.ac.in/dept/cse/research/rp2025.html,https://www.hackerrank.com/,www.hackerrank.com,no,a,Hacker Rank,no,
https://www.rmd.ac.in/dept/cse/research/rp2025.html,http://www.woopid.com/,www.woopid.com,no,a,E-Learning,no,
https://www.rmd.ac.in/dept/cse/research/rp2024.html,http://cdnjs.cloudflare.com/ajax/libs/font-awesome/4.4.0/css/font-awesome.min.css,cdnjs.cloudflare.com,no,stylesheet,,yes,OTHER
https://www.rmd.ac.in/dept/cse/research/rp2024.html,http://rmdalumni.com/,rmdalumni.com,no,a,Alumni,no,
https://www.rmd.ac.in/dept/cse/research/rp2024.html,http://maps.google.com/maps/api/js?sensor=false,maps.google.com,no,script,,no,
https://www.rmd.ac.in/dept/cse/research/rp2024.html,http://rmkcet.ac.in/cse/COE/index.html,rmkcet.ac.in,no,a,RMK Store,no,
https://www.rmd.ac.in/dept/cse/research/rp2024.html,http://www.aicte-india.org/,www.aicte-india.org,no,a,AICTE,no,
https://www.rmd.ac.in/dept/cse/research/rp2024.html,https://www.annauniv.edu/,www.annauniv.edu,no,a,Anna University,no,
https://www.rmd.ac.in/dept/cse/research/rp2024.html,http://coe1.annauniv.edu/home/index.php,coe1.annauniv.edu,no,a,COE 1,no,
https://www.rmd.ac.in/dept/cse/research/rp2024.html,http://www.tndte.com/,www.tndte.com,no,a,DOTE,no,
https://www.rmd.ac.in/dept/cse/research/rp2024.html,http://www.skillrack.com/,www.skillrack.com,no,a,Skill Rack,no,
https://www.rmd.ac.in/dept/cse/research/rp2024.html,https://www.hackerrank.com/,www.hackerrank.com,no,a,Hacker Rank,no,
https://www.rmd.ac.in/dept/cse/research/rp2024.html,http://www.woopid.com/,www.woopid.com,no,a,E-Learning,no,
https://www.rmd.ac.in/dept/cse/research/rp2023.html,http://cdnjs.cloudflare.com/ajax/libs/font-awesome/4.4.0/css/font-awesome.min.css,cdnjs.cloudflare.com,no,stylesheet,,yes,OTHER
https://www.rmd.ac.in/dept/cse/research/rp2023.html,http://maps.google.com/maps/api/js?sensor=false,maps.google.com,no,script,,no,
https://www.rmd.ac.in/dept/cse/research/rp2023.html,http://rmkcet.ac.in/cse/COE/index.html,rmkcet.ac.in,no,a,RMK Store,no,
https://www.rmd.ac.in/dept/cse/research/rp2023.html,http://rmdalumni.com/,rmdalumni.com,no,a,Alumni,no,
https://www.rmd.ac.in/dept/cse/research/rp2023.html,http://www.aicte-india.org/,www.aicte-india.org,no,a,AICTE,no,
https://www.rmd.ac.in/dept/cse/research/rp2023.html,https://www.annauniv.edu/,www.annauniv.edu,no,a,Anna University,no,
https://www.rmd.ac.in/dept/cse/research/rp2023.html,http://coe1.annauniv.edu/home/index.php,coe1.annauniv.edu,no,a,COE 1,no,
https://www.rmd.ac.in/dept/cse/research/rp2023.html,http://www.tndte.com/,www.tndte.com,no,a,DOTE,no,
https://www.rmd.ac.in/dept/cse/research/rp2023.html,http://www.skillrack.com/,www.skillrack.com,no,a,Skill Rack,no,
https://www.rmd.ac.in/dept/cse/research/rp2023.html,https://www.hackerrank.com/,www.hackerrank.com,no,a,Hacker Rank,no,
https://www.rmd.ac.in/dept/cse/research/rp2023.html,http://www.woopid.com/,www.woopid.com,no,a,E-Learning,no,
https://www.rmd.ac.in/dept/cse/research/rp2022.html,http://cdnjs.cloudflare.com/ajax/libs/font-awesome/4.4.0/css/font-awesome.min.css,cdnjs.cloudflare.com,no,stylesheet,,yes,OTHER
https://www.rmd.ac.in/dept/cse/research/rp2022.html,http://maps.google.com/maps/api/js?sensor=false,maps.google.com,no,script,,no,
https://www.rmd.ac.in/dept/cse/research/rp2022.html,http://rmkcet.ac.in/cse/COE/index.html,rmkcet.ac.in,no,a,RMK Store,no,
https://www.rmd.ac.in/dept/cse/research/rp2022.html,http://rmdalumni.com/,rmdalumni.com,no,a,Alumni,no,
https://www.rmd.ac.in/dept/cse/research/rp2022.html,http://www.aicte-india.org/,www.aicte-india.org,no,a,AICTE,no,
https://www.rmd.ac.in/dept/cse/research/rp2022.html,https://www.annauniv.edu/,www.annauniv.edu,no,a,Anna University,no,
https://www.rmd.ac.in/dept/cse/research/rp2022.html,http://coe1.annauniv.edu/home/index.php,coe1.annauniv.edu,no,a,COE 1,no,
https://www.rmd.ac.in/dept/cse/research/rp2022.html,http://www.tndte.com/,www.tndte.com,no,a,DOTE,no,
https://www.rmd.ac.in/dept/cse/research/rp2022.html,http://www.skillrack.com/,www.skillrack.com,no,a,Skill Rack,no,
https://www.rmd.ac.in/dept/cse/research/rp2022.html,https://www.hackerrank.com/,www.hackerrank.com,no,a,Hacker Rank,no,
https://www.rmd.ac.in/dept/cse/research/rp2022.html,http://www.woopid.com/,www.woopid.com,no,a,E-Learning,no,
https://www.rmd.ac.in/dept/cse/research/rp2021.html,http://cdnjs.cloudflare.com/ajax/libs/font-awesome/4.4.0/css/font-awesome.min.css,cdnjs.cloudflare.com,no,stylesheet,,yes,OTHER
https://www.rmd.ac.in/dept/cse/research/rp2021.html,http://maps.google.com/maps/api/js?sensor=false,maps.google.com,no,script,,no,
https://www.rmd.ac.in/dept/cse/research/rp2021.html,http://rmkcet.ac.in/cse/COE/index.html,rmkcet.ac.in,no,a,RMK Store,no,
https://www.rmd.ac.in/dept/cse/research/rp2021.html,http://rmdalumni.com/,rmdalumni.com,no,a,Alumni,no,
https://www.rmd.ac.in/dept/cse/research/rp2021.html,http://www.aicte-india.org/,www.aicte-india.org,no,a,AICTE,no,
https://www.rmd.ac.in/dept/cse/research/rp2021.html,https://www.annauniv.edu/,www.annauniv.edu,no,a,Anna University,no,
https://www.rmd.ac.in/dept/cse/research/rp2021.html,http://coe1.annauniv.edu/home/index.php,coe1.annauniv.edu,no,a,COE 1,no,
https://www.rmd.ac.in/dept/cse/research/rp2021.html,http://www.tndte.com/,www.tndte.com,no,a,DOTE,no,
https://www.rmd.ac.in/dept/cse/research/rp2021.html,http://www.skillrack.com/,www.skillrack.com,no,a,Skill Rack,no,
https://www.rmd.ac.in/dept/cse/research/rp2021.html,https://www.hackerrank.com/,www.hackerrank.com,no,a,Hacker Rank,no,
https://www.rmd.ac.in/dept/cse/research/rp2021.html,http://www.woopid.com/,www.woopid.com,no,a,E-Learning,no,
https://www.rmd.ac.in/dept/cse/research/rp2020.html,http://cdnjs.cloudflare.com/ajax/libs/font-awesome/4.4.0/css/font-awesome.min.css,cdnjs.cloudflare.com,no,stylesheet,,yes,OTHER
https://www.rmd.ac.in/dept/cse/research/rp2020.html,http://maps.google.com/maps/api/js?sensor=false,maps.google.com,no,script,,no,
https://www.rmd.ac.in/dept/cse/research/rp2020.html,http://rmkcet.ac.in/cse/COE/index.html,rmkcet.ac.in,no,a,RMK Store,no,
https://www.rmd.ac.in/dept/cse/research/rp2020.html,http://rmdalumni.com/,rmdalumni.com,no,a,Alumni,no,
https://www.rmd.ac.in/dept/cse/research/rp2020.html,http://www.aicte-india.org/,www.aicte-india.org,no,a,AICTE,no,
https://www.rmd.ac.in/dept/cse/research/rp2020.html,https://www.annauniv.edu/,www.annauniv.edu,no,a,Anna University,no,
https://www.rmd.ac.in/dept/cse/research/rp2020.html,http://coe1.annauniv.edu/home/index.php,coe1.annauniv.edu,no,a,COE 1,no,
https://www.rmd.ac.in/dept/cse/research/rp2020.html,http://www.tndte.com/,www.tndte.com,no,a,DOTE,no,
https://www.rmd.ac.in/dept/cse/research/rp2020.html,http://www.skillrack.com/,www.skillrack.com,no,a,Skill Rack,no,
https://www.rmd.ac.in/dept/cse/research/rp2020.html,https://www.hackerrank.com/,www.hackerrank.com,no,a,Hacker Rank,no,
https://www.rmd.ac.in/dept/cse/research/rp2020.html,http://www.woopid.com/,www.woopid.com,no,a,E-Learning,no,
https://www.rmd.ac.in/dept/cse/research/rp2019.html,http://cdnjs.cloudflare.com/ajax/libs/font-awesome/4.4.0/css/font-awesome.min.css,cdnjs.cloudflare.com,no,stylesheet,,yes,OTHER
https://www.rmd.ac.in/dept/cse/research/rp2019.html,http://maps.google.com/maps/api/js?sensor=false,maps.google.com,no,script,,no,
https://www.rmd.ac.in/dept/cse/research/rp2019.html,http://rmkcet.ac.in/cse/COE/index.html,rmkcet.ac.in,no,a,RMK Store,no,
https://www.rmd.ac.in/dept/cse/research/rp2019.html,http://rmdalumni.com/,rmdalumni.com,no,a,Alumni,no,
https://www.rmd.ac.in/dept/cse/research/rp2019.html,http://www.aicte-india.org/,www.aicte-india.org,no,a,AICTE,no,
https://www.rmd.ac.in/dept/cse/research/rp2019.html,https://www.annauniv.edu/,www.annauniv.edu,no,a,Anna University,no,
https://www.rmd.ac.in/dept/cse/research/rp2019.html,http://coe1.annauniv.edu/home/index.php,coe1.annauniv.edu,no,a,COE 1,no,
https://www.rmd.ac.in/dept/cse/research/rp2019.html,http://www.tndte.com/,www.tndte.com,no,a,DOTE,no,
https://www.rmd.ac.in/dept/cse/research/rp2019.html,http://www.skillrack.com/,www.skillrack.com,no,a,Skill Rack,no,
https://www.rmd.ac.in/dept/cse/research/rp2019.html,https://www.hackerrank.com/,www.hackerrank.com,no,a,Hacker Rank,no,
https://www.rmd.ac.in/dept/cse/research/rp2019.html,http://www.woopid.com/,www.woopid.com,no,a,E-Learning,no,
https://www.rmd.ac.in/dept/cse/research/rp2018.html,http://cdnjs.cloudflare.com/ajax/libs/font-awesome/4.4.0/css/font-awesome.min.css,cdnjs.cloudflare.com,no,stylesheet,,yes,OTHER
https://www.rmd.ac.in/dept/cse/research/rp2018.html,http://maps.google.com/maps/api/js?sensor=false,maps.google.com,no,script,,no,
https://www.rmd.ac.in/dept/cse/research/rp2018.html,http://rmkcet.ac.in/cse/COE/index.html,rmkcet.ac.in,no,a,RMK Store,no,
https://www.rmd.ac.in/dept/cse/research/rp2018.html,http://rmdalumni.com/,rmdalumni.com,no,a,Alumni,no,
https://www.rmd.ac.in/dept/cse/research/rp2018.html,http://www.aicte-india.org/,www.aicte-india.org,no,a,AICTE,no,
https://www.rmd.ac.in/dept/cse/research/rp2018.html,https://www.annauniv.edu/,www.annauniv.edu,no,a,Anna University,no,
https://www.rmd.ac.in/dept/cse/research/rp2018.html,http://coe1.annauniv.edu/home/index.php,coe1.annauniv.edu,no,a,COE 1,no,
https://www.rmd.ac.in/dept/cse/research/rp2018.html,http://www.tndte.com/,www.tndte.com,no,a,DOTE,no,
https://www.rmd.ac.in/dept/cse/research/rp2018.html,http://www.skillrack.com/,www.skillrack.com,no,a,Skill Rack,no,
https://www.rmd.ac.in/dept/cse/research/rp2018.html,https://www.hackerrank.com/,www.hackerrank.com,no,a,Hacker Rank,no,
https://www.rmd.ac.in/dept/cse/research/rp2018.html,http://www.woopid.com/,www.woopid.com,no,a,E-Learning,no,
https://www.rmd.ac.in/dept/cse/research/rp2017.html,http://cdnjs.cloudflare.com/ajax/libs/font-awesome/4.4.0/css/font-awesome.min.css,cdnjs.cloudflare.com,no,stylesheet,,yes,OTHER
https://www.rmd.ac.in/dept/cse/research/rp2017.html,http://maps.google.com/maps/api/js?sensor=false,maps.google.com,no,script,,no,
https://www.rmd.ac.in/dept/cse/research/rp2017.html,http://rmkcet.ac.in/cse/COE/index.html,rmkcet.ac.in,no,a,RMK Store,no,
https://www.rmd.ac.in/dept/cse/research/rp2017.html,http://rmdalumni.com/,rmdalumni.com,no,a,Alumni,no,
https://www.rmd.ac.in/dept/cse/research/rp2017.html,http://www.aicte-india.org/,www.aicte-india.org,no,a,AICTE,no,
https://www.rmd.ac.in/dept/cse/research/rp2017.html,https://www.annauniv.edu/,www.annauniv.edu,no,a,Anna University,no,
https://www.rmd.ac.in/dept/cse/research/rp2017.html,http://coe1.annauniv.edu/home/index.php,coe1.annauniv.edu,no,a,COE 1,no,
https://www.rmd.ac.in/dept/cse/research/rp2017.html,http://www.tndte.com/,www.tndte.com,no,a,DOTE,no,
https://www.rmd.ac.in/dept/cse/research/rp2017.html,http://www.skillrack.com/,www.skillrack.com,no,a,Skill Rack,no,
https://www.rmd.ac.in/dept/cse/research/rp2017.html,https://www.hackerrank.com/,www.hackerrank.com,no,a,Hacker Rank,no,
https://www.rmd.ac.in/dept/cse/research/rp2017.html,http://www.woopid.com/,www.woopid.com,no,a,E-Learning,no,
https://www.rmd.ac.in/dept/cse/research/rp2016.html,http://cdnjs.cloudflare.com/ajax/libs/font-awesome/4.4.0/css/font-awesome.min.css,cdnjs.cloudflare.com,no,stylesheet,,yes,OTHER
https://www.rmd.ac.in/dept/cse/research/rp2016.html,http://maps.google.com/maps/api/js?sensor=false,maps.google.com,no,script,,no,
https://www.rmd.ac.in/dept/cse/research/rp2016.html,http://rmkcet.ac.in/cse/COE/index.html,rmkcet.ac.in,no,a,RMK Store,no,
https://www.rmd.ac.in/dept/cse/research/rp2016.html,http://rmdalumni.com/,rmdalumni.com,no,a,Alumni,no,
https://www.rmd.ac.in/dept/cse/research/rp2016.html,http://www.aicte-india.org/,www.aicte-india.org,no,a,AICTE,no,
https://www.rmd.ac.in/dept/cse/research/rp2016.html,https://www.annauniv.edu/,www.annauniv.edu,no,a,Anna University,no,
https://www.rmd.ac.in/dept/cse/research/rp2016.html,http://coe1.annauniv.edu/home/index.php,coe1.annauniv.edu,no,a,COE 1,no,
https://www.rmd.ac.in/dept/cse/research/rp2016.html,http://www.tndte.com/,www.tndte.com,no,a,DOTE,no,
https://www.rmd.ac.in/dept/cse/research/rp2016.html,http://www.skillrack.com/,www.skillrack.com,no,a,Skill Rack,no,
https://www.rmd.ac.in/dept/cse/research/rp2016.html,https://www.hackerrank.com/,www.hackerrank.com,no,a,Hacker Rank,no,
https://www.rmd.ac.in/dept/cse/research/rp2016.html,http://www.woopid.com/,www.woopid.com,no,a,E-Learning,no,
