canonical_url,original_url,raw_href_first_seen,http_status,final_url,title,depth,parent_url,content_type,content_length,crawl_timestamp,internal_links_count,external_links_count,assets_count,crawl_status,first_response_status,html_path,content_sha256,rel_canonical,meta_description,h1,lang,discovered_via
https://www.rmd.ac.in/,https://www.rmd.ac.in/,https://www.rmd.ac.in/,200,https://www.rmd.ac.in/,RMD ENGINEERING COLLEGE,0,,text/html,101498,2026-10-04T11:27:37Z,159,16,149,OK,200,html/index.html,50b58f8a4ceca380f2eea72b5a49bc7d0eaf35f92525c61c01d5930833b58fc6,,RMD Engineering College,,en,seed
https://www.rmd.ac.in/Ariia/ariia.html,https://www.rmd.ac.in/Ariia/ariia.html,https://rmd.ac.in/Ariia/ariia.html,200,https://www.rmd.ac.in/Ariia/ariia.html,RMD ENGINEERING COLLEGE,1,https://www.rmd.ac.in/,text/html,16940,2026-10-04T11:27:39Z,71,0,37,OK,200,html/Ariia/ariia.html,ddf939a15d85c3de1f6db798dd343b9c962551200f072e2ba7316835fb687727,,RMD Engineering College,,en,area
https://www.rmd.ac.in/aboutus/rmkgroup.html,https://www.rmd.ac.in/aboutus/rmkgroup.html,aboutus/rmkgroup.html,200,https://www.rmd.ac.in/aboutus/rmkgroup.html,RMD ENGINEERING COLLEGE,1,https://www.rmd.ac.in/,text/html,20407,2026-10-04T11:27:41Z,70,11,47,OK,200,html/aboutus/rmkgroup.html,f693df9ea3becb4bbda51394dc6fbf157b366a3ee09aab7099abdf70c4f82beb,,RMD Engineering College,,en,a
https://www.rmd.ac.in/aboutus/vision.html,https://www.rmd.ac.in/aboutus/vision.html,aboutus/vision.html,200,https://www.rmd.ac.in/aboutus/vision.html,RMD ENGINEERING COLLEGE,1,https://www.rmd.ac.in/,text/html,17592,2026-10-04T11:27:42Z,69,6,35,OK,200,html/aboutus/vision.html,e2f15a0a576c53ee3eead09483731cb94660e59000e14b5aa28cde3c4c5b2cca,,RMD Engineering College,,en,a
https://www.rmd.ac.in/aboutus/academicprog.html,https://www.rmd.ac.in/aboutus/academicprog.html,aboutus/academicprog.html,200,https://www.rmd.ac.in/aboutus/academicprog.html,RMD ENGINEERING COLLEGE,1,https://www.rmd.ac.in/,text/html,19458,2026-10-04T11:27:43Z,69,7,36,OK,200,html/aboutus/academicprog.html,dec1b5cf6cc099e79590674a9d796268192c2de86afcd3bea4d2345ec634dadf,,RMD Engineering College,,en,a
https://www.rmd.ac.in/aboutus/AICTEapprovals.html,https://www.rmd.ac.in/aboutus/AICTEapprovals.html,aboutus/AICTEapprovals.html,200,https://www.rmd.ac.in/aboutus/AICTEapprovals.html,RMD ENGINEERING COLLEGE,1,https://www.rmd.ac.in/,text/html,18756,2026-10-04T11:28:04Z,95,6,35,OK,200,html/aboutus/AICTEapprovals.html,f39580c8e6edf731b397a3c2a2fd52a8949deca25736de5cbd197bea4dd034f6,,RMD Engineering College,,en,a
https://www.rmd.ac.in/aboutus/Annaapprovals.html,https://www.rmd.ac.in/aboutus/Annaapprovals.html,aboutus/Annaapprovals.html,200,https://www.rmd.ac.in/aboutus/Annaapprovals.html,RMD ENGINEERING COLLEGE,1,https://www.rmd.ac.in/,text/html,17186,2026-10-04T11:28:06Z,73,6,35,OK,200,html/aboutus/Annaapprovals.html,2d971f54eefd44f603d671cfb0265b6e89d2768456b2a6c13555e9c46ce13ef4,,RMD Engineering College,,en,a
https://www.rmd.ac.in/aboutus/eligibility.html,https://www.rmd.ac.in/aboutus/eligibility.html,aboutus/eligibility.html,200,https://www.rmd.ac.in/aboutus/eligibility.html,RMD ENGINEERING COLLEGE,1,https://www.rmd.ac.in/,text/html,19690,2026-10-04T11:28:07Z,69,6,35,OK,200,html/aboutus/eligibility.html,c677c86c1eca0e01e68773157aa6df3d182e4aeeeb7998bf977720801cbbc17d,,RMD Engineering College,,en,a
https://www.rmd.ac.in/aboutus/generalconditions.html,https://www.rmd.ac.in/aboutus/generalconditions.html,aboutus/generalconditions.html,200,https://www.rmd.ac.in/aboutus/generalconditions.html,RMD ENGINEERING COLLEGE,1,https://www.rmd.ac.in/,text/html,17810,2026-10-04T11:28:09Z,69,6,35,OK,200,html/aboutus/generalconditions.html,01b354bdb23320ce57d6d020b4ac81fc31e972010f831d4284cbfe5fd7baf4b7,,RMD Engineering College,,en,a
https://www.rmd.ac.in/aboutus/scholarships.html,https://www.rmd.ac.in/aboutus/scholarships.html,aboutus/scholarships.html,200,https://www.rmd.ac.in/aboutus/scholarships.html,RMD ENGINEERING COLLEGE,1,https://www.rmd.ac.in/,text/html,18883,2026-10-04T11:28:11Z,69,6,36,OK,200,html/aboutus/scholarships.html,ce789aedb203e1c818dc5ab02a68da9a6be6389532b96313ed260cbf58976522,,RMD Engineering College,,en,a
https://www.rmd.ac.in/aboutus/guest.html,https://www.rmd.ac.in/aboutus/guest.html,aboutus/guest.html,200,https://www.rmd.ac.in/aboutus/guest.html,RMD ENGINEERING COLLEGE,1,https://www.rmd.ac.in/,text/html,41362,2026-10-04T11:28:13Z,69,6,82,OK,200,html/aboutus/guest.html,ec4b50fd7d4aa015f83d62bdde3eb067c50dc5d54990116a86423cefa7f74e23,,RMD Engineering College,,en,a
https://www.rmd.ac.in/aboutus/Code_of_conduct.html,https://www.rmd.ac.in/aboutus/Code_of_conduct.html,aboutus/Code_of_conduct.html,200,https://www.rmd.ac.in/aboutus/Code_of_conduct.html,RMD ENGINEERING COLLEGE,1,https://www.rmd.ac.in/,text/html,16644,2026-10-04T11:28:15Z,69,6,35,OK,200,html/aboutus/Code_of_conduct.html,9ca40eff4abf73c37cbc03d7b5f280610b130ed94b1d84c87d70e24d21943848,,RMD Engineering College,,en,a
https://www.rmd.ac.in/administration/chairman.html,https://www.rmd.ac.in/administration/chairman.html,administration/chairman.html,200,https://www.rmd.ac.in/administration/chairman.html,RMD ENGINEERING COLLEGE,1,https://www.rmd.ac.in/,text/html,22059,2026-10-04T11:28:17Z,69,6,36,OK,200,html/administration/chairman.html,af8c842a58149795aa76d52f3d06629409bff37f9529a4d26a318e8ff4549bbb,,RMD Engineering College,,en,a
https://www.rmd.ac.in/administration/vc.html,https://www.rmd.ac.in/administration/vc.html,administration/vc.html,200,https://www.rmd.ac.in/administration/vc.html,RMD ENGINEERING COLLEGE,1,https://www.rmd.ac.in/,text/html,18182,2026-10-04T11:28:19Z,69,6,36,OK,200,html/administration/vc.html,d9fbe248e99e0d4c5723475b56931265b98871a58029e39c42fb3d6f3cffba4c,,RMD Engineering College,,en,a
https://www.rmd.ac.in/administration/managementteam.html,https://www.rmd.ac.in/administration/managementteam.html,administration/managementteam.html,200,https://www.rmd.ac.in/administration/managementteam.html,RMD ENGINEERING COLLEGE,1,https://www.rmd.ac.in/,text/html,20898,2026-10-04T11:28:20Z,69,6,41,OK,200,html/administration/managementteam.html,8abaeb049346a9670d676933135f103cceddb1b2eaae0879bc786c1c4139e871,,RMD Engineering College,,en,a
https://www.rmd.ac.in/administration/governig.html,https://www.rmd.ac.in/administration/governig.html,administration/governig.html,200,https://www.rmd.ac.in/administration/governig.html,RMD ENGINEERING COLLEGE,1,https://www.rmd.ac.in/,text/html,20491,2026-10-04T11:28:22Z,69,6,34,OK,200,html/administration/governig.html,8ec51245f0f72097c9de574935931f638ca9de3e6b628458cc68b9e67ab17fd0,,RMD Engineering College,,en,a
https://www.rmd.ac.in/administration/principal.html,https://www.rmd.ac.in/administration/principal.html,administration/principal.html,200,https://www.rmd.ac.in/administration/principal.html,RMD ENGINEERING COLLEGE,1,https://www.rmd.ac.in/,text/html,19251,2026-10-04T11:28:23Z,69,6,35,OK,200,html/administration/principal.html,ae9530083903aa58dc8bf9a95dc9f5f8793ea9ad84880289ac83383a90da220a,,RMD Engineering College,,en,a
https://www.rmd.ac.in/administration/deanresearch.html,https://www.rmd.ac.in/administration/deanresearch.html,administration/deanresearch.html,200,https://www.rmd.ac.in/administration/deanresearch.html,RMD ENGINEERING COLLEGE,1,https://www.rmd.ac.in/,text/html,19666,2026-10-04T11:28:25Z,69,12,35,OK,200,html/administration/deanresearch.html,a3d5896bbe5ca21faa4fe42e7662d4bd6404a9c6e20493aea8eb2de88106c468,,RMD Engineering College,,en,a
https://www.rmd.ac.in/administration/Organogram.html,https://www.rmd.ac.in/administration/Organogram.html,administration/Organogram.html,200,https://www.rmd.ac.in/administration/Organogram.html,RMD ENGINEERING COLLEGE,1,https://www.rmd.ac.in/,text/html,16181,2026-10-04T11:28:26Z,69,6,35,OK,200,html/administration/Organogram.html,f76fbca60a7be9f246fbf6d9fac1021fe6bc8045ee9b2e2847c90dc39b9e82f9,,RMD Engineering College,,en,a
https://www.rmd.ac.in/academics/Courses_Offered.html,https://www.rmd.ac.in/academics/Courses_Offered.html,academics/Courses_Offered.html,200,https://www.rmd.ac.in/academics/Courses_Offered.html,RMD ENGINEERING COLLEGE,1,https://www.rmd.ac.in/,text/html,20719,2026-10-04T11:28:30Z,69,6,35,OK,200,html/academics/Courses_Offered.html,301baba189dbc71e6f6b1ede57140ae2356a668a9d60ddbd967d797c1e6950e6,,RMD Engineering College,,en,a
https://www.rmd.ac.in/academics/Regulation.html,https://www.rmd.ac.in/academics/Regulation.html,academics/Regulation.html,200,https://www.rmd.ac.in/academics/Regulation.html,RMD ENGINEERING COLLEGE,1,https://www.rmd.ac.in/,text/html,20738,2026-10-04T11:28:33Z,79,6,47,OK,200,html/academics/Regulation.html,d9008888f6afd8339c67c34bd365085b5b96c6a6f7d97e8bf5147f07ba49d5e0,,RMD Engineering College,,en,a
https://www.rmd.ac.in/academics/Curriculum.html,https://www.rmd.ac.in/academics/Curriculum.html,academics/Curriculum.html,200,https://www.rmd.ac.in/academics/Curriculum.html,RMD ENGINEERING COLLEGE,1,https://www.rmd.ac.in/,text/html,28013,2026-10-04T11:28:34Z,108,6,72,OK,200,html/academics/Curriculum.html,1fcab09b33f6831023cb9b187f4c212702d7fd07b9eef3d4f4ecfa1c75408be6,,RMD Engineering College,,en,a
https://www.rmd.ac.in/academics/Academic_Schedule.html,https://www.rmd.ac.in/academics/Academic_Schedule.html,academics/Academic_Schedule.html,200,https://www.rmd.ac.in/academics/Academic_Schedule.html,RMD ENGINEERING COLLEGE,1,https://www.rmd.ac.in/,text/html,18553,2026-10-04T11:28:36Z,87,6,53,OK,200,html/academics/Academic_Schedule.html,21db6779ca66bbb4a28c064f21e6d50ee52efea3058d7dad28752666c3d7c8bd,,RMD Engineering College,,en,a
https://www.rmd.ac.in/dept/cse/,https://www.rmd.ac.in/dept/cse/,dept/cse/index.html,200,https://www.rmd.ac.in/dept/cse/,Login,1,https://www.rmd.ac.in/,text/html; charset=UTF-8,1256,2026-10-04T11:28:43Z,1,0,0,OK,200,html/dept/cse/index.html,132251151fc5221e13ff3f66c1e28e153b8fdbe96bf0415c9e8cdfacfbba6ddb,,,LOGIN FORM,,a
https://www.rmd.ac.in/dept/csbs/,https://www.rmd.ac.in/dept/csbs/,dept/csbs/index.html,200,https://www.rmd.ac.in/dept/csbs/,Login,1,https://www.rmd.ac.in/,text/html; charset=UTF-8,1307,2026-10-04T11:28:45Z,1,0,0,OK,200,html/dept/csbs/index.html,1089084504b645f8796e40b47788dda409ea1022daeef1c26421916919bb7a6e,,,LOGIN FORM,,a
https://www.rmd.ac.in/dept/aiml/,https://www.rmd.ac.in/dept/aiml/,dept/aiml/index.html,200,https://www.rmd.ac.in/dept/aiml/,Login,1,https://www.rmd.ac.in/,text/html; charset=UTF-8,1256,2026-10-04T11:28:47Z,1,0,0,OK,200,html/dept/aiml/index.html,132251151fc5221e13ff3f66c1e28e153b8fdbe96bf0415c9e8cdfacfbba6ddb,,,LOGIN FORM,,a
https://www.rmd.ac.in/dept/eee/,https://www.rmd.ac.in/dept/eee/,dept/eee/index.html,200,https://www.rmd.ac.in/dept/eee/,RMD ENGINEERING COLLEGE,1,https://www.rmd.ac.in/,text/html,24140,2026-10-04T11:28:49Z,96,6,35,OK,200,html/dept/eee/index.html,ec465e9d7d35db968a4b0ad17ab2a6fa54275c711f47732f2f8dbeba101f3e80,,RMD Engineering College,,en,a
https://www.rmd.ac.in/dept/ece/,https://www.rmd.ac.in/dept/ece/,dept/ece/index.html,200,https://www.rmd.ac.in/dept/ece/,Login,1,https://www.rmd.ac.in/,text/html; charset=UTF-8,1307,2026-10-04T11:28:51Z,1,0,0,OK,200,html/dept/ece/index.html,1089084504b645f8796e40b47788dda409ea1022daeef1c26421916919bb7a6e,,,LOGIN FORM,,a
https://www.rmd.ac.in/dept/it/,https://www.rmd.ac.in/dept/it/,dept/it/index.html,200,https://www.rmd.ac.in/dept/it/,Login,1,https://www.rmd.ac.in/,text/html; charset=UTF-8,1307,2026-10-04T11:28:54Z,1,0,0,OK,200,html/dept/it/index.html,1089084504b645f8796e40b47788dda409ea1022daeef1c26421916919bb7a6e,,,LOGIN FORM,,a
https://www.rmd.ac.in/dept/snh/,https://www.rmd.ac.in/dept/snh/,dept/snh/index.html,200,https://www.rmd.ac.in/dept/snh/,Login,1,https://www.rmd.ac.in/,text/html; charset=UTF-8,1307,2026-10-04T11:28:56Z,1,0,0,OK,200,html/dept/snh/index.html,1089084504b645f8796e40b47788dda409ea1022daeef1c26421916919bb7a6e,,,LOGIN FORM,,a
https://www.rmd.ac.in/examcell/,https://www.rmd.ac.in/examcell/,examcell/index.html,200,https://www.rmd.ac.in/examcell/,RMD ENGINEERING COLLEGE,1,https://www.rmd.ac.in/,text/html,21481,2026-10-04T11:28:58Z,82,1,39,OK,200,html/examcell/index.html,f03ed8d1528527374d55856c0a93ed9b769fe066f8de89f9f0cda9b1e12d5245,,RMD Engineering College,,en,a
https://www.rmd.ac.in/campus/facilities.html,https://www.rmd.ac.in/campus/facilities.html,campus/facilities.html,200,https://www.rmd.ac.in/campus/facilities.html,RMD ENGINEERING COLLEGE,1,https://www.rmd.ac.in/,text/html,18769,2026-10-04T11:28:59Z,69,6,36,OK,200,html/campus/facilities.html,6e838fb1f3443786a203f5edafb07b40e679de51a71c6d674b606f0f1d5d6db3,,RMD Engineering College,,en,a
https://www.rmd.ac.in/building.html,https://www.rmd.ac.in/building.html,building.html,200,https://www.rmd.ac.in/building.html,RMD ENGINEERING COLLEGE,1,https://www.rmd.ac.in/,text/html,24521,2026-10-04T11:29:02Z,69,0,76,OK,200,html/building.html,95ef613f8ae92ab5521bc0ed956d6762ee2d26ba752f2873efd577d41f0a9202,,RMD Engineering College,,en,a
https://www.rmd.ac.in/computercenter/,https://www.rmd.ac.in/computercenter/,computercenter/index.html,200,https://www.rmd.ac.in/computercenter/,RMD ENGINEERING COLLEGE,1,https://www.rmd.ac.in/,text/html,20496,2026-10-04T11:29:03Z,75,0,46,OK,200,html/computercenter/index.html,4aa6ea2dd068788b5fea258fd376c14839fbb55a1a819bae1e2efe902cbdb357,,RMD Engineering College,,en,a
https://www.rmd.ac.in/library/,https://www.rmd.ac.in/library/,library/index.html,200,https://www.rmd.ac.in/library/,RMD ENGINEERING COLLEGE,1,https://www.rmd.ac.in/,text/html,19194,2026-10-04T11:29:05Z,77,1,47,OK,200,html/library/index.html,9a46da8c37d233d0a9545c0e39fbf0752aec6456f5b2b6766712c604daf8a679,,RMD Engineering College,,en,a
https://www.rmd.ac.in/sports/,https://www.rmd.ac.in/sports/,sports/index.html,200,https://www.rmd.ac.in/sports/,RMD ENGINEERING COLLEGE,1,https://www.rmd.ac.in/,text/html,18913,2026-10-04T11:29:07Z,77,0,44,OK,200,html/sports/index.html,ffa7f6c303ed1030ea9678a4e7432c08f3eed41331320a9d12a449856a59ce10,,RMD Engineering College,,en,a
https://www.rmd.ac.in/campus/hostel.html,https://www.rmd.ac.in/campus/hostel.html,campus/hostel.html,200,https://www.rmd.ac.in/campus/hostel.html,RMD ENGINEERING COLLEGE,1,https://www.rmd.ac.in/,text/html,24834,2026-10-04T11:29:08Z,70,6,39,OK,200,html/campus/hostel.html,b7eb86e7dfddd17c84847a971988cfbca3a21d377070b8948e7636ccc28029fa,,RMD Engineering College,,en,a
https://www.rmd.ac.in/campus/transport.html,https://www.rmd.ac.in/campus/transport.html,campus/transport.html,200,https://www.rmd.ac.in/campus/transport.html,RMD ENGINEERING COLLEGE,1,https://www.rmd.ac.in/,text/html,19354,2026-10-04T11:29:10Z,70,6,38,OK,200,html/campus/transport.html,5f433da652aef47aeda248f1b67a085fafbcde34d02d7e2c9388580793d2ecd1,,RMD Engineering College,,en,a
https://www.rmd.ac.in/campus/hospital.html,https://www.rmd.ac.in/campus/hospital.html,campus/hospital.html,200,https://www.rmd.ac.in/campus/hospital.html,RMD ENGINEERING COLLEGE,1,https://www.rmd.ac.in/,text/html,17144,2026-10-04T11:29:11Z,69,6,36,OK,200,html/campus/hospital.html,ee4d76936bf2bbf3d4d697e7402b7601440c60e9cafa220118c706627a771d1b,,RMD Engineering College,,en,a
https://www.rmd.ac.in/campus/gym.html,https://www.rmd.ac.in/campus/gym.html,campus/gym.html,200,https://www.rmd.ac.in/campus/gym.html,RMD ENGINEERING COLLEGE,1,https://www.rmd.ac.in/,text/html,17659,2026-10-04T11:29:12Z,69,6,36,OK,200,html/campus/gym.html,1043fcf3dd07fa5c40ccaaeea7ec294d4ba1696b4d976674f3ee6979baacad53,,RMD Engineering College,,en,a
https://www.rmd.ac.in/campus/beauty.html,https://www.rmd.ac.in/campus/beauty.html,campus/beauty.html,200,https://www.rmd.ac.in/campus/beauty.html,RMD ENGINEERING COLLEGE,1,https://www.rmd.ac.in/,text/html,16881,2026-10-04T11:29:15Z,69,6,36,OK,200,html/campus/beauty.html,e6c1eca95ec2406eeae4d818edaebb9646218eebfef651a18a65541a83df6041,,RMD Engineering College,,en,a
https://www.rmd.ac.in/placement/placement.html,https://www.rmd.ac.in/placement/placement.html,placement/placement.html,200,https://www.rmd.ac.in/placement/placement.html,RMD ENGINEERING COLLEGE,1,https://www.rmd.ac.in/,text/html,33671,2026-10-04T11:29:17Z,80,2,40,OK,200,html/placement/placement.html,7bbe21b035e47c5f21bbc7981253b47d2c58338f64742918850ce8d935c7c345,,RMD Engineering College,,en,a
https://www.rmd.ac.in/research/research.html,https://www.rmd.ac.in/research/research.html,research/research.html,200,https://www.rmd.ac.in/research/research.html,RMD ENGINEERING COLLEGE,1,https://www.rmd.ac.in/,text/html,20250,2026-10-04T11:29:19Z,86,2,41,OK,200,html/research/research.html,85d27344165e2fcca699433f56d259ed84753c0d503c005417f2770e88c1c59a,,RMD Engineering College,,en,a
https://www.rmd.ac.in/nirf/nirf.html,https://www.rmd.ac.in/nirf/nirf.html,nirf/nirf.html,200,https://www.rmd.ac.in/nirf/nirf.html,RMD ENGINEERING COLLEGE,1,https://www.rmd.ac.in/,text/html,22572,2026-10-04T11:29:20Z,105,0,72,OK,200,html/nirf/nirf.html,3da9d8b5dc84233b61036562a5b4577b31c9db2f213126afec0766213447d818,,RMD Engineering College,,en,a
https://www.rmd.ac.in/naac/naac.html,https://www.rmd.ac.in/naac/naac.html,naac/naac.html,200,https://www.rmd.ac.in/naac/naac.html,RMD ENGINEERING COLLEGE,1,https://www.rmd.ac.in/,text/html,16620,2026-10-04T11:29:22Z,69,1,35,OK,200,html/naac/naac.html,9a206f704df5684e1917e40d9710b5d763a2c94b776f9be87a8df6168930935a,,RMD Engineering College,,en,a
https://www.rmd.ac.in/nba.html,https://www.rmd.ac.in/nba.html,nba.html,200,https://www.rmd.ac.in/nba.html,RMD ENGINEERING COLLEGE,1,https://www.rmd.ac.in/,text/html,18526,2026-10-04T11:29:23Z,76,1,51,OK,200,html/nba.html,703f46663cbe535d0ca2d3bab3b5ef6873b1611ee87e46e81af2d3a79d5cb408,,RMD Engineering College,,en,a
https://www.rmd.ac.in/contact.html,https://www.rmd.ac.in/contact.html,contact.html,200,https://www.rmd.ac.in/contact.html,RMD ENGINEERING COLLEGE,1,https://www.rmd.ac.in/,text/html,18331,2026-10-04T11:29:24Z,70,3,45,OK,200,html/contact.html,27862ed5abd3d532df3caaa26ffc76d0db4934e44c2cfec5e8d6f8545a241eca,,RMD Engineering College,,en,a
https://www.rmd.ac.in/alumni/,https://www.rmd.ac.in/alumni/,https://rmd.ac.in/alumni/index.html,200,https://www.rmd.ac.in/alumni/,RMD ENGINEERING COLLEGE,1,https://www.rmd.ac.in/,text/html,20941,2026-10-04T11:29:25Z,76,0,49,OK,200,html/alumni/index.html,ed90ca9946b22f920ec5c356a0389f75e1486d814f65843a6741d05d3a8250b3,,RMD Engineering College,,en,a
https://www.rmd.ac.in/placementresult.html,https://www.rmd.ac.in/placementresult.html,placementresult.html,200,https://www.rmd.ac.in/placementresult.html,RMD ENGINEERING COLLEGE,1,https://www.rmd.ac.in/,text/html,20593,2026-10-04T11:29:27Z,71,0,35,OK,200,html/placementresult.html,016edde814d2f0799685491e55b61cb1a8903d6d84269a557163366d2982af35,,RMD Engineering College,,en,a
https://www.rmd.ac.in/rmdec-googlecloud.html,https://www.rmd.ac.in/rmdec-googlecloud.html,rmdec-googlecloud.html,200,https://www.rmd.ac.in/rmdec-googlecloud.html,RMD ENGINEERING COLLEGE,1,https://www.rmd.ac.in/,text/html,17064,2026-10-04T11:29:29Z,69,5,38,OK,200,html/rmdec-googlecloud.html,8173ed3befa81d2a6d5a74929a439d732292646a266d9df6b1313a10fb86e9ae,,RMD Engineering College,,en,a
https://www.rmd.ac.in/newsevents.html,https://www.rmd.ac.in/newsevents.html,newsevents.html,200,https://www.rmd.ac.in/newsevents.html,RMD ENGINEERING COLLEGE,1,https://www.rmd.ac.in/,text/html,43462,2026-10-04T11:29:32Z,131,6,92,OK,200,html/newsevents.html,4684584ec13d1916397ba6065c67573f0a2cb4a8aafc7405afc04d0ca3b19d77,,RMD Engineering College,,en,a
https://www.rmd.ac.in/ANTI-DRUG/,https://www.rmd.ac.in/ANTI-DRUG/,ANTI-DRUG/index.html,200,https://www.rmd.ac.in/ANTI-DRUG/,RMD ENGINEERING COLLEGE,1,https://www.rmd.ac.in/,text/html,16984,2026-10-04T11:29:33Z,76,0,36,OK,200,html/ANTI-DRUG/index.html,bcbeb40906a87d2096d272143850740153560ed8b9fbdc271c812b46391250b6,,RMD Engineering College,,en,a
https://www.rmd.ac.in/Grievance/scst.html,https://www.rmd.ac.in/Grievance/scst.html,Grievance/scst.html,200,https://www.rmd.ac.in/Grievance/scst.html,RMD ENGINEERING COLLEGE,1,https://www.rmd.ac.in/,text/html,16229,2026-10-04T11:29:35Z,76,1,39,OK,200,html/Grievance/scst.html,5b6e48d48166dbd536830c03113f7f36204f8f0c9542f8df6fce6b7c13b34d3b,,RMD Engineering College,,en,a
https://www.rmd.ac.in/ac.html,https://www.rmd.ac.in/ac.html,ac.html,200,https://www.rmd.ac.in/ac.html,RMD ENGINEERING COLLEGE,1,https://www.rmd.ac.in/,text/html,21037,2026-10-04T11:29:36Z,69,0,51,OK,200,html/ac.html,5caf60d384eaf4ebd76cbff861a882d17880ae18ad582a5a1b39ecda7d4301f0,,RMD Engineering College,,en,a
https://www.rmd.ac.in/HE/,https://www.rmd.ac.in/HE/,HE/index.html,200,https://www.rmd.ac.in/HE/,RMD ENGINEERING COLLEGE,1,https://www.rmd.ac.in/,text/html,25593,2026-10-04T11:29:38Z,81,0,53,OK,200,html/HE/index.html,9d5fa5918266ee14a38c64a04c9a313db7bf4213161249414499f79d609b913f,,RMD Engineering College,,en,a
https://www.rmd.ac.in/edc.html,https://www.rmd.ac.in/edc.html,edc.html,200,https://www.rmd.ac.in/edc.html,RMD ENGINEERING COLLEGE,1,https://www.rmd.ac.in/,text/html,23225,2026-10-04T11:29:40Z,75,0,42,OK,200,html/edc.html,2f2f1b307d86e5efd5e846955eec74f2cd7a31217529e14a1074b9f73ba7a01c,,RMD Engineering College,,en,a
https://www.rmd.ac.in/iiic.html,https://www.rmd.ac.in/iiic.html,iiic.html,200,https://www.rmd.ac.in/iiic.html,RMD ENGINEERING COLLEGE,1,https://www.rmd.ac.in/,text/html,20288,2026-10-04T11:29:41Z,69,0,40,OK,200,html/iiic.html,14458af0e18e0c0886031f06770c11e3fdcf6473a419a59acc92ffc5536e2f4f,,RMD Engineering College,,en,a
https://www.rmd.ac.in/cfl/aboutus.html,https://www.rmd.ac.in/cfl/aboutus.html,cfl/aboutus.html,200,https://www.rmd.ac.in/cfl/aboutus.html,RMD ENGINEERING COLLEGE,1,https://www.rmd.ac.in/,text/html,20395,2026-10-04T11:29:43Z,75,0,35,OK,200,html/cfl/aboutus.html,09aba45ee18939dbb9057ca4147646a6e52c2e50d29ed9ad8c788e575a78ff23,,RMD Engineering College,,en,a
https://www.rmd.ac.in/coe.html,https://www.rmd.ac.in/coe.html,coe.html,200,https://www.rmd.ac.in/coe.html,RMD ENGINEERING COLLEGE,1,https://www.rmd.ac.in/,text/html,25799,2026-10-04T11:29:44Z,79,0,58,OK,200,html/coe.html,5503e716d3c17e0c99e50526c5b6c48c32e8ab317336a1716c4cafb619f99460,,RMD Engineering College,,en,a
https://www.rmd.ac.in/Onlinecourse/,https://www.rmd.ac.in/Onlinecourse/,Onlinecourse/index.html,200,https://www.rmd.ac.in/Onlinecourse/,RMD ENGINEERING COLLEGE,1,https://www.rmd.ac.in/,text/html,22305,2026-10-04T11:29:46Z,72,1,39,OK,200,html/Onlinecourse/index.html,5079c83c78ee47692c223f0e57b2afa0380d83de06dce4525208d4b91473222a,,RMD Engineering College,,en,a
https://www.rmd.ac.in/clubactivities.html,https://www.rmd.ac.in/clubactivities.html,clubactivities.html,200,https://www.rmd.ac.in/clubactivities.html,RMD ENGINEERING COLLEGE,1,https://www.rmd.ac.in/,text/html,37150,2026-10-04T11:29:48Z,79,0,51,OK,200,html/clubactivities.html,f74990b7bb6e3266b4a7b113cf05fa9e40e49bcd95ed20bd4841bbd045b3cc64,,RMD Engineering College,,en,a
https://www.rmd.ac.in/extra.html,https://www.rmd.ac.in/extra.html,extra.html,200,https://www.rmd.ac.in/extra.html,RMD ENGINEERING COLLEGE,1,https://www.rmd.ac.in/,text/html,21124,2026-10-04T11:29:50Z,72,0,40,OK,200,html/extra.html,207570163c8c677aed3e740996c7117eb7c233c3d21bc941f0e5ac2b0e44b215,,RMD Engineering College,,en,a
https://www.rmd.ac.in/pb.html,https://www.rmd.ac.in/pb.html,pb.html,200,https://www.rmd.ac.in/pb.html,RMD ENGINEERING COLLEGE,1,https://www.rmd.ac.in/,text/html,22611,2026-10-04T11:29:51Z,73,0,46,OK,200,html/pb.html,b73d4d2f25be35bbdc65067e6d6e097d7b54674667ed213b2ca86eb56420dff0,,RMD Engineering College,,en,a
https://www.rmd.ac.in/Idea_Lab/,https://www.rmd.ac.in/Idea_Lab/,Idea_Lab/index.html,200,https://www.rmd.ac.in/Idea_Lab/,RMD ENGINEERING COLLEGE,1,https://www.rmd.ac.in/,text/html,17751,2026-10-04T11:29:53Z,73,1,43,OK,200,html/Idea_Lab/index.html,ea2df580c443a142f1929c813a8e7cfdd7193f2f7840dae5957403445b8eb5a5,,RMD Engineering College,,en,a
https://www.rmd.ac.in/Feedback/,https://www.rmd.ac.in/Feedback/,Feedback/index.html,200,https://www.rmd.ac.in/Feedback/,RMD ENGINEERING COLLEGE,1,https://www.rmd.ac.in/,text/html,16143,2026-10-04T11:29:54Z,74,0,35,OK,200,html/Feedback/index.html,37d740ea631403f6b3d452c3f2c0fb2f37f7c32b9a4af20d5dda22273c1925d6,,RMD Engineering College,,en,a
https://www.rmd.ac.in/Grievance/,https://www.rmd.ac.in/Grievance/,Grievance/index.html,200,https://www.rmd.ac.in/Grievance/,RMD ENGINEERING COLLEGE,1,https://www.rmd.ac.in/,text/html,16265,2026-10-04T11:29:56Z,76,1,39,OK,200,html/Grievance/index.html,f7f261fda00b992e55eff9681c41a3111a7f57da4fef324e371a5906331e953b,,RMD Engineering College,,en,a
https://www.rmd.ac.in/iqac/aboutus.html,https://www.rmd.ac.in/iqac/aboutus.html,iqac/aboutus.html,200,https://www.rmd.ac.in/iqac/aboutus.html,RMD ENGINEERING COLLEGE,1,https://www.rmd.ac.in/,text/html,19768,2026-10-04T11:29:58Z,77,0,35,OK,200,html/iqac/aboutus.html,ac1739d4fbe954e2b01cb2120ec555a3a52082adcd2306d765b1e9e9b903e2d3,,RMD Engineering College,,en,a
https://www.rmd.ac.in/Ariia/,https://www.rmd.ac.in/Ariia/,index.html,403,https://www.rmd.ac.in/Ariia/,,2,https://www.rmd.ac.in/Ariia/ariia.html,text/html; charset=iso-8859-1,,2026-10-04T11:29:59Z,,,,HTTP_ERROR,403,,,,,,,a
https://www.rmd.ac.in/dept/eie/,https://www.rmd.ac.in/dept/eie/,../dept/eie/index.html,404,https://www.rmd.ac.in/dept/eie/,,2,https://www.rmd.ac.in/Ariia/ariia.html,text/html; charset=iso-8859-1,,2026-10-04T11:30:08Z,,,,HTTP_ERROR,404,,,,,,,a
https://www.rmd.ac.in/campus/greencampus.html,https://www.rmd.ac.in/campus/greencampus.html,../campus/greencampus.html,200,https://www.rmd.ac.in/campus/greencampus.html,RMD ENGINEERING COLLEGE,2,https://www.rmd.ac.in/Ariia/ariia.html,text/html,18829,2026-10-04T11:30:09Z,69,6,36,OK,200,html/campus/greencampus.html,d2af08e70822fa7f5e49b5e8c7cb2c247701d5956d24140b1f02243566608904,,RMD Engineering College,,en,a
https://www.rmd.ac.in/gallery.html,https://www.rmd.ac.in/gallery.html,../gallery.html,200,https://www.rmd.ac.in/gallery.html,RMD ENGINEERING COLLEGE,2,https://www.rmd.ac.in/Ariia/ariia.html,text/html,26307,2026-10-04T11:30:12Z,71,1,87,OK,200,html/gallery.html,ec901ca36ee5cb274efb0c6ba3d6e375c6e067b47583563d2e45e09fa46a1ef0,,RMD Engineering College,,en,a
https://www.rmd.ac.in/aboutus/2025-26.html,https://www.rmd.ac.in/aboutus/2025-26.html,2025-26.html,200,https://www.rmd.ac.in/aboutus/2025-26.html,RMD ENGINEERING COLLEGE,2,https://www.rmd.ac.in/aboutus/AICTEapprovals.html,text/html,18594,2026-10-04T11:30:14Z,94,1,35,OK,200,html/aboutus/2025-26.html,a68a5b60b3373de671a62fa78e9f78acad83b11a86c9f39b9f9e2e7f851aaf3e,,RMD Engineering College,,en,a
https://www.rmd.ac.in/aboutus/2024-25.html,https://www.rmd.ac.in/aboutus/2024-25.html,2024-25.html,200,https://www.rmd.ac.in/aboutus/2024-25.html,RMD ENGINEERING COLLEGE,2,https://www.rmd.ac.in/aboutus/AICTEapprovals.html,text/html,18588,2026-10-04T11:30:15Z,94,1,35,OK,200,html/aboutus/2024-25.html,8f82776d522b15a3249f39163c47910d22411eda1b97fffae4e4ada88d250d99,,RMD Engineering College,,en,a
https://www.rmd.ac.in/aboutus/2023-24.html,https://www.rmd.ac.in/aboutus/2023-24.html,2023-24.html,200,https://www.rmd.ac.in/aboutus/2023-24.html,RMD ENGINEERING COLLEGE,2,https://www.rmd.ac.in/aboutus/AICTEapprovals.html,text/html,18574,2026-10-04T11:30:17Z,94,1,35,OK,200,html/aboutus/2023-24.html,e81fb0b6f6ee51eb4510edc01c55cbf7261ea6296c40f7ac293744f4bb9a0862,,RMD Engineering College,,en,a
https://www.rmd.ac.in/aboutus/2022-23.html,https://www.rmd.ac.in/aboutus/2022-23.html,2022-23.html,200,https://www.rmd.ac.in/aboutus/2022-23.html,RMD ENGINEERING COLLEGE,2,https://www.rmd.ac.in/aboutus/AICTEapprovals.html,text/html,18574,2026-10-04T11:30:18Z,94,1,35,OK,200,html/aboutus/2022-23.html,abe061afd9a50a30694905730c1805c4980518e43e23edd00439db60280845c9,,RMD Engineering College,,en,a
https://www.rmd.ac.in/aboutus/2021-22.html,https://www.rmd.ac.in/aboutus/2021-22.html,2021-22.html,200,https://www.rmd.ac.in/aboutus/2021-22.html,RMD ENGINEERING COLLEGE,2,https://www.rmd.ac.in/aboutus/AICTEapprovals.html,text/html,18614,2026-10-04T11:30:20Z,94,1,35,OK,200,html/aboutus/2021-22.html,2c80df8e7bc8d41e4c4064476bd1bfbbaea9d8d0331e092e1fddb459a6529077,,RMD Engineering College,,en,a
https://www.rmd.ac.in/aboutus/2020-21.html,https://www.rmd.ac.in/aboutus/2020-21.html,2020-21.html,200,https://www.rmd.ac.in/aboutus/2020-21.html,RMD ENGINEERING COLLEGE,2,https://www.rmd.ac.in/aboutus/AICTEapprovals.html,text/html,18613,2026-10-04T11:30:22Z,94,1,35,OK,200,html/aboutus/2020-21.html,4252defff9dd433541550efed8097e79975cef986e39e0a832a88593475ea7dc,,RMD Engineering College,,en,a
https://www.rmd.ac.in/aboutus/2019-20.html,https://www.rmd.ac.in/aboutus/2019-20.html,2019-20.html,200,https://www.rmd.ac.in/aboutus/2019-20.html,RMD ENGINEERING COLLEGE,2,https://www.rmd.ac.in/aboutus/AICTEapprovals.html,text/html,18614,2026-10-04T11:30:23Z,94,1,35,OK,200,html/aboutus/2019-20.html,7147eace3e0b4972b7b8f8cdb9ab53d2cc71e8cfe18182ea2b1cfb6a802ff7e4,,RMD Engineering College,,en,a
https://www.rmd.ac.in/aboutus/2018-19.html,https://www.rmd.ac.in/aboutus/2018-19.html,2018-19.html,200,https://www.rmd.ac.in/aboutus/2018-19.html,RMD ENGINEERING COLLEGE,2,https://www.rmd.ac.in/aboutus/AICTEapprovals.html,text/html,18615,2026-10-04T11:30:24Z,94,1,35,OK,200,html/aboutus/2018-19.html,a3c6f3d49acdbdce38d77d1033384ce03edf6d786c148ac7f80e6be174f2eb30,,RMD Engineering College,,en,a
https://www.rmd.ac.in/aboutus/2017-18.html,https://www.rmd.ac.in/aboutus/2017-18.html,2017-18.html,200,https://www.rmd.ac.in/aboutus/2017-18.html,RMD ENGINEERING COLLEGE,2,https://www.rmd.ac.in/aboutus/AICTEapprovals.html,text/html,18611,2026-10-04T11:30:25Z,94,1,35,OK,200,html/aboutus/2017-18.html,68d0a9e9a52005027b8f284f2dfe11972e2a9c0d603b6f140b43eed096d2e1c2,,RMD Engineering College,,en,a
https://www.rmd.ac.in/aboutus/2016-17.html,https://www.rmd.ac.in/aboutus/2016-17.html,2016-17.html,200,https://www.rmd.ac.in/aboutus/2016-17.html,RMD ENGINEERING COLLEGE,2,https://www.rmd.ac.in/aboutus/AICTEapprovals.html,text/html,18614,2026-10-04T11:30:26Z,94,1,35,OK,200,html/aboutus/2016-17.html,c42a477f25c7f8c17dacbd01bfcd2571b79a032632077a09ffa8ef9ba6545066,,RMD Engineering College,,en,a
https://www.rmd.ac.in/aboutus/2015-16.html,https://www.rmd.ac.in/aboutus/2015-16.html,2015-16.html,200,https://www.rmd.ac.in/aboutus/2015-16.html,RMD ENGINEERING COLLEGE,2,https://www.rmd.ac.in/aboutus/AICTEapprovals.html,text/html,18614,2026-10-04T11:30:28Z,94,1,35,OK,200,html/aboutus/2015-16.html,3c7de0d105468a629663a9f0c3be1c0ad421acf567a551cea689032c6d9804d0,,RMD Engineering College,,en,a
https://www.rmd.ac.in/aboutus/2014-15.html,https://www.rmd.ac.in/aboutus/2014-15.html,2014-15.html,200,https://www.rmd.ac.in/aboutus/2014-15.html,RMD ENGINEERING COLLEGE,2,https://www.rmd.ac.in/aboutus/AICTEapprovals.html,text/html,18612,2026-10-04T11:30:29Z,94,1,35,OK,200,html/aboutus/2014-15.html,b6eac2d60cdc7a3b69f603acbc7ba014112d71e924de7d70620daead37ef0316,,RMD Engineering College,,en,a
https://www.rmd.ac.in/aboutus/2013-14.html,https://www.rmd.ac.in/aboutus/2013-14.html,2013-14.html,200,https://www.rmd.ac.in/aboutus/2013-14.html,RMD ENGINEERING COLLEGE,2,https://www.rmd.ac.in/aboutus/AICTEapprovals.html,text/html,18613,2026-10-04T11:30:31Z,94,1,35,OK,200,html/aboutus/2013-14.html,48083a56bb00daef35c6902e5321cd8614e89e445f27bd55046f5d1614eb4900,,RMD Engineering College,,en,a
https://www.rmd.ac.in/aboutus/2012-13.html,https://www.rmd.ac.in/aboutus/2012-13.html,2012-13.html,200,https://www.rmd.ac.in/aboutus/2012-13.html,RMD ENGINEERING COLLEGE,2,https://www.rmd.ac.in/aboutus/AICTEapprovals.html,text/html,18607,2026-10-04T11:30:33Z,94,1,35,OK,200,html/aboutus/2012-13.html,e1eacf994b2360bba5efd4c2c5cc7fa3d93ad1bac42be6f3969f3d2ca0d1016c,,RMD Engineering College,,en,a
https://www.rmd.ac.in/aboutus/2011-12.html,https://www.rmd.ac.in/aboutus/2011-12.html,2011-12.html,200,https://www.rmd.ac.in/aboutus/2011-12.html,RMD ENGINEERING COLLEGE,2,https://www.rmd.ac.in/aboutus/AICTEapprovals.html,text/html,18608,2026-10-04T11:30:34Z,94,1,35,OK,200,html/aboutus/2011-12.html,2808e6c6bd0a4ceacfedde111c714e9a2c3dff6344ddffd1e79483e3a964a363,,RMD Engineering College,,en,a
https://www.rmd.ac.in/aboutus/2010-11.html,https://www.rmd.ac.in/aboutus/2010-11.html,2010-11.html,200,https://www.rmd.ac.in/aboutus/2010-11.html,RMD ENGINEERING COLLEGE,2,https://www.rmd.ac.in/aboutus/AICTEapprovals.html,text/html,18613,2026-10-04T11:30:36Z,94,1,35,OK,200,html/aboutus/2010-11.html,6a481b74f69a8669a0b2b751e7a6a958b1024906f07c81530a6335385fa64fb5,,RMD Engineering College,,en,a
https://www.rmd.ac.in/aboutus/2009-10.html,https://www.rmd.ac.in/aboutus/2009-10.html,2009-10.html,200,https://www.rmd.ac.in/aboutus/2009-10.html,RMD ENGINEERING COLLEGE,2,https://www.rmd.ac.in/aboutus/AICTEapprovals.html,text/html,18617,2026-10-04T11:30:38Z,94,1,35,OK,200,html/aboutus/2009-10.html,4dff885d82aefe50bc91ae45744cc4161d1ce7dfd8eb2a0a4b38720444818dda,,RMD Engineering College,,en,a
https://www.rmd.ac.in/aboutus/2008-09.html,https://www.rmd.ac.in/aboutus/2008-09.html,2008-09.html,200,https://www.rmd.ac.in/aboutus/2008-09.html,RMD ENGINEERING COLLEGE,2,https://www.rmd.ac.in/aboutus/AICTEapprovals.html,text/html,18616,2026-10-04T11:30:39Z,94,1,35,OK,200,html/aboutus/2008-09.html,18b6ca35405a1e97d13e68017303b159ed3383c8a9a816436dca4caa8ada8422,,RMD Engineering College,,en,a
https://www.rmd.ac.in/aboutus/2007-08.html,https://www.rmd.ac.in/aboutus/2007-08.html,2007-08.html,200,https://www.rmd.ac.in/aboutus/2007-08.html,RMD ENGINEERING COLLEGE,2,https://www.rmd.ac.in/aboutus/AICTEapprovals.html,text/html,18614,2026-10-04T11:30:41Z,94,1,35,OK,200,html/aboutus/2007-08.html,d39cb7db80f9af6203b0a1350a7ef405cf52dad6075068bef4f210bb6c3c4c81,,RMD Engineering College,,en,a
https://www.rmd.ac.in/aboutus/2006-07.html,https://www.rmd.ac.in/aboutus/2006-07.html,2006-07.html,200,https://www.rmd.ac.in/aboutus/2006-07.html,RMD ENGINEERING COLLEGE,2,https://www.rmd.ac.in/aboutus/AICTEapprovals.html,text/html,18604,2026-10-04T11:30:43Z,94,1,35,OK,200,html/aboutus/2006-07.html,b3bef36e846dbeb9a6cac7d97edb9bf348eade18d935667e5a005d8b4e46a1bc,,RMD Engineering College,,en,a
https://www.rmd.ac.in/aboutus/2005-06.html,https://www.rmd.ac.in/aboutus/2005-06.html,2005-06.html,200,https://www.rmd.ac.in/aboutus/2005-06.html,RMD ENGINEERING COLLEGE,2,https://www.rmd.ac.in/aboutus/AICTEapprovals.html,text/html,18613,2026-10-04T11:30:44Z,94,1,35,OK,200,html/aboutus/2005-06.html,df8f197b62f6c1e8b04de1229dcdba86e8e2d03bdc9ec89ebf3568967808cc76,,RMD Engineering College,,en,a
https://www.rmd.ac.in/aboutus/2004-05.html,https://www.rmd.ac.in/aboutus/2004-05.html,2004-05.html,200,https://www.rmd.ac.in/aboutus/2004-05.html,RMD ENGINEERING COLLEGE,2,https://www.rmd.ac.in/aboutus/AICTEapprovals.html,text/html,18613,2026-10-04T11:30:46Z,94,1,35,OK,200,html/aboutus/2004-05.html,c7ffa40010261644dc0c145e1a36b82bb440d8af5a35a4c861beb00b6a03b536,,RMD Engineering College,,en,a
https://www.rmd.ac.in/aboutus/2003-04.html,https://www.rmd.ac.in/aboutus/2003-04.html,2003-04.html,200,https://www.rmd.ac.in/aboutus/2003-04.html,RMD ENGINEERING COLLEGE,2,https://www.rmd.ac.in/aboutus/AICTEapprovals.html,text/html,18606,2026-10-04T11:30:47Z,94,1,35,OK,200,html/aboutus/2003-04.html,7d0a12e4c7bc4e3ff29f5ea88f6b791202c3f7ebb2c42984a18d6c74a21044d2,,RMD Engineering College,,en,a
https://www.rmd.ac.in/aboutus/2002-03.html,https://www.rmd.ac.in/aboutus/2002-03.html,2002-03.html,200,https://www.rmd.ac.in/aboutus/2002-03.html,RMD ENGINEERING COLLEGE,2,https://www.rmd.ac.in/aboutus/AICTEapprovals.html,text/html,18599,2026-10-04T11:30:48Z,94,1,35,OK,200,html/aboutus/2002-03.html,23a6ec02bdf7158aacab0485bc5253d1ecc5103c7514cdad477289689eda1452,,RMD Engineering College,,en,a
https://www.rmd.ac.in/aboutus/2001-02.html,https://www.rmd.ac.in/aboutus/2001-02.html,2001-02.html,200,https://www.rmd.ac.in/aboutus/2001-02.html,RMD ENGINEERING COLLEGE,2,https://www.rmd.ac.in/aboutus/AICTEapprovals.html,text/html,18606,2026-10-04T11:30:49Z,94,1,35,OK,200,html/aboutus/2001-02.html,3cb2c54fc96be888ee913652b1ff8ef6713d318b089a2e92086191eca61c191a,,RMD Engineering College,,en,a
https://www.rmd.ac.in/aboutus/au2025-26.html,https://www.rmd.ac.in/aboutus/au2025-26.html,au2025-26.html,200,https://www.rmd.ac.in/aboutus/au2025-26.html,RMD ENGINEERING COLLEGE,2,https://www.rmd.ac.in/aboutus/Annaapprovals.html,text/html,17112,2026-10-04T11:30:50Z,73,1,35,OK,200,html/aboutus/au2025-26.html,8d47e7b87903fe93eb369f29df4aa32000f6cfca44cb4fdd84667e55134b2945,,RMD Engineering College,,en,a
https://www.rmd.ac.in/aboutus/au2024-25.html,https://www.rmd.ac.in/aboutus/au2024-25.html,au2024-25.html,200,https://www.rmd.ac.in/aboutus/au2024-25.html,RMD ENGINEERING COLLEGE,2,https://www.rmd.ac.in/aboutus/Annaapprovals.html,text/html,17112,2026-10-04T11:30:51Z,73,1,35,OK,200,html/aboutus/au2024-25.html,de154c3b250de219856f94442919307cc0f0520db75eef1e82929ef2014e340d,,RMD Engineering College,,en,a
https://www.rmd.ac.in/aboutus/au2023-24.html,https://www.rmd.ac.in/aboutus/au2023-24.html,au2023-24.html,200,https://www.rmd.ac.in/aboutus/au2023-24.html,RMD ENGINEERING COLLEGE,2,https://www.rmd.ac.in/aboutus/Annaapprovals.html,text/html,17112,2026-10-04T11:30:53Z,73,1,35,OK,200,html/aboutus/au2023-24.html,5a0ab065ef2c86cb4f18a49c10ae9241d9ef5c1a08a76759adbfc3b0a846b521,,RMD Engineering College,,en,a
https://www.rmd.ac.in/aboutus/au2022-23.html,https://www.rmd.ac.in/aboutus/au2022-23.html,au2022-23.html,200,https://www.rmd.ac.in/aboutus/au2022-23.html,RMD ENGINEERING COLLEGE,2,https://www.rmd.ac.in/aboutus/Annaapprovals.html,text/html,17112,2026-10-04T11:30:54Z,73,1,35,OK,200,html/aboutus/au2022-23.html,38148c95976249389660ab3f41073bce6bedf0f0f3b28d1742c99e7966c9f301,,RMD Engineering College,,en,a
https://www.rmd.ac.in/lab.html,https://www.rmd.ac.in/lab.html,../../lab.html,200,https://www.rmd.ac.in/lab.html,RMD ENGINEERING COLLEGE,2,https://www.rmd.ac.in/dept/eee/,text/html,34765,2026-10-04T11:30:59Z,63,8,98,OK,200,html/lab.html,29966ca0a9f5a59e591d667cb0e7fd540db156c3eb63391e7cb4adfdb341b1c6,,RMD Engineering College,,en,a
https://www.rmd.ac.in/dept/eee/vm.html,https://www.rmd.ac.in/dept/eee/vm.html,vm.html,200,https://www.rmd.ac.in/dept/eee/vm.html,RMD ENGINEERING COLLEGE,2,https://www.rmd.ac.in/dept/eee/,text/html,19385,2026-10-04 12:16:17,,,,OK,,html/dept/eee/vm.html,,,,,,a
https://www.rmd.ac.in/dept/eee/peo.html,https://www.rmd.ac.in/dept/eee/peo.html,peo.html,200,https://www.rmd.ac.in/dept/eee/peo.html,RMD ENGINEERING COLLEGE,2,https://www.rmd.ac.in/dept/eee/,text/html,24477,2026-10-04 12:16:17,,,,OK,,html/dept/eee/peo.html,,,,,,a
https://www.rmd.ac.in/examcell/Examination_Fee_Circular.html,https://www.rmd.ac.in/examcell/Examination_Fee_Circular.html,Examination_Fee_Circular.html,200,https://www.rmd.ac.in/examcell/Examination_Fee_Circular.html,RMD ENGINEERING COLLEGE,2,https://www.rmd.ac.in/examcell/,text/html,18721,2026-10-04T11:31:30Z,82,1,39,OK,200,html/examcell/Examination_Fee_Circular.html,bcf4898e2fd709f3dc97b1810b1ffaa324873c0e6cfe5f13d8e9030efa0cada9,,RMD Engineering College,,en,a
https://www.rmd.ac.in/examcell/Course_Registration_Circular.html,https://www.rmd.ac.in/examcell/Course_Registration_Circular.html,Course_Registration_Circular.html,200,https://www.rmd.ac.in/examcell/Course_Registration_Circular.html,RMD ENGINEERING COLLEGE,2,https://www.rmd.ac.in/examcell/,text/html,18671,2026-10-04T11:31:31Z,82,1,39,OK,200,html/examcell/Course_Registration_Circular.html,438caa29b53fd0c19d825afca7fe3290e9e3d83e0072b572b6a74b61dcb0e5f7,,RMD Engineering College,,en,a
https://www.rmd.ac.in/examcell/Arrear_Examination_Circular.html,https://www.rmd.ac.in/examcell/Arrear_Examination_Circular.html,Arrear_Examination_Circular.html,200,https://www.rmd.ac.in/examcell/Arrear_Examination_Circular.html,RMD ENGINEERING COLLEGE,2,https://www.rmd.ac.in/examcell/,text/html,18672,2026-10-04T11:31:33Z,82,1,39,OK,200,html/examcell/Arrear_Examination_Circular.html,62d08fb74c43497d42f6312fa55a39877832331b48580ba936ca73e3629442d3,,RMD Engineering College,,en,a
https://www.rmd.ac.in/examcell/Review_Circular.html,https://www.rmd.ac.in/examcell/Review_Circular.html,Review_Circular.html,200,https://www.rmd.ac.in/examcell/Review_Circular.html,RMD ENGINEERING COLLEGE,2,https://www.rmd.ac.in/examcell/,text/html,20447,2026-10-04T11:31:34Z,82,1,40,OK,200,html/examcell/Review_Circular.html,762929d2eed2c25fd245beef9e6a728ef26ea10454b8449982dbf0a033896cb0,,RMD Engineering College,,en,a
https://www.rmd.ac.in/examcell/Examination_Rules.html,https://www.rmd.ac.in/examcell/Examination_Rules.html,Examination_Rules.html,200,https://www.rmd.ac.in/examcell/Examination_Rules.html,RMD ENGINEERING COLLEGE,2,https://www.rmd.ac.in/examcell/,text/html,18685,2026-10-04T11:31:36Z,82,1,39,OK,200,html/examcell/Examination_Rules.html,b1f2f1e0eb39f3f199fa116e2ce0d320902d723bb16b455addd663865e22d6a1,,RMD Engineering College,,en,a
https://www.rmd.ac.in/examcell/Examination_timetable.html,https://www.rmd.ac.in/examcell/Examination_timetable.html,Examination_timetable.html,200,https://www.rmd.ac.in/examcell/Examination_timetable.html,RMD ENGINEERING COLLEGE,2,https://www.rmd.ac.in/examcell/,text/html,20572,2026-10-04T11:31:37Z,82,1,40,OK,200,html/examcell/Examination_timetable.html,7e71dc275b18073fbe9744832cf604bd9dc6a901f3d88850cd1c93777fdecbc0,,RMD Engineering College,,en,a
https://www.rmd.ac.in/examcell/End_semester_Practical_timetable.html,https://www.rmd.ac.in/examcell/End_semester_Practical_timetable.html,End_semester_Practical_timetable.html,200,https://www.rmd.ac.in/examcell/End_semester_Practical_timetable.html,RMD ENGINEERING COLLEGE,2,https://www.rmd.ac.in/examcell/,text/html,18712,2026-10-04T11:31:38Z,82,1,39,OK,200,html/examcell/End_semester_Practical_timetable.html,6402a2a392024d9b34a5e27f48357c1bd29e7632e9dc381afc10a922f6459e28,,RMD Engineering College,,en,a
https://www.rmd.ac.in/examcell/End_semester_Theory_timetable.html,https://www.rmd.ac.in/examcell/End_semester_Theory_timetable.html,End_semester_Theory_timetable.html,200,https://www.rmd.ac.in/examcell/End_semester_Theory_timetable.html,RMD ENGINEERING COLLEGE,2,https://www.rmd.ac.in/examcell/,text/html,21383,2026-10-04T11:31:40Z,82,1,42,OK,200,html/examcell/End_semester_Theory_timetable.html,dbdfc835709df2bbdc56a692413e1ac6ceb1b864f7be9ab4c28f8bf22937a142,,RMD Engineering College,,en,a
https://www.rmd.ac.in/examcell/Supplementary_timetable.html,https://www.rmd.ac.in/examcell/Supplementary_timetable.html,Supplementary_timetable.html,200,https://www.rmd.ac.in/examcell/Supplementary_timetable.html,RMD ENGINEERING COLLEGE,2,https://www.rmd.ac.in/examcell/,text/html,20725,2026-10-04T11:31:41Z,82,1,40,OK,200,html/examcell/Supplementary_timetable.html,3dab776446d9222dff10c2595300781d108592051de440f6808701980ed6fc26,,RMD Engineering College,,en,a
https://www.rmd.ac.in/examcell/Transcript_Application_Form.html,https://www.rmd.ac.in/examcell/Transcript_Application_Form.html,Transcript_Application_Form.html,200,https://www.rmd.ac.in/examcell/Transcript_Application_Form.html,RMD ENGINEERING COLLEGE,2,https://www.rmd.ac.in/examcell/,text/html,18669,2026-10-04T11:31:43Z,82,1,39,OK,200,html/examcell/Transcript_Application_Form.html,14e676c459e0f4f26b796b48070a6f4fb8a107a4be2303e7860fb332ff610ff9,,RMD Engineering College,,en,a
https://www.rmd.ac.in/examcell/Duplicate_Grade_Sheet.html,https://www.rmd.ac.in/examcell/Duplicate_Grade_Sheet.html,Duplicate_Grade_Sheet.html,200,https://www.rmd.ac.in/examcell/Duplicate_Grade_Sheet.html,RMD ENGINEERING COLLEGE,2,https://www.rmd.ac.in/examcell/,text/html,18691,2026-10-04T11:31:44Z,82,1,39,OK,200,html/examcell/Duplicate_Grade_Sheet.html,6fb73ba4168f142b36fe357e20b5cb5a053babaa152e3e1fe447164f2cb5bf82,,RMD Engineering College,,en,a
https://www.rmd.ac.in/examcell/contact.html,https://www.rmd.ac.in/examcell/contact.html,contact.html,200,https://www.rmd.ac.in/examcell/contact.html,RMD ENGINEERING COLLEGE,2,https://www.rmd.ac.in/examcell/,text/html,19395,2026-10-04T11:31:46Z,82,1,39,OK,200,html/examcell/contact.html,9391c61d2aeb4a40b05266bcb247a82560defffb721cffff7b907949e9caea10,,RMD Engineering College,,en,a
https://www.rmd.ac.in/academics/Code_of_conduct.html,https://www.rmd.ac.in/academics/Code_of_conduct.html,../academics/Code_of_conduct.html,200,https://www.rmd.ac.in/academics/Code_of_conduct.html,RMD ENGINEERING COLLEGE,2,https://www.rmd.ac.in/computercenter/,text/html,16759,2026-10-04T11:31:49Z,70,6,35,OK,200,html/academics/Code_of_conduct.html,490ffe70527b5341a9131e9c2ee690a5d985084605b89c57383d70b3e4b7b40e,,RMD Engineering College,,en,a
https://www.rmd.ac.in/compcenter/,https://www.rmd.ac.in/compcenter/,../compcenter/index.html,404,https://www.rmd.ac.in/compcenter/,,2,https://www.rmd.ac.in/computercenter/,text/html; charset=iso-8859-1,,2026-10-04T11:31:51Z,,,,HTTP_ERROR,404,,,,,,,a
https://www.rmd.ac.in/computercenter/hardware.html,https://www.rmd.ac.in/computercenter/hardware.html,hardware.html,200,https://www.rmd.ac.in/computercenter/hardware.html,RMD ENGINEERING COLLEGE,2,https://www.rmd.ac.in/computercenter/,text/html,18553,2026-10-04T11:31:53Z,77,0,41,OK,200,html/computercenter/hardware.html,d6e788aaf9424ce8fd75941a23b5eac8e296d8ad1ffa17e6ef8ea77e84dacd7b,,RMD Engineering College,,en,a
https://www.rmd.ac.in/computercenter/software.html,https://www.rmd.ac.in/computercenter/software.html,software.html,200,https://www.rmd.ac.in/computercenter/software.html,RMD ENGINEERING COLLEGE,2,https://www.rmd.ac.in/computercenter/,text/html,20611,2026-10-04T11:31:55Z,75,1,35,OK,200,html/computercenter/software.html,5190a58ea3d778e72c04ac0a0eeb7c7f46395235c1561e9feb6cd4c59fff64aa,,RMD Engineering College,,en,a
https://www.rmd.ac.in/computercenter/internet.html,https://www.rmd.ac.in/computercenter/internet.html,internet.html,200,https://www.rmd.ac.in/computercenter/internet.html,RMD ENGINEERING COLLEGE,2,https://www.rmd.ac.in/computercenter/,text/html,17085,2026-10-04T11:31:56Z,75,1,35,OK,200,html/computercenter/internet.html,7d87d4ed54dac6519ed5f3e39fe8ba642cf79192412d8ede9c3d857c158fe403,,RMD Engineering College,,en,a
https://www.rmd.ac.in/computercenter/wifi.html,https://www.rmd.ac.in/computercenter/wifi.html,wifi.html,200,https://www.rmd.ac.in/computercenter/wifi.html,RMD ENGINEERING COLLEGE,2,https://www.rmd.ac.in/computercenter/,text/html,17583,2026-10-04T11:31:57Z,75,0,41,OK,200,html/computercenter/wifi.html,bf2b563315c66d7324d2c12583f328dd5fd45d13a065bdb5616480e75f78211b,,RMD Engineering College,,en,a
https://www.rmd.ac.in/computercenter/lab.html,https://www.rmd.ac.in/computercenter/lab.html,lab.html,200,https://www.rmd.ac.in/computercenter/lab.html,RMD ENGINEERING COLLEGE,2,https://www.rmd.ac.in/computercenter/,text/html,19775,2026-10-04T11:31:58Z,75,1,45,OK,200,html/computercenter/lab.html,d466cadd5b3d544a82c08d67f860ff9eae17a58649d4da072868bbf189650b26,,RMD Engineering College,,en,a
https://www.rmd.ac.in/computercenter/photo.html,https://www.rmd.ac.in/computercenter/photo.html,photo.html,200,https://www.rmd.ac.in/computercenter/photo.html,RMD ENGINEERING COLLEGE,2,https://www.rmd.ac.in/computercenter/,text/html,24584,2026-10-04T11:32:00Z,75,0,69,OK,200,html/computercenter/photo.html,f583f1d767998f68e7aa62a4ce41cf24f9ea7306566e39e32abe8ddafb444fb5,,RMD Engineering College,,en,a
https://www.rmd.ac.in/computercenter/contact.html,https://www.rmd.ac.in/computercenter/contact.html,contact.html,200,https://www.rmd.ac.in/computercenter/contact.html,RMD ENGINEERING COLLEGE,2,https://www.rmd.ac.in/computercenter/,text/html,18086,2026-10-04T11:32:01Z,75,0,38,OK,200,html/computercenter/contact.html,1e01de6fe59342ec53574cda34cb4a0280890585dca811f2f75f15ee81033266,,RMD Engineering College,,en,a
https://www.rmd.ac.in/library/pr.html,https://www.rmd.ac.in/library/pr.html,pr.html,200,https://www.rmd.ac.in/library/pr.html,RMD ENGINEERING COLLEGE,2,https://www.rmd.ac.in/library/,text/html,33339,2026-10-04T11:32:04Z,78,1,37,OK,200,html/library/pr.html,636479cf3469d110447d11f8ac62c8f781a91bd266c0de0754ce6971ebaf7b98,,RMD Engineering College,,en,a
https://www.rmd.ac.in/library/digital.html,https://www.rmd.ac.in/library/digital.html,digital.html,200,https://www.rmd.ac.in/library/digital.html,RMD ENGINEERING COLLEGE,2,https://www.rmd.ac.in/library/,text/html,24584,2026-10-04T11:32:06Z,74,30,40,OK,200,html/library/digital.html,79039002898a20602fb5d1574ce09e63b8a0c1b1015a33e36675054fe0e713ab,,RMD Engineering College,,en,a
https://www.rmd.ac.in/library/im.html,https://www.rmd.ac.in/library/im.html,im.html,200,https://www.rmd.ac.in/library/im.html,RMD ENGINEERING COLLEGE,2,https://www.rmd.ac.in/library/,text/html,17538,2026-10-04T11:32:07Z,77,7,34,OK,200,html/library/im.html,d50ad45120c813b213658dabaad6301a6acec13971cf418fb879de5593147989,,RMD Engineering College,,en,a
https://www.rmd.ac.in/library/libac.html,https://www.rmd.ac.in/library/libac.html,libac.html,200,https://www.rmd.ac.in/library/libac.html,RMD ENGINEERING COLLEGE,2,https://www.rmd.ac.in/library/,text/html,18407,2026-10-04T11:32:08Z,77,1,34,OK,200,html/library/libac.html,1c814ab650dcc751e6b64e5209b579f37e6cf84014ec56dbe4eeb951c15da87f,,RMD Engineering College,,en,a
https://www.rmd.ac.in/library/librules.html,https://www.rmd.ac.in/library/librules.html,librules.html,200,https://www.rmd.ac.in/library/librules.html,RMD ENGINEERING COLLEGE,2,https://www.rmd.ac.in/library/,text/html,19027,2026-10-04T11:32:10Z,77,1,35,OK,200,html/library/librules.html,721d62d4b6e36ae2de239cd629009467e7dbf0ec84e881e60c150ff3a0d824ff,,RMD Engineering College,,en,a
https://www.rmd.ac.in/library/libservices.html,https://www.rmd.ac.in/library/libservices.html,libservices.html,200,https://www.rmd.ac.in/library/libservices.html,RMD ENGINEERING COLLEGE,2,https://www.rmd.ac.in/library/,text/html,17477,2026-10-04T11:32:11Z,77,1,35,OK,200,html/library/libservices.html,23078560942ef91654707b8adbe76510f3d7e6e2738838ac409bf0af39bad35b,,RMD Engineering College,,en,a
https://www.rmd.ac.in/library/libteam.html,https://www.rmd.ac.in/library/libteam.html,libteam.html,200,https://www.rmd.ac.in/library/libteam.html,RMD ENGINEERING COLLEGE,2,https://www.rmd.ac.in/library/,text/html,17802,2026-10-04T11:32:13Z,77,1,34,OK,200,html/library/libteam.html,ed7ee83b6216c4d08b8da5c472e255cdf9de9216c52856801fd526f15fa657f2,,RMD Engineering College,,en,a
https://www.rmd.ac.in/library/photo.html,https://www.rmd.ac.in/library/photo.html,photo.html,200,https://www.rmd.ac.in/library/photo.html,RMD ENGINEERING COLLEGE,2,https://www.rmd.ac.in/library/,text/html,26918,2026-10-04T11:32:14Z,77,1,78,OK,200,html/library/photo.html,3f47b5eb540a04259acd3ecce0b1a058804e3400f1d24a5a3e120d67076909cd,,RMD Engineering College,,en,a
https://www.rmd.ac.in/sports/sports/,https://www.rmd.ac.in/sports/sports/,sports/index.html,404,https://www.rmd.ac.in/sports/sports/,,2,https://www.rmd.ac.in/sports/,text/html; charset=iso-8859-1,,2026-10-04T11:32:16Z,,,,HTTP_ERROR,404,,,,,,,a
https://www.rmd.ac.in/sports/objectives.html,https://www.rmd.ac.in/sports/objectives.html,objectives.html,200,https://www.rmd.ac.in/sports/objectives.html,RMD ENGINEERING COLLEGE,2,https://www.rmd.ac.in/sports/,text/html,17556,2026-10-04T11:32:18Z,77,0,37,OK,200,html/sports/objectives.html,521ce1cce1c5f3de6421243f1d2142d0b38de791a4bc7b51c82440c05065f0fd,,RMD Engineering College,,en,a
https://www.rmd.ac.in/sports/facilities.html,https://www.rmd.ac.in/sports/facilities.html,facilities.html,200,https://www.rmd.ac.in/sports/facilities.html,RMD ENGINEERING COLLEGE,2,https://www.rmd.ac.in/sports/,text/html,19216,2026-10-04T11:32:20Z,77,0,45,OK,200,html/sports/facilities.html,e7cdf0a6613085d32c129254a2d38225f0660ffd87a06babf992a292d1df505b,,RMD Engineering College,,en,a
https://www.rmd.ac.in/sports/faculty.html,https://www.rmd.ac.in/sports/faculty.html,faculty.html,200,https://www.rmd.ac.in/sports/faculty.html,RMD ENGINEERING COLLEGE,2,https://www.rmd.ac.in/sports/,text/html,17497,2026-10-04T11:32:22Z,77,0,37,OK,200,html/sports/faculty.html,bcf878649df449e13bcda18ceac16c3f85b187effa34d5a22b12fbf533110624,,RMD Engineering College,,en,a
https://www.rmd.ac.in/sports/events.html,https://www.rmd.ac.in/sports/events.html,events.html,200,https://www.rmd.ac.in/sports/events.html,RMD ENGINEERING COLLEGE,2,https://www.rmd.ac.in/sports/,text/html,25403,2026-10-04T11:32:23Z,99,0,76,OK,200,html/sports/events.html,35c08fa3ac12f31aa74a9b5e8349c85fb42ba23ca68d70b653527fff301070da,,RMD Engineering College,,en,a
https://www.rmd.ac.in/sports/achie.html,https://www.rmd.ac.in/sports/achie.html,achie.html,200,https://www.rmd.ac.in/sports/achie.html,RMD ENGINEERING COLLEGE,2,https://www.rmd.ac.in/sports/,text/html,23764,2026-10-04T11:32:25Z,111,0,64,OK,200,html/sports/achie.html,1f76f17da0789d9cb5a51a37c26eae9eb0b2ce6284c4aa6620aaae816a0fc4ae,,RMD Engineering College,,en,a
https://www.rmd.ac.in/sports/awards.html,https://www.rmd.ac.in/sports/awards.html,awards.html,200,https://www.rmd.ac.in/sports/awards.html,RMD ENGINEERING COLLEGE,2,https://www.rmd.ac.in/sports/,text/html,24723,2026-10-04T11:32:26Z,100,0,68,OK,200,html/sports/awards.html,4fbc311b84fbad3d4235e634cdf9f3c78e28f6368793c4d2a122cef0ac524b23,,RMD Engineering College,,en,a
https://www.rmd.ac.in/sports/photo.html,https://www.rmd.ac.in/sports/photo.html,photo.html,200,https://www.rmd.ac.in/sports/photo.html,RMD ENGINEERING COLLEGE,2,https://www.rmd.ac.in/sports/,text/html,29310,2026-10-04T11:32:28Z,77,0,106,OK,200,html/sports/photo.html,8f628d135e3dea3e305f2c6e84d2aea7dc86e8f6fe3d177c7755a68a20c6d26f,,RMD Engineering College,,en,a
https://www.rmd.ac.in/placement/goal.html,https://www.rmd.ac.in/placement/goal.html,goal.html,200,https://www.rmd.ac.in/placement/goal.html,RMD ENGINEERING COLLEGE,2,https://www.rmd.ac.in/placement/placement.html,text/html,26484,2026-10-04T11:32:30Z,80,2,35,OK,200,html/placement/goal.html,9bfb31dd824d16795a8d2e39f680c96c65c13b8f7d8b189fe52c6a9d47b13cf1,,RMD Engineering College,,en,a
https://www.rmd.ac.in/placement/pd.html,https://www.rmd.ac.in/placement/pd.html,pd.html,200,https://www.rmd.ac.in/placement/pd.html,RMD ENGINEERING COLLEGE,2,https://www.rmd.ac.in/placement/placement.html,text/html,66331,2026-10-04T11:32:32Z,95,2,53,OK,200,html/placement/pd.html,8c1870f4606eb332e8833f9b1d73b1fa83d7d7e6be4d1bd22cef0f6760141e72,,RMD Engineering College,,en,a
https://www.rmd.ac.in/placement/ps.html,https://www.rmd.ac.in/placement/ps.html,ps.html,200,https://www.rmd.ac.in/placement/ps.html,RMD ENGINEERING COLLEGE,2,https://www.rmd.ac.in/placement/placement.html,text/html,20357,2026-10-04T11:32:33Z,80,2,35,OK,200,html/placement/ps.html,dea0502f05050e48a35061badaf7a1437de107ee6c49e6b6082a9fc367741b0d,,RMD Engineering College,,en,a
https://www.rmd.ac.in/placement/rmdstu.html,https://www.rmd.ac.in/placement/rmdstu.html,rmdstu.html,200,https://www.rmd.ac.in/placement/rmdstu.html,RMD ENGINEERING COLLEGE,2,https://www.rmd.ac.in/placement/placement.html,text/html,19314,2026-10-04T11:32:34Z,81,2,35,OK,200,html/placement/rmdstu.html,15ddd63108dbe2c3bd343ab98f796d4364a2a3ba64fc2771243f988d6c77cb39,,RMD Engineering College,,en,a
https://www.rmd.ac.in/placement/rr.html,https://www.rmd.ac.in/placement/rr.html,rr.html,200,https://www.rmd.ac.in/placement/rr.html,RMD ENGINEERING COLLEGE,2,https://www.rmd.ac.in/placement/placement.html,text/html,43049,2026-10-04T11:32:36Z,78,2,34,OK,200,html/placement/rr.html,644c4e7b412e1dd1c50504a650b920514bb482fc71cf1e4abb27cdc94c2420ed,,RMD Engineering College,,en,a
https://www.rmd.ac.in/placement/training.html,https://www.rmd.ac.in/placement/training.html,training.html,200,https://www.rmd.ac.in/placement/training.html,RMD ENGINEERING COLLEGE,2,https://www.rmd.ac.in/placement/placement.html,text/html,18424,2026-10-04T11:32:38Z,80,2,35,OK,200,html/placement/training.html,ba7fce2e8f7f9f6aadab1cb232b11dccb7fc8d36b557dae48da76df671f7ea3f,,RMD Engineering College,,en,a
https://www.rmd.ac.in/placement/ic.html,https://www.rmd.ac.in/placement/ic.html,ic.html,200,https://www.rmd.ac.in/placement/ic.html,RMD ENGINEERING COLLEGE,2,https://www.rmd.ac.in/placement/placement.html,text/html,40041,2026-10-04T11:32:39Z,82,4,36,OK,200,html/placement/ic.html,ce98564b7076b363c2b01b1ad24f57a8889b503727b5e6e54c3700358afde430,,RMD Engineering College,,en,a
https://www.rmd.ac.in/placement/pc.html,https://www.rmd.ac.in/placement/pc.html,pc.html,200,https://www.rmd.ac.in/placement/pc.html,RMD ENGINEERING COLLEGE,2,https://www.rmd.ac.in/placement/placement.html,text/html,19384,2026-10-04T11:32:41Z,80,2,39,OK,200,html/placement/pc.html,fd08d1c265fdf1646c7309220e997157e32bd4518cfa2e8a0814f2cbc9b0500b,,RMD Engineering College,,en,a
https://www.rmd.ac.in/placement/crc.html,https://www.rmd.ac.in/placement/crc.html,crc.html,200,https://www.rmd.ac.in/placement/crc.html,RMD ENGINEERING COLLEGE,2,https://www.rmd.ac.in/placement/placement.html,text/html,19488,2026-10-04T11:32:42Z,80,2,40,OK,200,html/placement/crc.html,bf3c58f8c65fbc7a839d4e462f2deb8edd41d3e7b21ffc1ca113064b247065a4,,RMD Engineering College,,en,a
https://www.rmd.ac.in/placement/guests.html,https://www.rmd.ac.in/placement/guests.html,guests.html,200,https://www.rmd.ac.in/placement/guests.html,RMD ENGINEERING COLLEGE,2,https://www.rmd.ac.in/placement/placement.html,text/html,42604,2026-10-04T11:32:44Z,80,2,82,OK,200,html/placement/guests.html,dfa09696556034ef7b078797991e99c286982f05fe08cf4062f1e5e92b97f4f1,,RMD Engineering College,,en,a
https://www.rmd.ac.in/research/research_team.html,https://www.rmd.ac.in/research/research_team.html,research_team.html,200,https://www.rmd.ac.in/research/research_team.html,RMD ENGINEERING COLLEGE,2,https://www.rmd.ac.in/research/research.html,text/html,17993,2026-10-04T11:32:47Z,86,2,43,OK,200,html/research/research_team.html,b7868928410a82f24ef6e11e35f649717d3c1d3936b978ec34d1dd65384ffddb,,RMD Engineering College,,en,a
https://www.rmd.ac.in/research/research_Advisory_committee.html,https://www.rmd.ac.in/research/research_Advisory_committee.html,research_Advisory_committee.html,200,https://www.rmd.ac.in/research/research_Advisory_committee.html,RMD ENGINEERING COLLEGE,2,https://www.rmd.ac.in/research/research.html,text/html,19996,2026-10-04T11:32:49Z,86,2,38,OK,200,html/research/research_Advisory_committee.html,00c0ae67bc7bc27dcbfdc4dab9d94e586fa2d629a190f197121d3902b44ff962,,RMD Engineering College,,en,a
https://www.rmd.ac.in/research/Ethics_Commitee.html,https://www.rmd.ac.in/research/Ethics_Commitee.html,Ethics_Commitee.html,200,https://www.rmd.ac.in/research/Ethics_Commitee.html,RMD ENGINEERING COLLEGE,2,https://www.rmd.ac.in/research/research.html,text/html,19537,2026-10-04T11:32:50Z,86,2,38,OK,200,html/research/Ethics_Commitee.html,6855acd88a3c3874b642cfccf72a3ddc3f2253d2c7830734e3eaba97bc2765bc,,RMD Engineering College,,en,a
https://www.rmd.ac.in/research/Research_Promotion_policy.html,https://www.rmd.ac.in/research/Research_Promotion_policy.html,Research_Promotion_policy.html,200,https://www.rmd.ac.in/research/Research_Promotion_policy.html,RMD ENGINEERING COLLEGE,2,https://www.rmd.ac.in/research/research.html,text/html,17774,2026-10-04T11:32:52Z,86,2,39,OK,200,html/research/Research_Promotion_policy.html,2e6e88e7994770a1dd4dd49d977081030f17fcb5daeb7e447529a4daef961083,,RMD Engineering College,,en,a
https://www.rmd.ac.in/research/Code_of_Ethics.html,https://www.rmd.ac.in/research/Code_of_Ethics.html,Code_of_Ethics.html,200,https://www.rmd.ac.in/research/Code_of_Ethics.html,RMD ENGINEERING COLLEGE,2,https://www.rmd.ac.in/research/research.html,text/html,17754,2026-10-04T11:32:53Z,86,2,39,OK,200,html/research/Code_of_Ethics.html,f6605802ef3a9f1c422ccd5c34b3ba8298818afc4518113ac720946c443273c2,,RMD Engineering College,,en,a
https://www.rmd.ac.in/research/Research_centres.html,https://www.rmd.ac.in/research/Research_centres.html,Research_centres.html,200,https://www.rmd.ac.in/research/Research_centres.html,RMD ENGINEERING COLLEGE,2,https://www.rmd.ac.in/research/research.html,text/html,19578,2026-10-04T11:32:55Z,86,3,38,OK,200,html/research/Research_centres.html,a866758dc10214e803c129235ca058a408c7b29767d8a07ec253c77596c40dd3,,RMD Engineering College,,en,a
https://www.rmd.ac.in/research/Research_Supervisors.html,https://www.rmd.ac.in/research/Research_Supervisors.html,Research_Supervisors.html,200,https://www.rmd.ac.in/research/Research_Supervisors.html,RMD ENGINEERING COLLEGE,2,https://www.rmd.ac.in/research/research.html,text/html,30233,2026-10-04T11:32:56Z,86,50,38,OK,200,html/research/Research_Supervisors.html,26443737b8aaeeb7d9bf2a0f636ab741b4456e8515e90f9d137e0ea67529b37b,,RMD Engineering College,,en,a
https://www.rmd.ac.in/research/Research_publication_ay.html,https://www.rmd.ac.in/research/Research_publication_ay.html,Research_publication_ay.html,200,https://www.rmd.ac.in/research/Research_publication_ay.html,RMD ENGINEERING COLLEGE,2,https://www.rmd.ac.in/research/research.html,text/html,41270,2026-10-04T11:32:57Z,86,2,38,OK,200,html/research/Research_publication_ay.html,f543d78cd417f052dda4ddf85cd8c93e973120f11adaec22bf1b27ddbaf82265,,RMD Engineering College,,en,a
https://www.rmd.ac.in/research/Research_publication_cy.html,https://www.rmd.ac.in/research/Research_publication_cy.html,Research_publication_cy.html,200,https://www.rmd.ac.in/research/Research_publication_cy.html,RMD ENGINEERING COLLEGE,2,https://www.rmd.ac.in/research/research.html,text/html,42319,2026-10-04T11:32:59Z,86,2,38,OK,200,html/research/Research_publication_cy.html,9e71f4b875235860d7750fbb5dcdff8bdfe4d685abb8009b7a8579c5e539754d,,RMD Engineering College,,en,a
https://www.rmd.ac.in/research/IPR_Committee.html,https://www.rmd.ac.in/research/IPR_Committee.html,IPR_Committee.html,200,https://www.rmd.ac.in/research/IPR_Committee.html,RMD ENGINEERING COLLEGE,2,https://www.rmd.ac.in/research/research.html,text/html,23244,2026-10-04T11:33:00Z,86,2,38,OK,200,html/research/IPR_Committee.html,a42b675c88d888c2855163f1d894346e45df5b9b03ea230493ee2ead5cde5997,,RMD Engineering College,,en,a
https://www.rmd.ac.in/research/IPR_Policy.html,https://www.rmd.ac.in/research/IPR_Policy.html,IPR_Policy.html,200,https://www.rmd.ac.in/research/IPR_Policy.html,RMD ENGINEERING COLLEGE,2,https://www.rmd.ac.in/research/research.html,text/html,17751,2026-10-04T11:33:02Z,86,2,39,OK,200,html/research/IPR_Policy.html,5750f1c213dfca40cdad28d018e9e4872ef974f2ea2d3bd62f5e3a8bd5dd3781,,RMD Engineering College,,en,a
https://www.rmd.ac.in/research/Event.html,https://www.rmd.ac.in/research/Event.html,Event.html,200,https://www.rmd.ac.in/research/Event.html,RMD ENGINEERING COLLEGE,2,https://www.rmd.ac.in/research/research.html,text/html,22159,2026-10-04T11:33:03Z,86,2,38,OK,200,html/research/Event.html,378aa4bbaec9754629a719204dbfc87f1128c3ad1cb1cf1e345464b38b7f6387,,RMD Engineering College,,en,a
https://www.rmd.ac.in/research/Patent_Grand.html,https://www.rmd.ac.in/research/Patent_Grand.html,Patent_Grand.html,200,https://www.rmd.ac.in/research/Patent_Grand.html,RMD ENGINEERING COLLEGE,2,https://www.rmd.ac.in/research/research.html,text/html,39803,2026-10-04T11:33:05Z,86,3,39,OK,200,html/research/Patent_Grand.html,b76d9cbc2715a62b6e259b52fb80fd90becd140e639b7b02b6ef6b027fa61a0c,,RMD Engineering College,,en,a
https://www.rmd.ac.in/research/Patent_Published.html,https://www.rmd.ac.in/research/Patent_Published.html,Patent_Published.html,200,https://www.rmd.ac.in/research/Patent_Published.html,RMD ENGINEERING COLLEGE,2,https://www.rmd.ac.in/research/research.html,text/html,23007,2026-10-04T11:33:06Z,92,10,46,OK,200,html/research/Patent_Published.html,602ebf03f2e924ef8cda49bc8a300f049869a9d21b5d19b35e2d662f25a120b3,,RMD Engineering College,,en,a
https://www.rmd.ac.in/research/Consultancy_ay.html,https://www.rmd.ac.in/research/Consultancy_ay.html,Consultancy_ay.html,200,https://www.rmd.ac.in/research/Consultancy_ay.html,RMD ENGINEERING COLLEGE,2,https://www.rmd.ac.in/research/research.html,text/html,32751,2026-10-04T11:33:08Z,86,2,38,OK,200,html/research/Consultancy_ay.html,aabc0a0b9582f99b6f0bb2f0b7c8b6d5c672c021cfb1e16857fb72dcec2a5ebe,,RMD Engineering College,,en,a
https://www.rmd.ac.in/research/Consultancy_cy.html,https://www.rmd.ac.in/research/Consultancy_cy.html,Consultancy_cy.html,200,https://www.rmd.ac.in/research/Consultancy_cy.html,RMD ENGINEERING COLLEGE,2,https://www.rmd.ac.in/research/research.html,text/html,30806,2026-10-04T11:33:09Z,86,2,38,OK,200,html/research/Consultancy_cy.html,fe4f594615169a41adb54f5df9e73365113836ab2c41b1b3e94b75c63a1315ee,,RMD Engineering College,,en,a
https://www.rmd.ac.in/research/Fund_received.html,https://www.rmd.ac.in/research/Fund_received.html,Fund_received.html,200,https://www.rmd.ac.in/research/Fund_received.html,RMD ENGINEERING COLLEGE,2,https://www.rmd.ac.in/research/research.html,text/html,19199,2026-10-04T11:33:11Z,86,2,39,OK,200,html/research/Fund_received.html,35da1614bd39eda8b9334776eb43623af5e955197b8dc32c085002f31eb17009,,RMD Engineering College,,en,a
https://www.rmd.ac.in/research/research_newsletter.html,https://www.rmd.ac.in/research/research_newsletter.html,research_newsletter.html,200,https://www.rmd.ac.in/research/research_newsletter.html,RMD ENGINEERING COLLEGE,2,https://www.rmd.ac.in/research/research.html,text/html,23070,2026-10-04T11:33:12Z,88,4,44,OK,200,html/research/research_newsletter.html,d05f569d049ee447ca8dfbd693e6a1a5cc3b297c4308f26a67bb1b73be20667d,,RMD Engineering College,,en,a
https://www.rmd.ac.in/research/contact.html,https://www.rmd.ac.in/research/contact.html,contact.html,200,https://www.rmd.ac.in/research/contact.html,RMD ENGINEERING COLLEGE,2,https://www.rmd.ac.in/research/research.html,text/html,18434,2026-10-04T11:33:14Z,86,2,39,OK,200,html/research/contact.html,6aca846ce09432d89f28e22fc60642af225f20d365973ada5319049730a4497c,,RMD Engineering College,,en,a
https://www.rmd.ac.in/nirf/,https://www.rmd.ac.in/nirf/,index.html,403,https://www.rmd.ac.in/nirf/,,2,https://www.rmd.ac.in/nirf/nirf.html,text/html; charset=iso-8859-1,,2026-10-04T11:33:15Z,,,,HTTP_ERROR,403,,,,,,,a
https://www.rmd.ac.in/naac/Criteria_1.html,https://www.rmd.ac.in/naac/Criteria_1.html,Criteria_1.html,200,https://www.rmd.ac.in/naac/Criteria_1.html,RMD ENGINEERING COLLEGE,2,https://www.rmd.ac.in/naac/naac.html,text/html,28907,2026-10-04T11:33:25Z,100,0,61,OK,200,html/naac/Criteria_1.html,d685ba00ae1ac355641cf0ca0009b1019e6ea835eb026fd03e8102a8577a51e3,,RMD Engineering College,,en,a
https://www.rmd.ac.in/alumni/achap.html,https://www.rmd.ac.in/alumni/achap.html,achap.html,200,https://www.rmd.ac.in/alumni/achap.html,RMD ENGINEERING COLLEGE,2,https://www.rmd.ac.in/alumni/,text/html,29170,2026-10-04T11:35:06Z,76,0,36,OK,200,html/alumni/achap.html,f8102e96675b7ab31395d5d32798d32b02e3e15627d4b429cfa89a75e2062bf8,,RMD Engineering College,,en,a
https://www.rmd.ac.in/alumni/news.html,https://www.rmd.ac.in/alumni/news.html,news.html,200,https://www.rmd.ac.in/alumni/news.html,RMD ENGINEERING COLLEGE,2,https://www.rmd.ac.in/alumni/,text/html,16443,2026-10-04T11:35:08Z,76,0,35,OK,200,html/alumni/news.html,7270e4da31f7d9e6969021bebfa0cef66e1741c3ca06e4d8d948f6ea19fc0733,,RMD Engineering College,,en,a
https://www.rmd.ac.in/alumni/nalumni.html,https://www.rmd.ac.in/alumni/nalumni.html,nalumni.html,200,https://www.rmd.ac.in/alumni/nalumni.html,RMD ENGINEERING COLLEGE,2,https://www.rmd.ac.in/alumni/,text/html,17034,2026-10-04T11:35:09Z,76,0,35,OK,200,html/alumni/nalumni.html,4fe07043004289053cbb19d6479c2a4dbf0ef70a73d360f49e7128441bf0c8b4,,RMD Engineering College,,en,a
https://www.rmd.ac.in/alumni/acontri.html,https://www.rmd.ac.in/alumni/acontri.html,acontri.html,200,https://www.rmd.ac.in/alumni/acontri.html,RMD ENGINEERING COLLEGE,2,https://www.rmd.ac.in/alumni/,text/html,306510,2026-10-04T11:35:12Z,76,0,36,OK,200,html/alumni/acontri.html,e0cbfa69e4e9766c242b8f6e7c74c7dec4a4f9f30cbc7227937ecc4eb31807d9,,RMD Engineering College,,en,a
https://www.rmd.ac.in/alumni/as.html,https://www.rmd.ac.in/alumni/as.html,as.html,200,https://www.rmd.ac.in/alumni/as.html,RMD ENGINEERING COLLEGE,2,https://www.rmd.ac.in/alumni/,text/html,16452,2026-10-04T11:35:13Z,76,0,35,OK,200,html/alumni/as.html,00fc6792ba29bddfa445fd061963656ddb2a4c80ecdd3f66188aa0c41e05a503,,RMD Engineering College,,en,a
https://www.rmd.ac.in/alumni/photo.html,https://www.rmd.ac.in/alumni/photo.html,photo.html,200,https://www.rmd.ac.in/alumni/photo.html,RMD ENGINEERING COLLEGE,2,https://www.rmd.ac.in/alumni/,text/html,36652,2026-10-04T11:35:18Z,76,0,143,OK,200,html/alumni/photo.html,a7bcd255b73eb5d4847cd7435b4e75fb204e785ebf49b6fa790c8cff4ee9c38a,,RMD Engineering College,,en,a
https://www.rmd.ac.in/alumni/contact.html,https://www.rmd.ac.in/alumni/contact.html,contact.html,200,https://www.rmd.ac.in/alumni/contact.html,RMD ENGINEERING COLLEGE,2,https://www.rmd.ac.in/alumni/,text/html,17341,2026-10-04T11:35:20Z,76,0,36,OK,200,html/alumni/contact.html,3a338f49201e7dbc0264506110efbc7694606df05460771c836d4b5aad99e806,,RMD Engineering College,,en,a
https://www.rmd.ac.in/ICIETDW_24/,https://www.rmd.ac.in/ICIETDW_24/,ICIETDW_24/index.html,200,https://www.rmd.ac.in/ICIETDW_24/,ICIETDW’24,2,https://www.rmd.ac.in/newsevents.html,text/html,12629,2026-10-04T11:35:23Z,16,5,9,OK,200,html/ICIETDW_24/index.html,ad684258977d06e39dcfb3e8af3a0000f9ac4ebf1b5f9509137bc7f2aa667fbf,,,,en,a
https://www.rmd.ac.in/Ring24/,https://www.rmd.ac.in/Ring24/,Ring24/index.html,404,https://www.rmd.ac.in/Ring24/,,2,https://www.rmd.ac.in/newsevents.html,text/html; charset=iso-8859-1,,2026-10-04T11:35:24Z,,,,HTTP_ERROR,404,,,,,,,a
https://www.rmd.ac.in/rendezvous24/,https://www.rmd.ac.in/rendezvous24/,rendezvous24/index.html,200,https://www.rmd.ac.in/rendezvous24/,Rendezvous2k24,2,https://www.rmd.ac.in/newsevents.html,text/html,6891,2026-10-04T11:35:25Z,8,2,21,OK,200,html/rendezvous24/index.html,fd7c22ea67602dfd063933058c43ccd98931212afbfe64f0be4c13dc15821413,,,RENDEZVOUS 2k24,en,a
https://www.rmd.ac.in/sankeethika2k24/,https://www.rmd.ac.in/sankeethika2k24/,sankeethika2k24/index.html,200,https://www.rmd.ac.in/sankeethika2k24/,SAANKETHIKA 2K24,2,https://www.rmd.ac.in/newsevents.html,text/html,16423,2026-10-04T11:35:26Z,2,7,6,OK,200,html/sankeethika2k24/index.html,cef36774411f0be46f4a18bd2b348c6a597691a7128660ae47070fdb7e5b4cb9,,,SAANKETHIKA 2K24,en,a
https://www.rmd.ac.in/Techcrescenza'24/,https://www.rmd.ac.in/Techcrescenza'24/,Techcrescenza'24/index.html,200,https://www.rmd.ac.in/Techcrescenza'24/,Techcrescenza'24,2,https://www.rmd.ac.in/newsevents.html,text/html,2252,2026-10-04T11:35:27Z,0,0,13,OK,200,html/Techcrescenza'24/index.html,697beb89db4f9566c945d686c9f163c1685bab10018a1a3a88983276b074a00f,,,,,a
https://www.rmd.ac.in/ANTI-DRUG/examcell/,https://www.rmd.ac.in/ANTI-DRUG/examcell/,examcell/index.html,404,https://www.rmd.ac.in/ANTI-DRUG/examcell/,,2,https://www.rmd.ac.in/ANTI-DRUG/,text/html; charset=iso-8859-1,,2026-10-04T11:35:37Z,,,,HTTP_ERROR,404,,,,,,,a
https://www.rmd.ac.in/ANTI-DRUG/vm.html,https://www.rmd.ac.in/ANTI-DRUG/vm.html,vm.html,200,https://www.rmd.ac.in/ANTI-DRUG/vm.html,RMD ENGINEERING COLLEGE,2,https://www.rmd.ac.in/ANTI-DRUG/,text/html,17525,2026-10-04T11:35:39Z,76,0,36,OK,200,html/ANTI-DRUG/vm.html,3c82231d5433f4373aae00777f7b7dc84101deb9580f3b38d0bdc9e403789536,,RMD Engineering College,,en,a
https://www.rmd.ac.in/ANTI-DRUG/Objectives.html,https://www.rmd.ac.in/ANTI-DRUG/Objectives.html,Objectives.html,200,https://www.rmd.ac.in/ANTI-DRUG/Objectives.html,RMD ENGINEERING COLLEGE,2,https://www.rmd.ac.in/ANTI-DRUG/,text/html,17063,2026-10-04T11:35:41Z,76,0,37,OK,200,html/ANTI-DRUG/Objectives.html,c874db6a35033c9a1c05b22296d05c909a02253cf7abc4373089cf6a31237c88,,RMD Engineering College,,en,a
https://www.rmd.ac.in/ANTI-DRUG/Coordinator.html,https://www.rmd.ac.in/ANTI-DRUG/Coordinator.html,Coordinator.html,200,https://www.rmd.ac.in/ANTI-DRUG/Coordinator.html,RMD ENGINEERING COLLEGE,2,https://www.rmd.ac.in/ANTI-DRUG/,text/html,17387,2026-10-04T11:35:42Z,76,1,34,OK,200,html/ANTI-DRUG/Coordinator.html,c182a8d6559b095a315d7a47cb3e5aed940da791ec6c433a1d959be3aa2b5f22,,RMD Engineering College,,en,a
https://www.rmd.ac.in/ANTI-DRUG/members.html,https://www.rmd.ac.in/ANTI-DRUG/members.html,members.html,200,https://www.rmd.ac.in/ANTI-DRUG/members.html,RMD ENGINEERING COLLEGE,2,https://www.rmd.ac.in/ANTI-DRUG/,text/html,21434,2026-10-04T11:35:44Z,76,1,34,OK,200,html/ANTI-DRUG/members.html,a8508f62506bba18c4dd7cceb764db94b77be9452f69cd646a1224bba97e6af2,,RMD Engineering College,,en,a
https://www.rmd.ac.in/ANTI-DRUG/activities.html,https://www.rmd.ac.in/ANTI-DRUG/activities.html,activities.html,200,https://www.rmd.ac.in/ANTI-DRUG/activities.html,RMD ENGINEERING COLLEGE,2,https://www.rmd.ac.in/ANTI-DRUG/,text/html,18020,2026-10-04T11:35:45Z,76,1,34,OK,200,html/ANTI-DRUG/activities.html,4b21c280f464aab476f184c842f7bbc8f336896fcfc2c57fa3b83080538824e5,,RMD Engineering College,,en,a
https://www.rmd.ac.in/ANTI-DRUG/help.html,https://www.rmd.ac.in/ANTI-DRUG/help.html,help.html,200,https://www.rmd.ac.in/ANTI-DRUG/help.html,RMD ENGINEERING COLLEGE,2,https://www.rmd.ac.in/ANTI-DRUG/,text/html,17074,2026-10-04T11:35:46Z,76,0,37,OK,200,html/ANTI-DRUG/help.html,0dd48f12f383c846c33e413e6734133497d852d3727cf2a00764b4582d446db0,,RMD Engineering College,,en,a
https://www.rmd.ac.in/Grievance/icc.html,https://www.rmd.ac.in/Grievance/icc.html,icc.html,200,https://www.rmd.ac.in/Grievance/icc.html,RMD ENGINEERING COLLEGE,2,https://www.rmd.ac.in/Grievance/scst.html,text/html,16254,2026-10-04T11:35:48Z,76,1,39,OK,200,html/Grievance/icc.html,45f21a6c89d8d2a06ce02dfc6624fcd050099fa357b4c0f6a52aff5ab867253f,,RMD Engineering College,,en,a
https://www.rmd.ac.in/Grievance/studentscommittee.html,https://www.rmd.ac.in/Grievance/studentscommittee.html,studentscommittee.html,200,https://www.rmd.ac.in/Grievance/studentscommittee.html,RMD ENGINEERING COLLEGE,2,https://www.rmd.ac.in/Grievance/scst.html,text/html,16224,2026-10-04T11:35:49Z,76,1,39,OK,200,html/Grievance/studentscommittee.html,bcfd369ace4f107b55e4ee52c33944b84cbea2b31cc09a2502faa7b84ed7b5a6,,RMD Engineering College,,en,a
https://www.rmd.ac.in/Grievance/aicteportal.html,https://www.rmd.ac.in/Grievance/aicteportal.html,aicteportal.html,200,https://www.rmd.ac.in/Grievance/aicteportal.html,RMD ENGINEERING COLLEGE,2,https://www.rmd.ac.in/Grievance/scst.html,text/html,16987,2026-10-04T11:35:51Z,76,2,38,OK,200,html/Grievance/aicteportal.html,fa0b1e8971547b4a53ba745c064351c008149473b44e009a160d8a4f1b6e3ae3,,RMD Engineering College,,en,a
https://www.rmd.ac.in/Grievance/Student.html,https://www.rmd.ac.in/Grievance/Student.html,Student.html,200,https://www.rmd.ac.in/Grievance/Student.html,RMD ENGINEERING COLLEGE,2,https://www.rmd.ac.in/Grievance/scst.html,text/html,16232,2026-10-04T11:35:52Z,76,2,38,OK,200,html/Grievance/Student.html,361bd80c8f5ce5d05df411bcc65d8c4d27abc99373e6bab43a821df0860cecf8,,RMD Engineering College,,en,a
https://www.rmd.ac.in/Grievance/Faculty.html,https://www.rmd.ac.in/Grievance/Faculty.html,Faculty.html,200,https://www.rmd.ac.in/Grievance/Faculty.html,RMD ENGINEERING COLLEGE,2,https://www.rmd.ac.in/Grievance/scst.html,text/html,16321,2026-10-04T11:35:53Z,76,2,38,OK,200,html/Grievance/Faculty.html,18c0adf33238550b62a481f1f3997fe03c188253b0d061b2b32576bd6fb4cfa6,,RMD Engineering College,,en,a
https://www.rmd.ac.in/Grievance/Others.html,https://www.rmd.ac.in/Grievance/Others.html,Others.html,200,https://www.rmd.ac.in/Grievance/Others.html,RMD ENGINEERING COLLEGE,2,https://www.rmd.ac.in/Grievance/scst.html,text/html,16376,2026-10-04T11:35:54Z,76,2,38,OK,200,html/Grievance/Others.html,22e82d7c160a2f51920f4890f5d793298c261f3aa79453a6270339fb4a302a72,,RMD Engineering College,,en,a
https://www.rmd.ac.in/Grievance/Parent.html,https://www.rmd.ac.in/Grievance/Parent.html,Parent.html,200,https://www.rmd.ac.in/Grievance/Parent.html,RMD ENGINEERING COLLEGE,2,https://www.rmd.ac.in/Grievance/scst.html,text/html,16374,2026-10-04T11:35:55Z,76,2,38,OK,200,html/Grievance/Parent.html,bdc53000948d9993064fcd574a30d978accc5f56fcaa80f38434cab609133012,,RMD Engineering College,,en,a
https://www.rmd.ac.in/Grievance/Alumni.html,https://www.rmd.ac.in/Grievance/Alumni.html,Alumni.html,200,https://www.rmd.ac.in/Grievance/Alumni.html,RMD ENGINEERING COLLEGE,2,https://www.rmd.ac.in/Grievance/scst.html,text/html,16376,2026-10-04T11:35:57Z,76,2,38,OK,200,html/Grievance/Alumni.html,f8892d6bb9bc774831ce2fa79ba16b4a1c1e73f5786091302587d527032d5003,,RMD Engineering College,,en,a
https://www.rmd.ac.in/Grievance/contact.html,https://www.rmd.ac.in/Grievance/contact.html,contact.html,200,https://www.rmd.ac.in/Grievance/contact.html,RMD ENGINEERING COLLEGE,2,https://www.rmd.ac.in/Grievance/scst.html,text/html,17724,2026-10-04T11:35:58Z,76,1,38,OK,200,html/Grievance/contact.html,04469d309965a0648bcad3f207d6c985e60dd470766f61ddf4a3906f2c00b883,,RMD Engineering College,,en,a
https://www.rmd.ac.in/HE/examcell/,https://www.rmd.ac.in/HE/examcell/,examcell/index.html,404,https://www.rmd.ac.in/HE/examcell/,,2,https://www.rmd.ac.in/HE/,text/html; charset=iso-8859-1,,2026-10-04T11:36:10Z,,,,HTTP_ERROR,404,,,,,,,a
https://www.rmd.ac.in/HE/roadmap.html,https://www.rmd.ac.in/HE/roadmap.html,roadmap.html,200,https://www.rmd.ac.in/HE/roadmap.html,RMD ENGINEERING COLLEGE,2,https://www.rmd.ac.in/HE/,text/html,17236,2026-10-04T11:36:11Z,81,0,37,OK,200,html/HE/roadmap.html,0ffe550d0d964c0b1e54b1fbdd21a6b9da2c5fa6f1a0c4a83ade26310aa73c6e,,RMD Engineering College,,en,a
https://www.rmd.ac.in/HE/events.html,https://www.rmd.ac.in/HE/events.html,events.html,200,https://www.rmd.ac.in/HE/events.html,RMD ENGINEERING COLLEGE,2,https://www.rmd.ac.in/HE/,text/html,18993,2026-10-04T11:36:13Z,81,1,41,OK,200,html/HE/events.html,b087a80f1a1a0811576a3142979fd540e860462552a984a0a5eead4ea5cb196d,,RMD Engineering College,,en,a
https://www.rmd.ac.in/HE/sr.html,https://www.rmd.ac.in/HE/sr.html,sr.html,200,https://www.rmd.ac.in/HE/sr.html,RMD ENGINEERING COLLEGE,2,https://www.rmd.ac.in/HE/,text/html,16622,2026-10-04T11:36:14Z,81,1,35,OK,200,html/HE/sr.html,e99d4daa4c671188bf3d1ce1ef271fa126d458b94dbf183383e7bb8e47f3d95d,,RMD Engineering College,,en,a
https://www.rmd.ac.in/HE/si.html,https://www.rmd.ac.in/HE/si.html,si.html,200,https://www.rmd.ac.in/HE/si.html,RMD ENGINEERING COLLEGE,2,https://www.rmd.ac.in/HE/,text/html,16621,2026-10-04T11:36:16Z,81,1,35,OK,200,html/HE/si.html,54fe6866dc9517e42dd668869ad3955ad64f49906ff3c9d1641f654a811c8a3c,,RMD Engineering College,,en,a
https://www.rmd.ac.in/HE/phs.html,https://www.rmd.ac.in/HE/phs.html,phs.html,200,https://www.rmd.ac.in/HE/phs.html,RMD ENGINEERING COLLEGE,2,https://www.rmd.ac.in/HE/,text/html,18489,2026-10-04T11:36:18Z,81,1,38,OK,200,html/HE/phs.html,e8383947634661f06d8d1b8f31728fb8e75af8097e342af42ace85db6aa53542,,RMD Engineering College,,en,a
https://www.rmd.ac.in/HE/mou.html,https://www.rmd.ac.in/HE/mou.html,mou.html,200,https://www.rmd.ac.in/HE/mou.html,RMD ENGINEERING COLLEGE,2,https://www.rmd.ac.in/HE/,text/html,16602,2026-10-04T11:36:19Z,81,1,35,OK,200,html/HE/mou.html,ec0771629d1fc161a75b026ad7ae7f111ddd8ad263cbb30ce23c6fc4f56be5c7,,RMD Engineering College,,en,a
https://www.rmd.ac.in/HE/bec.html,https://www.rmd.ac.in/HE/bec.html,bec.html,200,https://www.rmd.ac.in/HE/bec.html,RMD ENGINEERING COLLEGE,2,https://www.rmd.ac.in/HE/,text/html,16604,2026-10-04T11:36:21Z,81,1,35,OK,200,html/HE/bec.html,43a3eda37b8907599dc955beed4e39d34a20c8edcfad197c5d94cfc4b84bbd15,,RMD Engineering College,,en,a
https://www.rmd.ac.in/HE/links.html,https://www.rmd.ac.in/HE/links.html,links.html,200,https://www.rmd.ac.in/HE/links.html,RMD ENGINEERING COLLEGE,2,https://www.rmd.ac.in/HE/,text/html,16590,2026-10-04T11:36:22Z,81,1,35,OK,200,html/HE/links.html,7014337a9d61b9e94e58666e8de35b80c7603386539aee2e861c4fce9e318cb6,,RMD Engineering College,,en,a
https://www.rmd.ac.in/HE/members.html,https://www.rmd.ac.in/HE/members.html,members.html,200,https://www.rmd.ac.in/HE/members.html,RMD ENGINEERING COLLEGE,2,https://www.rmd.ac.in/HE/,text/html,19199,2026-10-04T11:36:23Z,81,1,40,OK,200,html/HE/members.html,63d50d651c221166beec59096c3531688010884037127a145d6ffb7a2cd568f2,,RMD Engineering College,,en,a
https://www.rmd.ac.in/HE/contact.html,https://www.rmd.ac.in/HE/contact.html,contact.html,200,https://www.rmd.ac.in/HE/contact.html,RMD ENGINEERING COLLEGE,2,https://www.rmd.ac.in/HE/,text/html,17469,2026-10-04T11:36:25Z,82,1,35,OK,200,html/HE/contact.html,17d99d57f4415bda1760790b1085bd18ee3f414bd06d1ecb29657f2a1445b87d,,RMD Engineering College,,en,a
https://www.rmd.ac.in/HE/photo.html,https://www.rmd.ac.in/HE/photo.html,photo.html,200,https://www.rmd.ac.in/HE/photo.html,RMD ENGINEERING COLLEGE,2,https://www.rmd.ac.in/HE/,text/html,16540,2026-10-04T11:36:27Z,81,1,35,OK,200,html/HE/photo.html,9a890027bfdbaddf3a94a149f774d2f140f9154cd6c61c151157784a29635c4c,,RMD Engineering College,,en,a
https://www.rmd.ac.in/iic/,https://www.rmd.ac.in/iic/,iic/index.html,200,https://www.rmd.ac.in/iic/,RMDEC Institutions Innovation Council - RMD ENGINEERING COLLEGE,2,https://www.rmd.ac.in/edc.html,text/html,19535,2026-10-04T11:36:29Z,74,0,49,OK,200,html/iic/index.html,33911f3ca35ebbb83e69e0a9521fe5472b0ef82ab3b964e78a312f6700764534,,RMD Engineering College,,en,a
https://www.rmd.ac.in/edc/,https://www.rmd.ac.in/edc/,edc/index.html,200,https://www.rmd.ac.in/edc/,Entrepreneurship Development Cell - RMD ENGINEERING COLLEGE,2,https://www.rmd.ac.in/edc.html,text/html,16843,2026-10-04T11:36:31Z,74,0,40,OK,200,html/edc/index.html,e1adbb4670294fc4549dba3d245c528d92052e026cd3009ebe86f608991bb103,,RMD Engineering College,,en,a
https://www.rmd.ac.in/iedc/,https://www.rmd.ac.in/iedc/,iedc/index.html,200,https://www.rmd.ac.in/iedc/,Innovation and Entrepreneurship Development centre - RMD ENGINEERING COLLEGE,2,https://www.rmd.ac.in/edc.html,text/html,17482,2026-10-04T11:36:32Z,74,0,41,OK,200,html/iedc/index.html,6bf2621e3be37a2ed4f55f79efef161d620b68cd31d1ae3506102d5a25d71d8a,,RMD Engineering College,,en,a
https://www.rmd.ac.in/msme/,https://www.rmd.ac.in/msme/,msme/index.html,200,https://www.rmd.ac.in/msme/,RMD MSME BUSINESS INCUBATION CENTER - RMD ENGINEERING COLLEGE,2,https://www.rmd.ac.in/edc.html,text/html,24013,2026-10-04T11:36:34Z,84,0,59,OK,200,html/msme/index.html,ba17086d3774d5457a032ab39922f5ddfdc1e2b17e86cf90aa5f01c4db59b7e1,,RMD Engineering College,,en,a
https://www.rmd.ac.in/Startup/,https://www.rmd.ac.in/Startup/,Startup/index.html,200,https://www.rmd.ac.in/Startup/,RMDEC Institutions Innovation Council - RMD ENGINEERING COLLEGE,2,https://www.rmd.ac.in/edc.html,text/html,19846,2026-10-04T11:36:35Z,81,0,37,OK,200,html/Startup/index.html,678421bd136992c29cd9766aa32d4b9545f467f31db63f1d372b925cb04a956c,,RMD Engineering College,,en,a
https://www.rmd.ac.in/IPR/,https://www.rmd.ac.in/IPR/,IPR/index.html,200,https://www.rmd.ac.in/IPR/,RMDEC Institutions Innovation Council - RMD ENGINEERING COLLEGE,2,https://www.rmd.ac.in/edc.html,text/html,24359,2026-10-04T11:36:37Z,77,0,37,OK,200,html/IPR/index.html,81134967985f432f40c33c1bbe6e2b3afba0be0c12be5927d68059516b5f2614,,RMD Engineering College,,en,a
https://www.rmd.ac.in/academics/Knowledge_partners.html,https://www.rmd.ac.in/academics/Knowledge_partners.html,academics/Knowledge_partners.html,200,https://www.rmd.ac.in/academics/Knowledge_partners.html,RMD ENGINEERING COLLEGE,2,https://www.rmd.ac.in/iiic.html,text/html,19689,2026-10-04T11:36:38Z,69,7,36,OK,200,html/academics/Knowledge_partners.html,d6666fa9fae7d8a006b2bbb156e5be835b6ca7acce6ec317f008d537764831b6,,RMD Engineering College,,en,a
https://www.rmd.ac.in/cfl/,https://www.rmd.ac.in/cfl/,index.html,403,https://www.rmd.ac.in/cfl/,,2,https://www.rmd.ac.in/cfl/aboutus.html,text/html; charset=iso-8859-1,,2026-10-04T11:36:40Z,,,,HTTP_ERROR,403,,,,,,,a
https://www.rmd.ac.in/cfl/Objectives.html,https://www.rmd.ac.in/cfl/Objectives.html,Objectives.html,200,https://www.rmd.ac.in/cfl/Objectives.html,RMD ENGINEERING COLLEGE,2,https://www.rmd.ac.in/cfl/aboutus.html,text/html,17683,2026-10-04T11:36:43Z,78,0,39,OK,200,html/cfl/Objectives.html,aa580083b60261eed912a0248549968f59f2729dd4c5f465fdc0fb2c81f85767,,RMD Engineering College,,en,a
https://www.rmd.ac.in/cfl/contact.html,https://www.rmd.ac.in/cfl/contact.html,contact.html,200,https://www.rmd.ac.in/cfl/contact.html,RMD ENGINEERING COLLEGE,2,https://www.rmd.ac.in/cfl/aboutus.html,text/html,16800,2026-10-04T11:36:45Z,77,0,35,OK,200,html/cfl/contact.html,6f27b0327752ec217903088a64689387db4cfc90d871c3cd8c7f087d959eda8f,,RMD Engineering College,,en,a
https://www.rmd.ac.in/cfl/japanese.html,https://www.rmd.ac.in/cfl/japanese.html,japanese.html,200,https://www.rmd.ac.in/cfl/japanese.html,RMD ENGINEERING COLLEGE,2,https://www.rmd.ac.in/cfl/aboutus.html,text/html,21622,2026-10-04T11:36:47Z,75,0,34,OK,200,html/cfl/japanese.html,8922fdcc9c3a7c3414fccb3310e51b1bbfa373607e7d48376ac77a30d67b707a,,RMD Engineering College,,en,a
https://www.rmd.ac.in/cfl/german.html,https://www.rmd.ac.in/cfl/german.html,german.html,200,https://www.rmd.ac.in/cfl/german.html,RMD ENGINEERING COLLEGE,2,https://www.rmd.ac.in/cfl/aboutus.html,text/html,20356,2026-10-04T11:36:49Z,75,0,34,OK,200,html/cfl/german.html,4c94d7e33b77c108c2b3b8f0c89998b2d39af7016013e9d47066737d2fae0ba7,,RMD Engineering College,,en,a
https://www.rmd.ac.in/Onlinecourse/nptel.html,https://www.rmd.ac.in/Onlinecourse/nptel.html,nptel.html,200,https://www.rmd.ac.in/Onlinecourse/nptel.html,RMD ENGINEERING COLLEGE,2,https://www.rmd.ac.in/Onlinecourse/,text/html,35989,2026-10-04T11:36:51Z,72,11,45,OK,200,html/Onlinecourse/nptel.html,d0d3c948ef024a467e05b13bcd9024ec14e15805ce50271a2204c57fc2dde22c,,RMD Engineering College,,en,a
https://www.rmd.ac.in/Onlinecourse/others.html,https://www.rmd.ac.in/Onlinecourse/others.html,others.html,200,https://www.rmd.ac.in/Onlinecourse/others.html,RMD ENGINEERING COLLEGE,2,https://www.rmd.ac.in/Onlinecourse/,text/html,34887,2026-10-04T11:36:52Z,72,6,45,OK,200,html/Onlinecourse/others.html,c867f627e2cc08f9d058243d399c5abf71496f7a16f72ee2cc0d817fa9e70c6f,,RMD Engineering College,,en,a
https://www.rmd.ac.in/Onlinecourse/awards.html,https://www.rmd.ac.in/Onlinecourse/awards.html,awards.html,200,https://www.rmd.ac.in/Onlinecourse/awards.html,RMD ENGINEERING COLLEGE,2,https://www.rmd.ac.in/Onlinecourse/,text/html,18079,2026-10-04T11:36:54Z,72,1,43,OK,200,html/Onlinecourse/awards.html,fc28307b9d53c00b19110c296d0b8d044807be7792350e98da28304ffc7a496d,,RMD Engineering College,,en,a
https://www.rmd.ac.in/Onlinecourse/oer.html,https://www.rmd.ac.in/Onlinecourse/oer.html,oer.html,200,https://www.rmd.ac.in/Onlinecourse/oer.html,RMD ENGINEERING COLLEGE,2,https://www.rmd.ac.in/Onlinecourse/,text/html,17102,2026-10-04T11:36:56Z,72,1,37,OK,200,html/Onlinecourse/oer.html,c7023fe432e17640313fb3e5e98ed1570438e07cb8c605995012568c1aece1c4,,RMD Engineering College,,en,a
https://www.rmd.ac.in/Onlinecourse/contact.html,https://www.rmd.ac.in/Onlinecourse/contact.html,contact.html,200,https://www.rmd.ac.in/Onlinecourse/contact.html,RMD ENGINEERING COLLEGE,2,https://www.rmd.ac.in/Onlinecourse/,text/html,16605,2026-10-04T11:36:57Z,72,1,37,OK,200,html/Onlinecourse/contact.html,d10ee014745fbcf7d72a2b7ba3d6c15055129b2d70375b16e7b7d6fb4462e53d,,RMD Engineering College,,en,a
https://www.rmd.ac.in/eco/,https://www.rmd.ac.in/eco/,eco/index.html,200,https://www.rmd.ac.in/eco/,RMD ENGINEERING COLLEGE,2,https://www.rmd.ac.in/clubactivities.html,text/html,17976,2026-10-04T11:37:00Z,73,1,45,OK,200,html/eco/index.html,c3c8ae273cd5610b94a6d54cb11b2df78789e4722ff27b71c48b18276cc55ef5,,RMD Engineering College,,en,a
https://www.rmd.ac.in/yrc/,https://www.rmd.ac.in/yrc/,yrc/index.html,200,https://www.rmd.ac.in/yrc/,RMD ENGINEERING COLLEGE,2,https://www.rmd.ac.in/clubactivities.html,text/html,17510,2026-10-04T11:37:02Z,73,0,45,OK,200,html/yrc/index.html,364f69de24f7cda541f62c9944a9aa90b96792026079bb34573fe201ae865f52,,RMD Engineering College,,en,a
https://www.rmd.ac.in/nss/,https://www.rmd.ac.in/nss/,nss/index.html,200,https://www.rmd.ac.in/nss/,RMD ENGINEERING COLLEGE,2,https://www.rmd.ac.in/clubactivities.html,text/html,18297,2026-10-04T11:37:03Z,73,0,46,OK,200,html/nss/index.html,1fd95ba90247c3f84b233f42ea8407c6e75631741d0224bdbe89607473f78244,,RMD Engineering College,,en,a
https://www.rmd.ac.in/UHV_club/,https://www.rmd.ac.in/UHV_club/,UHV_club/index.html,200,https://www.rmd.ac.in/UHV_club/,RMD ENGINEERING COLLEGE,2,https://www.rmd.ac.in/clubactivities.html,text/html,17155,2026-10-04T11:37:05Z,72,1,41,OK,200,html/UHV_club/index.html,9859a28c3cc9c017d4b3728eb1f2e303d91ff460ec1e4b3c98a240b954cbfa8c,,RMD Engineering College,,en,a
https://www.rmd.ac.in/math/,https://www.rmd.ac.in/math/,math/index.html,200,https://www.rmd.ac.in/math/,RMD ENGINEERING COLLEGE,2,https://www.rmd.ac.in/clubactivities.html,text/html,17752,2026-10-04T11:37:06Z,72,1,37,OK,200,html/math/index.html,f8f831dca632edfa442ef5a9737997669dc1dd720cff66be839a00e66a64a06b,,RMD Engineering College,,en,a
https://www.rmd.ac.in/Tech_club/,https://www.rmd.ac.in/Tech_club/,Tech_club/index.html,200,https://www.rmd.ac.in/Tech_club/,RMD ENGINEERING COLLEGE,2,https://www.rmd.ac.in/clubactivities.html,text/html,17164,2026-10-04T11:37:07Z,72,1,40,OK,200,html/Tech_club/index.html,f1361fe713ba7c0bf00a0cd43a1340bacfa64e6ef534625e99ae101c96a8677a,,RMD Engineering College,,en,a
https://www.rmd.ac.in/Science_club/,https://www.rmd.ac.in/Science_club/,Science_club/index.html,200,https://www.rmd.ac.in/Science_club/,RMD ENGINEERING COLLEGE,2,https://www.rmd.ac.in/clubactivities.html,text/html,17150,2026-10-04T11:37:09Z,72,1,40,OK,200,html/Science_club/index.html,3c244a57d4d1967a2c9a90fb745b333d481224fb3a90ca0f6435639d34fc834e,,RMD Engineering College,,en,a
https://www.rmd.ac.in/Coding_club/,https://www.rmd.ac.in/Coding_club/,Coding_club/index.html,200,https://www.rmd.ac.in/Coding_club/,RMD ENGINEERING COLLEGE,2,https://www.rmd.ac.in/clubactivities.html,text/html,18268,2026-10-04T11:37:10Z,72,1,40,OK,200,html/Coding_club/index.html,2d3b8d16d713c63b01c32ed470ffc1d12a6166087fdf23b28d3d9bcbdec7606b,,RMD Engineering College,,en,a
https://www.rmd.ac.in/Language_club/,https://www.rmd.ac.in/Language_club/,Language_club/index.html,200,https://www.rmd.ac.in/Language_club/,RMD ENGINEERING COLLEGE,2,https://www.rmd.ac.in/clubactivities.html,text/html,17132,2026-10-04T11:37:11Z,72,1,40,OK,200,html/Language_club/index.html,c0e5f19069763bebe4ee12a75f7b8e404220888a3c11f8b509da918c5bbed280,,RMD Engineering College,,en,a
https://www.rmd.ac.in/yoga/,https://www.rmd.ac.in/yoga/,yoga/index.html,200,https://www.rmd.ac.in/yoga/,RMD ENGINEERING COLLEGE,2,https://www.rmd.ac.in/clubactivities.html,text/html,18809,2026-10-04T11:37:13Z,72,0,35,OK,200,html/yoga/index.html,71232859a05a68704ab3c8e95c633ea8de6e8d0bde61b1496f2e4ae8dce687fb,,RMD Engineering College,,en,a
https://www.rmd.ac.in/Photo_club/,https://www.rmd.ac.in/Photo_club/,Photo_club/index.html,200,https://www.rmd.ac.in/Photo_club/,RMD ENGINEERING COLLEGE,2,https://www.rmd.ac.in/clubactivities.html,text/html,17729,2026-10-04T11:37:14Z,72,1,40,OK,200,html/Photo_club/index.html,a22b201339377db2ca659b8db3c7ca9a01b2071a03e09a771c84dd779f3f1cf5,,RMD Engineering College,,en,a
https://www.rmd.ac.in/Cultural_club/,https://www.rmd.ac.in/Cultural_club/,Cultural_club/index.html,200,https://www.rmd.ac.in/Cultural_club/,RMD ENGINEERING COLLEGE,2,https://www.rmd.ac.in/clubactivities.html,text/html,17123,2026-10-04T11:37:16Z,72,1,40,OK,200,html/Cultural_club/index.html,3c4dba15ebed148be376614227687ac698c5aff3b7d45f20629c640309d7280b,,RMD Engineering College,,en,a
https://www.rmd.ac.in/cultural/,https://www.rmd.ac.in/cultural/,cultural/index.html,200,https://www.rmd.ac.in/cultural/,RMD ENGINEERING COLLEGE,2,https://www.rmd.ac.in/extra.html,text/html,17820,2026-10-04T11:37:17Z,75,0,44,OK,200,html/cultural/index.html,20d23d8bfb9ba41e3e4d5d0d77eca1b70c39aee5b30232d0e3e30c7285d632ae,,RMD Engineering College,,en,a
https://www.rmd.ac.in/wec/,https://www.rmd.ac.in/wec/,wec/index.html,200,https://www.rmd.ac.in/wec/,RMD ENGINEERING COLLEGE,2,https://www.rmd.ac.in/extra.html,text/html,17772,2026-10-04T11:37:18Z,74,0,44,OK,200,html/wec/index.html,23cdd3087f7ff2e188b187ab38f59cb196a09bd6644045df9319f592790dbebf,,RMD Engineering College,,en,a
https://www.rmd.ac.in/rmdec_ieee_student_branch/,https://www.rmd.ac.in/rmdec_ieee_student_branch/,rmdec_ieee_student_branch/index.html,200,https://www.rmd.ac.in/rmdec_ieee_student_branch/,RMDEC-IEEE Student Branch,2,https://www.rmd.ac.in/pb.html,text/html,34056,2026-10-04T11:37:20Z,4,7,4,OK,200,html/rmdec_ieee_student_branch/index.html,40f17482280151cd7ecc38ee80a8061528e49488a77377bae7ae93a15d513cc8,,,Institute of Electrical & Electronics Engineers (IEEE),en,a
https://www.rmd.ac.in/Idea_Lab/vm.html,https://www.rmd.ac.in/Idea_Lab/vm.html,vm.html,200,https://www.rmd.ac.in/Idea_Lab/vm.html,RMD ENGINEERING COLLEGE,2,https://www.rmd.ac.in/Idea_Lab/,text/html,18053,2026-10-04T11:37:23Z,73,1,38,OK,200,html/Idea_Lab/vm.html,2ff5781641a48851eba5c121d1cf1ae8b6ab767ba6867cb63c704fe77ee6be90,,RMD Engineering College,,en,a
https://www.rmd.ac.in/Idea_Lab/abouteco.html,https://www.rmd.ac.in/Idea_Lab/abouteco.html,abouteco.html,200,https://www.rmd.ac.in/Idea_Lab/abouteco.html,RMD ENGINEERING COLLEGE,2,https://www.rmd.ac.in/Idea_Lab/,text/html,20113,2026-10-04T11:37:25Z,73,1,43,OK,200,html/Idea_Lab/abouteco.html,a7732aab799e941855eab4c75aca55eea66567b5a6d80ef5ac880370b37917c6,,RMD Engineering College,,en,a
https://www.rmd.ac.in/Idea_Lab/activities.html,https://www.rmd.ac.in/Idea_Lab/activities.html,activities.html,200,https://www.rmd.ac.in/Idea_Lab/activities.html,RMD ENGINEERING COLLEGE,2,https://www.rmd.ac.in/Idea_Lab/,text/html,23475,2026-10-04T11:37:26Z,73,1,37,OK,200,html/Idea_Lab/activities.html,1c197447ea95dcd4960f2f1d4855554b09f03f4c86468eb4d756177448fe1d1e,,RMD Engineering College,,en,a
https://www.rmd.ac.in/Idea_Lab/contact.html,https://www.rmd.ac.in/Idea_Lab/contact.html,contact.html,200,https://www.rmd.ac.in/Idea_Lab/contact.html,RMD ENGINEERING COLLEGE,2,https://www.rmd.ac.in/Idea_Lab/,text/html,21055,2026-10-04T11:37:28Z,73,1,44,OK,200,html/Idea_Lab/contact.html,228c5218d8605bbebb2b2ded8e6e78470fbe95ad1eca84b911f0dc742a9b558e,,RMD Engineering College,,en,a
https://www.rmd.ac.in/Feedback/Student.html,https://www.rmd.ac.in/Feedback/Student.html,Student.html,200,https://www.rmd.ac.in/Feedback/Student.html,RMD ENGINEERING COLLEGE,2,https://www.rmd.ac.in/Feedback/,text/html,16336,2026-10-04T11:37:30Z,74,0,34,OK,200,html/Feedback/Student.html,6937d2bb6b46c4361b78bf420692e00a9311055281cabb72ad9daaf1b3b62098,,RMD Engineering College,,en,a
https://www.rmd.ac.in/Feedback/Parent.html,https://www.rmd.ac.in/Feedback/Parent.html,Parent.html,200,https://www.rmd.ac.in/Feedback/Parent.html,RMD ENGINEERING COLLEGE,2,https://www.rmd.ac.in/Feedback/,text/html,16336,2026-10-04T11:37:32Z,74,0,34,OK,200,html/Feedback/Parent.html,c0c229311969691491cfb9c503e6bf69b5796ac5f863801327628ad88c54aaf5,,RMD Engineering College,,en,a
https://www.rmd.ac.in/Feedback/Faculty.html,https://www.rmd.ac.in/Feedback/Faculty.html,Faculty.html,200,https://www.rmd.ac.in/Feedback/Faculty.html,RMD ENGINEERING COLLEGE,2,https://www.rmd.ac.in/Feedback/,text/html,16337,2026-10-04T11:37:33Z,74,0,34,OK,200,html/Feedback/Faculty.html,ca20edca0a483fbf425daeb74d503edd051a2ab3f57d806948e560680d63def3,,RMD Engineering College,,en,a
https://www.rmd.ac.in/Feedback/Alumni.html,https://www.rmd.ac.in/Feedback/Alumni.html,Alumni.html,200,https://www.rmd.ac.in/Feedback/Alumni.html,RMD ENGINEERING COLLEGE,2,https://www.rmd.ac.in/Feedback/,text/html,16336,2026-10-04T11:37:35Z,74,0,34,OK,200,html/Feedback/Alumni.html,c2acbf312ba2a935d6b2f2bb04c245cb0002bcde2bff6d5044d5da1b2f7db1a5,,RMD Engineering College,,en,a
https://www.rmd.ac.in/iqac/,https://www.rmd.ac.in/iqac/,index.html,403,https://www.rmd.ac.in/iqac/,,2,https://www.rmd.ac.in/iqac/aboutus.html,text/html; charset=iso-8859-1,,2026-10-04T11:37:36Z,,,,HTTP_ERROR,403,,,,,,,a
https://www.rmd.ac.in/iqac/composition.html,https://www.rmd.ac.in/iqac/composition.html,composition.html,200,https://www.rmd.ac.in/iqac/composition.html,RMD ENGINEERING COLLEGE,2,https://www.rmd.ac.in/iqac/aboutus.html,text/html,20327,2026-10-04T11:37:39Z,86,0,45,OK,200,html/iqac/composition.html,2cff621b2c3e5af010aa27a3264d8298ae7cd3bdb12bc0ac0453b18918b6de40,,RMD Engineering College,,en,a
https://www.rmd.ac.in/iqac/members.html,https://www.rmd.ac.in/iqac/members.html,members.html,200,https://www.rmd.ac.in/iqac/members.html,RMD ENGINEERING COLLEGE,2,https://www.rmd.ac.in/iqac/aboutus.html,text/html,19529,2026-10-04T11:37:41Z,77,0,34,OK,200,html/iqac/members.html,8c7ca98d072246d77d2d3218b6fd8ad86877f86f30a59a6538267b990abebc63,,RMD Engineering College,,en,a
https://www.rmd.ac.in/iqac/mom.html,https://www.rmd.ac.in/iqac/mom.html,mom.html,200,https://www.rmd.ac.in/iqac/mom.html,RMD ENGINEERING COLLEGE,2,https://www.rmd.ac.in/iqac/aboutus.html,text/html,23269,2026-10-04T11:37:43Z,102,0,61,OK,200,html/iqac/mom.html,da73b0cb8831eda0aefaaa1140d0c7c959e0944063f24bc17122f16faf28c946,,RMD Engineering College,,en,a
https://www.rmd.ac.in/iqac/aqar.html,https://www.rmd.ac.in/iqac/aqar.html,aqar.html,200,https://www.rmd.ac.in/iqac/aqar.html,RMD ENGINEERING COLLEGE,2,https://www.rmd.ac.in/iqac/aboutus.html,text/html,18158,2026-10-04T11:37:45Z,83,0,42,OK,200,html/iqac/aqar.html,cc4469aeeab513d8b82417e382c3114309564639cf184842ec6e5765c7fd9503,,RMD Engineering College,,en,a
https://www.rmd.ac.in/iqac/bp.html,https://www.rmd.ac.in/iqac/bp.html,bp.html,200,https://www.rmd.ac.in/iqac/bp.html,RMD ENGINEERING COLLEGE,2,https://www.rmd.ac.in/iqac/aboutus.html,text/html,16698,2026-10-04T11:37:47Z,77,0,35,OK,200,html/iqac/bp.html,c570995818bd10fac7e0aad39cf424b9083829679e4f0188046efd7821cdef68,,RMD Engineering College,,en,a
https://www.rmd.ac.in/iqac/cies.html,https://www.rmd.ac.in/iqac/cies.html,cies.html,200,https://www.rmd.ac.in/iqac/cies.html,RMD ENGINEERING COLLEGE,2,https://www.rmd.ac.in/iqac/aboutus.html,text/html,16747,2026-10-04T11:37:53Z,77,0,35,OK,200,html/iqac/cies.html,9458993d97f4691a908fda2a2ef2a2642fb6ca506b8a1dcba11c6e01491c3df0,,RMD Engineering College,,en,a
https://www.rmd.ac.in/iqac/id.html,https://www.rmd.ac.in/iqac/id.html,id.html,200,https://www.rmd.ac.in/iqac/id.html,RMD ENGINEERING COLLEGE,2,https://www.rmd.ac.in/iqac/aboutus.html,text/html,16744,2026-10-04T11:37:55Z,77,0,35,OK,200,html/iqac/id.html,06d3d1ac18b415dfc8b8321c0ee08ddf5b0e9026cbda47448f5c5927e8e0fe9f,,RMD Engineering College,,en,a
https://www.rmd.ac.in/iqac/contact.html,https://www.rmd.ac.in/iqac/contact.html,contact.html,200,https://www.rmd.ac.in/iqac/contact.html,RMD ENGINEERING COLLEGE,2,https://www.rmd.ac.in/iqac/aboutus.html,text/html,17212,2026-10-04T11:37:57Z,77,1,34,OK,200,html/iqac/contact.html,f23c5bbcd5ee7fdeca98611701caac534eb4593236376ea8eb2fc71528db3b98,,RMD Engineering College,,en,a
https://www.rmd.ac.in/iipc/,https://www.rmd.ac.in/iipc/,http://rmd.ac.in/iipc/Default.aspx,403,https://www.rmd.ac.in/iipc/,,3,https://www.rmd.ac.in/lab.html,text/html; charset=iso-8859-1,,2026-10-04T11:38:02Z,,,,HTTP_ERROR,403,,,,,,,a
https://www.rmd.ac.in/computercenter/computercenter/,https://www.rmd.ac.in/computercenter/computercenter/,computercenter/index.html,404,https://www.rmd.ac.in/computercenter/computercenter/,,3,https://www.rmd.ac.in/computercenter/hardware.html,text/html; charset=iso-8859-1,,2026-10-04T11:38:05Z,,,,HTTP_ERROR,404,,,,,,,a
https://www.rmd.ac.in/sports/2019-2020.html,https://www.rmd.ac.in/sports/2019-2020.html,2019-2020.html,200,https://www.rmd.ac.in/sports/2019-2020.html,RMD ENGINEERING COLLEGE,3,https://www.rmd.ac.in/sports/achie.html,text/html,23111,2026-10-04T11:38:10Z,77,0,54,OK,200,html/sports/2019-2020.html,a61aa83041cd24ab0ca0c9571b195e8428075903ba0bfa850fb85a0575418d48,,RMD Engineering College,,en,a
https://www.rmd.ac.in/sports/2018-2019.html,https://www.rmd.ac.in/sports/2018-2019.html,2018-2019.html,200,https://www.rmd.ac.in/sports/2018-2019.html,RMD ENGINEERING COLLEGE,3,https://www.rmd.ac.in/sports/achie.html,text/html,22387,2026-10-04T11:38:12Z,77,0,50,OK,200,html/sports/2018-2019.html,95928e4a978d6724ff6d65483b856687ce5a76630858f84c68a9d6bd53a8cc19,,RMD Engineering College,,en,a
https://www.rmd.ac.in/sports/2017-2018.html,https://www.rmd.ac.in/sports/2017-2018.html,2017-2018.html,200,https://www.rmd.ac.in/sports/2017-2018.html,RMD ENGINEERING COLLEGE,3,https://www.rmd.ac.in/sports/achie.html,text/html,22684,2026-10-04T11:38:13Z,77,0,52,OK,200,html/sports/2017-2018.html,53dfebd21b2d4d2393e9830e4c7763764ab090c7c49d0121f669c93ecdab12b7,,RMD Engineering College,,en,a
https://www.rmd.ac.in/sports/2016-2017.html,https://www.rmd.ac.in/sports/2016-2017.html,2016-2017.html,200,https://www.rmd.ac.in/sports/2016-2017.html,RMD ENGINEERING COLLEGE,3,https://www.rmd.ac.in/sports/achie.html,text/html,22684,2026-10-04T11:38:15Z,77,0,52,OK,200,html/sports/2016-2017.html,46d4b0aa8e322c0ff2f51c971cae59713bbaf068f23bd87606d933fe4822cfd7,,RMD Engineering College,,en,a
https://www.rmd.ac.in/sports/2015-2016.html,https://www.rmd.ac.in/sports/2015-2016.html,2015-2016.html,200,https://www.rmd.ac.in/sports/2015-2016.html,RMD ENGINEERING COLLEGE,3,https://www.rmd.ac.in/sports/achie.html,text/html,22973,2026-10-04T11:38:20Z,77,0,54,OK,200,html/sports/2015-2016.html,1ee80d4cffcad742ab7f9d1406de3abb894f003b8a06cd1df953018e265a4b7a,,RMD Engineering College,,en,a
https://www.rmd.ac.in/sports/2014-2015.html,https://www.rmd.ac.in/sports/2014-2015.html,2014-2015.html,200,https://www.rmd.ac.in/sports/2014-2015.html,RMD ENGINEERING COLLEGE,3,https://www.rmd.ac.in/sports/achie.html,text/html,22738,2026-10-04T11:38:22Z,77,0,50,OK,200,html/sports/2014-2015.html,6997985c5e9ae46c40b841e7627df5fb1ca9f5218583dd2cc4ff7156d48edba8,,RMD Engineering College,,en,a
https://www.rmd.ac.in/placement/Cisco%20Certified%20Network%20Associate%20(CCNA%E2%84%A2),https://www.rmd.ac.in/placement/Cisco%20Certified%20Network%20Associate%20(CCNA%E2%84%A2),Cisco Certified Network Associate (CCNA™),404,https://www.rmd.ac.in/placement/Cisco%20Certified%20Network%20Associate%20(CCNA%E2%84%A2),,3,https://www.rmd.ac.in/placement/ic.html,text/html; charset=iso-8859-1,,2026-10-04T11:38:27Z,,,,HTTP_ERROR,404,,,,,,,a
https://www.rmd.ac.in/placement/Cisco%20Certified%20Network%20Professional%20(CCNP%E2%84%A2),https://www.rmd.ac.in/placement/Cisco%20Certified%20Network%20Professional%20(CCNP%E2%84%A2),Cisco Certified Network Professional (CCNP™),404,https://www.rmd.ac.in/placement/Cisco%20Certified%20Network%20Professional%20(CCNP%E2%84%A2),,3,https://www.rmd.ac.in/placement/ic.html,text/html; charset=iso-8859-1,,2026-10-04T11:38:28Z,,,,HTTP_ERROR,404,,,,,,,a
https://www.rmd.ac.in/naac/,https://www.rmd.ac.in/naac/,index.html,200,https://www.rmd.ac.in/naac/,RMD ENGINEERING COLLEGE,3,https://www.rmd.ac.in/naac/Criteria_1.html,text/html,17847,2026-10-04T11:38:30Z,75,0,35,OK,200,html/naac/index.html,1ecfd4becfc1cc8de8431118968e154de4c0bb16e2394f5cfeadc6f3dccdad44,,RMD Engineering College,,en,a
https://www.rmd.ac.in/naac/Criteria_2.html,https://www.rmd.ac.in/naac/Criteria_2.html,Criteria_2.html,200,https://www.rmd.ac.in/naac/Criteria_2.html,RMD ENGINEERING COLLEGE,3,https://www.rmd.ac.in/naac/Criteria_1.html,text/html,25910,2026-10-04T11:38:32Z,101,0,61,OK,200,html/naac/Criteria_2.html,132fefdd721b7198bdfda86ed970c026bc00cdd67e2a5e52fed0b276d29c33a7,,RMD Engineering College,,en,a
https://www.rmd.ac.in/naac/Criteria_3.html,https://www.rmd.ac.in/naac/Criteria_3.html,Criteria_3.html,200,https://www.rmd.ac.in/naac/Criteria_3.html,RMD ENGINEERING COLLEGE,3,https://www.rmd.ac.in/naac/Criteria_1.html,text/html,19223,2026-10-04T11:38:34Z,82,0,43,OK,200,html/naac/Criteria_3.html,aa8670390f8974199ee2214d8a5b047c91c9af97e92ea8d90d2559c64914aa68,,RMD Engineering College,,en,a
https://www.rmd.ac.in/naac/Criteria_4.html,https://www.rmd.ac.in/naac/Criteria_4.html,Criteria_4.html,200,https://www.rmd.ac.in/naac/Criteria_4.html,RMD ENGINEERING COLLEGE,3,https://www.rmd.ac.in/naac/Criteria_1.html,text/html,20563,2026-10-04T11:38:35Z,88,0,49,OK,200,html/naac/Criteria_4.html,8001e8d6fc2c46a82b62e20c3de8df8e2a1742fabeb7e8d2d0bdcd37b9070d23,,RMD Engineering College,,en,a
https://www.rmd.ac.in/naac/Criteria_5.html,https://www.rmd.ac.in/naac/Criteria_5.html,Criteria_5.html,200,https://www.rmd.ac.in/naac/Criteria_5.html,RMD ENGINEERING COLLEGE,3,https://www.rmd.ac.in/naac/Criteria_1.html,text/html,20528,2026-10-04T11:38:37Z,85,0,46,OK,200,html/naac/Criteria_5.html,37d911f5c955e4bde04ce53ea131cc0afe1951d5e5fe478edb9ade41eb30c815,,RMD Engineering College,,en,a
https://www.rmd.ac.in/naac/Criteria_6.html,https://www.rmd.ac.in/naac/Criteria_6.html,Criteria_6.html,200,https://www.rmd.ac.in/naac/Criteria_6.html,RMD ENGINEERING COLLEGE,3,https://www.rmd.ac.in/naac/Criteria_1.html,text/html,19497,2026-10-04T11:38:40Z,80,0,41,OK,200,html/naac/Criteria_6.html,8e75001332ee7336ee058724b0cd5d9ac90f33eec71dfc04b5dedd10d7b6082a,,RMD Engineering College,,en,a
https://www.rmd.ac.in/naac/Criteria_7.html,https://www.rmd.ac.in/naac/Criteria_7.html,Criteria_7.html,200,https://www.rmd.ac.in/naac/Criteria_7.html,RMD ENGINEERING COLLEGE,3,https://www.rmd.ac.in/naac/Criteria_1.html,text/html,18930,2026-10-04T11:38:44Z,78,0,39,OK,200,html/naac/Criteria_7.html,3430d5674ceaa64ad777d228a17d0092bca426c9c149b6ce0f6999412d75e275,,RMD Engineering College,,en,a
https://www.rmd.ac.in/ICIETDW_24/comittee.html,https://www.rmd.ac.in/ICIETDW_24/comittee.html,comittee.html,200,https://www.rmd.ac.in/ICIETDW_24/comittee.html,ICIETDW’24,3,https://www.rmd.ac.in/ICIETDW_24/,text/html,46757,2026-10-04T11:38:46Z,16,5,28,OK,200,html/ICIETDW_24/comittee.html,a00325547e71a2da5c14d66b8f53e52f3ecb83bb4814dbb00a304a1f13ec2144,,,,en,a
https://www.rmd.ac.in/ICIETDW_24/callforpapers.html,https://www.rmd.ac.in/ICIETDW_24/callforpapers.html,callforpapers.html,200,https://www.rmd.ac.in/ICIETDW_24/callforpapers.html,ICIETDW’24,3,https://www.rmd.ac.in/ICIETDW_24/,text/html,9903,2026-10-04T11:38:47Z,16,5,7,OK,200,html/ICIETDW_24/callforpapers.html,fa8c416ea6c8e8ba5917fa861d043334a056c5a3804aa1aa33fa0002cf73e941,,,Call for papers,en,a
https://www.rmd.ac.in/ICIETDW_24/keynote.html,https://www.rmd.ac.in/ICIETDW_24/keynote.html,keynote.html,200,https://www.rmd.ac.in/ICIETDW_24/keynote.html,ICIETDW’24,3,https://www.rmd.ac.in/ICIETDW_24/,text/html,11172,2026-10-04T11:38:49Z,16,5,11,OK,200,html/ICIETDW_24/keynote.html,ab298070d06e5ae89a0c6223e7ce303d2445925aab7ff356a560708810b559ec,,,Keynote speakers,en,a
https://www.rmd.ac.in/ICIETDW_24/submission.html,https://www.rmd.ac.in/ICIETDW_24/submission.html,submission.html,200,https://www.rmd.ac.in/ICIETDW_24/submission.html,ICIETDW’24,3,https://www.rmd.ac.in/ICIETDW_24/,text/html,13952,2026-10-04T11:38:51Z,17,5,9,OK,200,html/ICIETDW_24/submission.html,f7a5f202c147d5d65e15bc808468bd2e41bb05c1b9a7504f9c53e6fd0bb6dbdd,,,,en,a
https://www.rmd.ac.in/ICIETDW_24/publication.html,https://www.rmd.ac.in/ICIETDW_24/publication.html,publication.html,200,https://www.rmd.ac.in/ICIETDW_24/publication.html,ICIETDW’24,3,https://www.rmd.ac.in/ICIETDW_24/,text/html,7700,2026-10-04T11:38:52Z,16,6,7,OK,200,html/ICIETDW_24/publication.html,f1da4ab1ac40822a40b3b3a9aab5fc7ec60dce9e831589cdbc10fee08c1fcf51,,,Publications,en,a
https://www.rmd.ac.in/ICIETDW_24/status.html,https://www.rmd.ac.in/ICIETDW_24/status.html,status.html,200,https://www.rmd.ac.in/ICIETDW_24/status.html,ICIETDW’24,3,https://www.rmd.ac.in/ICIETDW_24/,text/html,10563,2026-10-04T11:38:53Z,16,5,10,OK,200,html/ICIETDW_24/status.html,a21aaf3e29d927671c8ea18f82e633f7d7b946a1283b3247ee82f08d0a9e8b90,,,Program-Schedule_ICIETDW'24,en,a
https://www.rmd.ac.in/ICIETDW_24/contact.html,https://www.rmd.ac.in/ICIETDW_24/contact.html,contact.html,200,https://www.rmd.ac.in/ICIETDW_24/contact.html,ICIETDW’24,3,https://www.rmd.ac.in/ICIETDW_24/,text/html,11029,2026-10-04T11:38:54Z,16,5,9,OK,200,html/ICIETDW_24/contact.html,ae28813916be73183310bd943f9bcdc028e2a2eabf7819265f62afdc0d59ab78,,,Contact,en,a
https://www.rmd.ac.in/dept/cse/hod.html,https://www.rmd.ac.in/dept/cse/hod.html,https://rmd.ac.in/dept/cse/hod.html,200,https://www.rmd.ac.in/dept/cse/hod.html,RMD ENGINEERING COLLEGE,3,https://www.rmd.ac.in/ICIETDW_24/,text/html,21912,2026-10-04 12:16:12,,,,OK,,html/dept/cse/hod.html,,,,,,a
https://www.rmd.ac.in/rendezvous24/events.html,https://www.rmd.ac.in/rendezvous24/events.html,events.html,200,https://www.rmd.ac.in/rendezvous24/events.html,Rendezvous2k24,3,https://www.rmd.ac.in/rendezvous24/,text/html,31650,2026-10-04T11:38:57Z,8,2,32,OK,200,html/rendezvous24/events.html,f69241db8e2364adfb12ddc6e196018660979195eed9be5cb8e3988feb9eedef,,,,en,a
https://www.rmd.ac.in/rendezvous24/rules.html,https://www.rmd.ac.in/rendezvous24/rules.html,rules.html,200,https://www.rmd.ac.in/rendezvous24/rules.html,Rendezvous2k24,3,https://www.rmd.ac.in/rendezvous24/,text/html,6578,2026-10-04T11:38:58Z,8,1,24,OK,200,html/rendezvous24/rules.html,4bb7ee91e9e28b7795f7b465f7a8130b425c773f1fdd1015fa034a9ef1fd2761,,,,en,a
https://www.rmd.ac.in/rendezvous24/transport.html,https://www.rmd.ac.in/rendezvous24/transport.html,transport.html,200,https://www.rmd.ac.in/rendezvous24/transport.html,Rendezvous2k24,3,https://www.rmd.ac.in/rendezvous24/,text/html,34443,2026-10-04T11:39:00Z,8,1,20,OK,200,html/rendezvous24/transport.html,a097115102813278270eecf7f139c4a6fb8cd53f42dbea85be26ed37e3ad8025,,,,en,a
https://www.rmd.ac.in/rendezvous24/about.html,https://www.rmd.ac.in/rendezvous24/about.html,about.html,200,https://www.rmd.ac.in/rendezvous24/about.html,rendezvous2K24,3,https://www.rmd.ac.in/rendezvous24/,text/html,14149,2026-10-04T11:39:01Z,8,1,27,OK,200,html/rendezvous24/about.html,dec8048367469a13081993179da744da3da10ba91ded033d964823bcd6988042,,,,en,a
https://www.rmd.ac.in/rendezvous24/contact.html,https://www.rmd.ac.in/rendezvous24/contact.html,contact.html,200,https://www.rmd.ac.in/rendezvous24/contact.html,Rendezvous2k24,3,https://www.rmd.ac.in/rendezvous24/,text/html,8940,2026-10-04T11:39:02Z,7,2,20,OK,200,html/rendezvous24/contact.html,25aab051929b823064af916707f5d82164f6849f937a266e0da5f949f8bcadbe,,,,en,a
https://www.rmd.ac.in/sankeethika2k24/poster.html,https://www.rmd.ac.in/sankeethika2k24/poster.html,poster.html,200,https://www.rmd.ac.in/sankeethika2k24/poster.html,Poster,3,https://www.rmd.ac.in/sankeethika2k24/,text/html,1452,2026-10-04T11:39:03Z,2,0,2,OK,200,html/sankeethika2k24/poster.html,6e9b88219db5d2be68ec1779ae689f9f4afafa1546bfa242e3d195bb2f2aa048,,,,en,a
https://www.rmd.ac.in/iic/members.html,https://www.rmd.ac.in/iic/members.html,members.html,200,https://www.rmd.ac.in/iic/members.html,RMD ENGINEERING COLLEGE,3,https://www.rmd.ac.in/iic/,text/html,25767,2026-10-04T11:39:06Z,75,0,64,OK,200,html/iic/members.html,707fd6e25147430bbc9b5f15f36251553349c0744e8b81b7bca926362ea93c15,,RMD Engineering College,,en,a
https://www.rmd.ac.in/iic/activities.html,https://www.rmd.ac.in/iic/activities.html,activities.html,200,https://www.rmd.ac.in/iic/activities.html,RMD ENGINEERING COLLEGE,3,https://www.rmd.ac.in/iic/,text/html,18970,2026-10-04T11:39:07Z,78,0,46,OK,200,html/iic/activities.html,99a9b5b84b1f8bf483bc442e4e3d36a9757b540b06eda0bff122aaed3ab1c5f6,,RMD Engineering College,,en,a
https://www.rmd.ac.in/iic/contact.html,https://www.rmd.ac.in/iic/contact.html,contact.html,200,https://www.rmd.ac.in/iic/contact.html,RMDEC Institutions Innovation Council - RMD ENGINEERING COLLEGE,3,https://www.rmd.ac.in/iic/,text/html,17438,2026-10-04T11:39:09Z,74,0,37,OK,200,html/iic/contact.html,34b010883a72e7da1847bbbeac0b386bfe89586734e08c4c0e8ec9e77a0bd990,,RMD Engineering College,,en,a
https://www.rmd.ac.in/iic/photo.html,https://www.rmd.ac.in/iic/photo.html,photo.html,200,https://www.rmd.ac.in/iic/photo.html,RMDEC Institutions Innovation Council - RMD ENGINEERING COLLEGE,3,https://www.rmd.ac.in/iic/,text/html,22867,2026-10-04T11:39:10Z,74,0,60,OK,200,html/iic/photo.html,f680ede1f296e36988f0eaf38b6a3ac1bf134308048a324f793ef0a4ca51ace4,,RMD Engineering College,,en,a
https://www.rmd.ac.in/edc/about.html,https://www.rmd.ac.in/edc/about.html,about.html,200,https://www.rmd.ac.in/edc/about.html,Entrepreneurship Development Cell - RMD ENGINEERING COLLEGE,3,https://www.rmd.ac.in/edc/,text/html,16224,2026-10-04T11:39:12Z,74,0,34,OK,200,html/edc/about.html,c46ceb16977a1cd38d152116db3235c452717ed56751d190d907844261831912,,RMD Engineering College,,en,a
https://www.rmd.ac.in/edc/activities.html,https://www.rmd.ac.in/edc/activities.html,activities.html,200,https://www.rmd.ac.in/edc/activities.html,Entrepreneurship Development Cell - RMD ENGINEERING COLLEGE,3,https://www.rmd.ac.in/edc/,text/html,21915,2026-10-04T11:39:14Z,74,0,34,OK,200,html/edc/activities.html,0b5258640d36123a25917e756de585a4139af912e4dac5d8b8b980f122822e93,,RMD Engineering College,,en,a
https://www.rmd.ac.in/edc/contact.html,https://www.rmd.ac.in/edc/contact.html,contact.html,200,https://www.rmd.ac.in/edc/contact.html,Entrepreneurship Development Cell - RMD ENGINEERING COLLEGE,3,https://www.rmd.ac.in/edc/,text/html,17364,2026-10-04T11:39:16Z,74,0,36,OK,200,html/edc/contact.html,15d7f53e7963fb0ced72e7f0b1ee7192c351d53ed443620ac2cb63a802d3644e,,RMD Engineering College,,en,a
https://www.rmd.ac.in/edc/photo.html,https://www.rmd.ac.in/edc/photo.html,photo.html,200,https://www.rmd.ac.in/edc/photo.html,Entrepreneurship Development Cell - RMD ENGINEERING COLLEGE,3,https://www.rmd.ac.in/edc/,text/html,22827,2026-10-04T11:39:18Z,74,0,59,OK,200,html/edc/photo.html,56db31beacdd3ef1cb996a73b358aacf653ed85c88958cbfd98a1f0d46ec72e3,,RMD Engineering College,,en,a
https://www.rmd.ac.in/iedc/about.html,https://www.rmd.ac.in/iedc/about.html,about.html,200,https://www.rmd.ac.in/iedc/about.html,Innovation and Entrepreneurship Development centre - RMD ENGINEERING COLLEGE,3,https://www.rmd.ac.in/iedc/,text/html,17491,2026-10-04T11:39:20Z,74,0,35,OK,200,html/iedc/about.html,a84f098a4baea45a9d6d7eb79761dbaae1bbf306c1f9687467755ba201ef8deb,,RMD Engineering College,,en,a
https://www.rmd.ac.in/iedc/activities.html,https://www.rmd.ac.in/iedc/activities.html,activities.html,200,https://www.rmd.ac.in/iedc/activities.html,Innovation And Entrepreneurship Development Centre - RMD ENGINEERING COLLEGE,3,https://www.rmd.ac.in/iedc/,text/html,33013,2026-10-04T11:39:22Z,74,0,35,OK,200,html/iedc/activities.html,c33e78b155f248c7fd128b388f7e369c894d4a58fd41dc1e96a3eaa68ed5c2f2,,RMD Engineering College,,en,a
https://www.rmd.ac.in/iedc/contact.html,https://www.rmd.ac.in/iedc/contact.html,contact.html,200,https://www.rmd.ac.in/iedc/contact.html,Innovation And Entrepreneurship Development Centre - RMD ENGINEERING COLLEGE,3,https://www.rmd.ac.in/iedc/,text/html,17587,2026-10-04T11:39:23Z,74,0,36,OK,200,html/iedc/contact.html,f194a81caaddf0b2fe1fab398248631d2854dcbd000d56bf72ae4a1258b00e09,,RMD Engineering College,,en,a
https://www.rmd.ac.in/iedc/photo.html,https://www.rmd.ac.in/iedc/photo.html,photo.html,200,https://www.rmd.ac.in/iedc/photo.html,Innovation And Entrepreneurship Development Centre - RMD ENGINEERING COLLEGE,3,https://www.rmd.ac.in/iedc/,text/html,22371,2026-10-04T11:39:25Z,74,0,52,OK,200,html/iedc/photo.html,4a80ca48bffc26f545859a2d9e29f91463e31d509e353961bf9de558c3f57b04,,RMD Engineering College,,en,a
https://www.rmd.ac.in/msme/about.html,https://www.rmd.ac.in/msme/about.html,about.html,200,https://www.rmd.ac.in/msme/about.html,RMD MSME BUSINESS INCUBATION CENTER - RMD ENGINEERING COLLEGE,3,https://www.rmd.ac.in/msme/,text/html,17219,2026-10-04T11:39:27Z,74,0,35,OK,200,html/msme/about.html,a4747f27888a7b8d2d0bdfb3449ef8c76ae7049fb3a61338c6a03612b059f4c7,,RMD Engineering College,,en,a
https://www.rmd.ac.in/msme/activities.html,https://www.rmd.ac.in/msme/activities.html,activities.html,200,https://www.rmd.ac.in/msme/activities.html,RMD MSME BUSINESS INCUBATION CENTER - RMD ENGINEERING COLLEGE,3,https://www.rmd.ac.in/msme/,text/html,19725,2026-10-04T11:39:29Z,74,0,35,OK,200,html/msme/activities.html,9ba3bf8ed915ced48b9e295ae0207e0400e6b0aca3be67a224d7b269e8b4c902,,RMD Engineering College,,en,a
https://www.rmd.ac.in/msme/contact.html,https://www.rmd.ac.in/msme/contact.html,contact.html,200,https://www.rmd.ac.in/msme/contact.html,RMD ENGINEERING COLLEGE,3,https://www.rmd.ac.in/msme/,text/html,17517,2026-10-04T11:39:30Z,74,0,36,OK,200,html/msme/contact.html,631c48f150ce8b0c652b97e551c37a76d26e7754c1fa1b41dd10e3f141b8e6ff,,RMD Engineering College,,en,a
https://www.rmd.ac.in/msme/photo.html,https://www.rmd.ac.in/msme/photo.html,photo.html,200,https://www.rmd.ac.in/msme/photo.html,RMD MSME BUSINESS INCUBATION CENTER - RMD ENGINEERING COLLEGE,3,https://www.rmd.ac.in/msme/,text/html,22386,2026-10-04T11:39:32Z,74,0,50,OK,200,html/msme/photo.html,a2441ae41333111ef8b943701170e5ae8328098f6bf93df82f8b4c11438eb627,,RMD Engineering College,,en,a
https://www.rmd.ac.in/coe/bigdata/,https://www.rmd.ac.in/coe/bigdata/,https://rmd.ac.in/coe/bigdata/index.html,404,https://www.rmd.ac.in/coe/bigdata/,,3,https://www.rmd.ac.in/msme/,text/html; charset=iso-8859-1,,2026-10-04T11:39:33Z,,,,HTTP_ERROR,404,,,,,,,a
https://www.rmd.ac.in/Startup/vision.html,https://www.rmd.ac.in/Startup/vision.html,vision.html,200,https://www.rmd.ac.in/Startup/vision.html,RMDEC Institutions Innovation Council - RMD ENGINEERING COLLEGE,3,https://www.rmd.ac.in/Startup/,text/html,16958,2026-10-04T11:39:35Z,78,0,36,OK,200,html/Startup/vision.html,2aa3b46ee2e6986e554bd21173ee7803be9c2052ca2e70e802d266b843184bf9,,RMD Engineering College,,en,a
https://www.rmd.ac.in/Startup/mission.html,https://www.rmd.ac.in/Startup/mission.html,mission.html,200,https://www.rmd.ac.in/Startup/mission.html,RMDEC Institutions Innovation Council - RMD ENGINEERING COLLEGE,3,https://www.rmd.ac.in/Startup/,text/html,18242,2026-10-04T11:39:37Z,78,0,37,OK,200,html/Startup/mission.html,378182504589af6c23b1e43e279a793d5af9e987fcca7c187e821569b7654152,,RMD Engineering College,,en,a
https://www.rmd.ac.in/Startup/policy.html,https://www.rmd.ac.in/Startup/policy.html,policy.html,200,https://www.rmd.ac.in/Startup/policy.html,RMDEC Institutions Innovation Council - RMD ENGINEERING COLLEGE,3,https://www.rmd.ac.in/Startup/,text/html,28346,2026-10-04T11:39:39Z,81,0,37,OK,200,html/Startup/policy.html,d5e4c6b9e4e974b7881a94c63b00901b659968bdf1e0128ac3b97e5cb5195570,,RMD Engineering College,,en,a
https://www.rmd.ac.in/Startup/activity.html,https://www.rmd.ac.in/Startup/activity.html,activity.html,200,https://www.rmd.ac.in/Startup/activity.html,RMDEC Institutions Innovation Council - RMD ENGINEERING COLLEGE,3,https://www.rmd.ac.in/Startup/,text/html,19628,2026-10-04T11:39:41Z,78,0,36,OK,200,html/Startup/activity.html,ea4d30fbe9362783fce40d2cdc53fc221dfb299dad47f401e3bb4ad69ac951e9,,RMD Engineering College,,en,a
https://www.rmd.ac.in/Startup/team.html,https://www.rmd.ac.in/Startup/team.html,team.html,200,https://www.rmd.ac.in/Startup/team.html,RMDEC Institutions Innovation Council - RMD ENGINEERING COLLEGE,3,https://www.rmd.ac.in/Startup/,text/html,16833,2026-10-04T11:39:42Z,78,0,37,OK,200,html/Startup/team.html,7e0007a4963755bf0e7ac6e6ec019721e30e368fcdfd565863245dcef10dd779,,RMD Engineering College,,en,a
https://www.rmd.ac.in/Startup/actionplan.html,https://www.rmd.ac.in/Startup/actionplan.html,actionplan.html,200,https://www.rmd.ac.in/Startup/actionplan.html,RMDEC Institutions Innovation Council - RMD ENGINEERING COLLEGE,3,https://www.rmd.ac.in/Startup/,text/html,16874,2026-10-04T11:39:44Z,78,0,37,OK,200,html/Startup/actionplan.html,4a803ece08cf465909fa6d4594c57096feb0d80c228139e2628289b78108116d,,RMD Engineering College,,en,a
https://www.rmd.ac.in/Startup/contact.html,https://www.rmd.ac.in/Startup/contact.html,contact.html,200,https://www.rmd.ac.in/Startup/contact.html,RMDEC Institutions Innovation Council - RMD ENGINEERING COLLEGE,3,https://www.rmd.ac.in/Startup/,text/html,17129,2026-10-04T11:39:45Z,78,0,35,OK,200,html/Startup/contact.html,0ea5b0d838501996d2af34829c48913a318c0fbdf67e8c81fe2022c95375ca7d,,RMD Engineering College,,en,a
https://www.rmd.ac.in/Startup/photo.html,https://www.rmd.ac.in/Startup/photo.html,photo.html,200,https://www.rmd.ac.in/Startup/photo.html,RMDEC Institutions Innovation Council - RMD ENGINEERING COLLEGE,3,https://www.rmd.ac.in/Startup/,text/html,22737,2026-10-04T11:39:47Z,78,0,50,OK,200,html/Startup/photo.html,0788b22f6c69ff63ef60b1bbdc061b937586272e833f866b1df82d72a6439e89,,RMD Engineering College,,en,a
https://www.rmd.ac.in/Startup/www.mhrd.gov.in%20/%20www.mic.gov.in,https://www.rmd.ac.in/Startup/www.mhrd.gov.in%20/%20www.mic.gov.in,www.mhrd.gov.in / www.mic.gov.in,404,https://www.rmd.ac.in/Startup/www.mhrd.gov.in%20/%20www.mic.gov.in,,3,https://www.rmd.ac.in/Startup/,text/html; charset=iso-8859-1,,2026-10-04T11:39:48Z,,,,HTTP_ERROR,404,,,,,,,a
https://www.rmd.ac.in/Startup/www.editn.in,https://www.rmd.ac.in/Startup/www.editn.in,www.editn.in,404,https://www.rmd.ac.in/Startup/www.editn.in,,3,https://www.rmd.ac.in/Startup/,text/html; charset=iso-8859-1,,2026-10-04T11:39:50Z,,,,HTTP_ERROR,404,,,,,,,a
https://www.rmd.ac.in/Startup/www.aicte-india.org,https://www.rmd.ac.in/Startup/www.aicte-india.org,www.aicte-india.org,404,https://www.rmd.ac.in/Startup/www.aicte-india.org,,3,https://www.rmd.ac.in/Startup/,text/html; charset=iso-8859-1,,2026-10-04T11:39:51Z,,,,HTTP_ERROR,404,,,,,,,a
https://www.rmd.ac.in/IPR/vision.html,https://www.rmd.ac.in/IPR/vision.html,vision.html,200,https://www.rmd.ac.in/IPR/vision.html,RMDEC Institutions Innovation Council - RMD ENGINEERING COLLEGE,3,https://www.rmd.ac.in/IPR/,text/html,16794,2026-10-04T11:39:54Z,74,0,36,OK,200,html/IPR/vision.html,fa734fb7b948d73c1a3b479cf4fddbb8a64fd7827568d699bf8ea22cde061dbd,,RMD Engineering College,,en,a
https://www.rmd.ac.in/IPR/mission.html,https://www.rmd.ac.in/IPR/mission.html,mission.html,200,https://www.rmd.ac.in/IPR/mission.html,RMDEC Institutions Innovation Council - RMD ENGINEERING COLLEGE,3,https://www.rmd.ac.in/IPR/,text/html,17354,2026-10-04T11:39:55Z,74,0,37,OK,200,html/IPR/mission.html,e15ff6273639ec57c64a6ef9a0a822ca714a76421db22a18675ab3f6a4906df7,,RMD Engineering College,,en,a
https://www.rmd.ac.in/IPR/policy.html,https://www.rmd.ac.in/IPR/policy.html,policy.html,200,https://www.rmd.ac.in/IPR/policy.html,RMDEC Institutions Innovation Council - RMD ENGINEERING COLLEGE,3,https://www.rmd.ac.in/IPR/,text/html,29237,2026-10-04T11:39:57Z,74,0,37,OK,200,html/IPR/policy.html,2ac29d634dc742b22d4727026177837d2d9c419bbc51c0fb2e93f373d2b3b42f,,RMD Engineering College,,en,a
https://www.rmd.ac.in/IPR/contact.html,https://www.rmd.ac.in/IPR/contact.html,contact.html,200,https://www.rmd.ac.in/IPR/contact.html,RMDEC Institutions Innovation Council - RMD ENGINEERING COLLEGE,3,https://www.rmd.ac.in/IPR/,text/html,17347,2026-10-04T11:39:58Z,74,0,35,OK,200,html/IPR/contact.html,c2034bca0a47a80e5dad2f4bf96299a06c64263221626a5ecee6a819895ec0fb,,RMD Engineering College,,en,a
https://www.rmd.ac.in/IPR/www.mhrd.gov.in%20/%20www.mic.gov.in,https://www.rmd.ac.in/IPR/www.mhrd.gov.in%20/%20www.mic.gov.in,www.mhrd.gov.in / www.mic.gov.in,404,https://www.rmd.ac.in/IPR/www.mhrd.gov.in%20/%20www.mic.gov.in,,3,https://www.rmd.ac.in/IPR/,text/html; charset=iso-8859-1,,2026-10-04T11:39:59Z,,,,HTTP_ERROR,404,,,,,,,a
https://www.rmd.ac.in/IPR/www.editn.in,https://www.rmd.ac.in/IPR/www.editn.in,www.editn.in,404,https://www.rmd.ac.in/IPR/www.editn.in,,3,https://www.rmd.ac.in/IPR/,text/html; charset=iso-8859-1,,2026-10-04T11:40:00Z,,,,HTTP_ERROR,404,,,,,,,a
https://www.rmd.ac.in/IPR/www.aicte-india.org,https://www.rmd.ac.in/IPR/www.aicte-india.org,www.aicte-india.org,404,https://www.rmd.ac.in/IPR/www.aicte-india.org,,3,https://www.rmd.ac.in/IPR/,text/html; charset=iso-8859-1,,2026-10-04T11:40:01Z,,,,HTTP_ERROR,404,,,,,,,a
https://www.rmd.ac.in/academics/code_of_conduct.html,https://www.rmd.ac.in/academics/code_of_conduct.html,../academics/code_of_conduct.html,404,https://www.rmd.ac.in/academics/code_of_conduct.html,,3,https://www.rmd.ac.in/eco/,text/html; charset=iso-8859-1,,2026-10-04T11:40:12Z,,,,HTTP_ERROR,404,,,,,,,a
https://www.rmd.ac.in/eco/abouteco.html,https://www.rmd.ac.in/eco/abouteco.html,abouteco.html,200,https://www.rmd.ac.in/eco/abouteco.html,RMD ENGINEERING COLLEGE,3,https://www.rmd.ac.in/eco/,text/html,21248,2026-10-04T11:40:15Z,73,1,37,OK,200,html/eco/abouteco.html,5bc5f4ea96a518968d95a32b97a3a035f92f77ff37cb6d18fb773721efb50f1a,,RMD Engineering College,,en,a
https://www.rmd.ac.in/eco/activities.html,https://www.rmd.ac.in/eco/activities.html,activities.html,200,https://www.rmd.ac.in/eco/activities.html,RMD ENGINEERING COLLEGE,3,https://www.rmd.ac.in/eco/,text/html,28393,2026-10-04T11:40:18Z,109,1,76,OK,200,html/eco/activities.html,4e236c15c24283ff6c7ec8ad5c795199a8556a0912586971535b4a5dcf300236,,RMD Engineering College,,en,a
https://www.rmd.ac.in/eco/contact.html,https://www.rmd.ac.in/eco/contact.html,contact.html,200,https://www.rmd.ac.in/eco/contact.html,RMD ENGINEERING COLLEGE,3,https://www.rmd.ac.in/eco/,text/html,17059,2026-10-04T11:40:19Z,73,1,38,OK,200,html/eco/contact.html,f872c64ed2d9f69830de7a1ab72d127ee5551329ce70adb5b7b017764ed5d1c8,,RMD Engineering College,,en,a
https://www.rmd.ac.in/yrc/aboutyrc.html,https://www.rmd.ac.in/yrc/aboutyrc.html,aboutyrc.html,200,https://www.rmd.ac.in/yrc/aboutyrc.html,RMD ENGINEERING COLLEGE,3,https://www.rmd.ac.in/yrc/,text/html,17119,2026-10-04T11:40:22Z,73,0,35,OK,200,html/yrc/aboutyrc.html,eddab4744fcfe9cf8ace5ec71e44efe5389636c0f9d69a1d107c900213ca9b97,,RMD Engineering College,,en,a
https://www.rmd.ac.in/yrc/activities.html,https://www.rmd.ac.in/yrc/activities.html,activities.html,200,https://www.rmd.ac.in/yrc/activities.html,RMD ENGINEERING COLLEGE,3,https://www.rmd.ac.in/yrc/,text/html,23483,2026-10-04T11:40:23Z,95,0,59,OK,200,html/yrc/activities.html,4320c53451b5c76951de5795a7b942d19184c17d1b30b7a093bdb0a0a5a96567,,RMD Engineering College,,en,a
https://www.rmd.ac.in/yrc/contact.html,https://www.rmd.ac.in/yrc/contact.html,contact.html,200,https://www.rmd.ac.in/yrc/contact.html,RMD ENGINEERING COLLEGE,3,https://www.rmd.ac.in/yrc/,text/html,16927,2026-10-04T11:40:25Z,73,0,36,OK,200,html/yrc/contact.html,1d3ed26037ec8573a433a6f9b7c9e46a354152b1b61df4a4332f83f42fe7063e,,RMD Engineering College,,en,a
https://www.rmd.ac.in/yrc/photo.html,https://www.rmd.ac.in/yrc/photo.html,photo.html,200,https://www.rmd.ac.in/yrc/photo.html,RMD ENGINEERING COLLEGE,3,https://www.rmd.ac.in/yrc/,text/html,25724,2026-10-04T11:40:26Z,73,0,79,OK,200,html/yrc/photo.html,53e4390f8293017589433cbe2768f0e25d3f22a53042a253c7e5c5ea74078444,,RMD Engineering College,,en,a
https://www.rmd.ac.in/nss/aboutnss.html,https://www.rmd.ac.in/nss/aboutnss.html,aboutnss.html,200,https://www.rmd.ac.in/nss/aboutnss.html,RMD ENGINEERING COLLEGE,3,https://www.rmd.ac.in/nss/,text/html,18279,2026-10-04T11:40:29Z,73,0,35,OK,200,html/nss/aboutnss.html,5e9d778fedf91ba8adacc3558465f8702e818714ba51da8586742f47379358b4,,RMD Engineering College,,en,a
https://www.rmd.ac.in/nss/activities.html,https://www.rmd.ac.in/nss/activities.html,activities.html,200,https://www.rmd.ac.in/nss/activities.html,RMD ENGINEERING COLLEGE,3,https://www.rmd.ac.in/nss/,text/html,23529,2026-10-04T11:40:31Z,94,0,58,OK,200,html/nss/activities.html,65a7968bd2fd2b64ec85270dac18249b1329b25e08f281a6e15a2fa4fbcc2e90,,RMD Engineering College,,en,a
https://www.rmd.ac.in/nss/contact.html,https://www.rmd.ac.in/nss/contact.html,contact.html,200,https://www.rmd.ac.in/nss/contact.html,RMD ENGINEERING COLLEGE,3,https://www.rmd.ac.in/nss/,text/html,17291,2026-10-04T11:40:33Z,73,0,36,OK,200,html/nss/contact.html,c72c6df8b6f2281e25faff7d5bcb9514c5b7f19d0e380280de67d24c3c8339c0,,RMD Engineering College,,en,a
https://www.rmd.ac.in/nss/photo.html,https://www.rmd.ac.in/nss/photo.html,photo.html,200,https://www.rmd.ac.in/nss/photo.html,RMD ENGINEERING COLLEGE,3,https://www.rmd.ac.in/nss/,text/html,27085,2026-10-04T11:40:34Z,73,0,86,OK,200,html/nss/photo.html,496e70721296a1b8b7d0de3bda8f06b085d781bb73a48f06fe00cf969d161be8,,RMD Engineering College,,en,a
https://www.rmd.ac.in/UHV_club/abouteco.html,https://www.rmd.ac.in/UHV_club/abouteco.html,abouteco.html,200,https://www.rmd.ac.in/UHV_club/abouteco.html,RMD ENGINEERING COLLEGE,3,https://www.rmd.ac.in/UHV_club/,text/html,18633,2026-10-04T11:40:36Z,72,1,37,OK,200,html/UHV_club/abouteco.html,921a38cb591db21124b49569e745606e352ee9676d6f9ce140ac19634b289bff,,RMD Engineering College,,en,a
https://www.rmd.ac.in/UHV_club/activities.html,https://www.rmd.ac.in/UHV_club/activities.html,activities.html,200,https://www.rmd.ac.in/UHV_club/activities.html,RMD ENGINEERING COLLEGE,3,https://www.rmd.ac.in/UHV_club/,text/html,19738,2026-10-04T11:40:38Z,80,1,47,OK,200,html/UHV_club/activities.html,f47bdb911f3cfee786c99b9499de7769badb58668905fdd6086e0e052429ca6a,,RMD Engineering College,,en,a
https://www.rmd.ac.in/UHV_club/contact.html,https://www.rmd.ac.in/UHV_club/contact.html,contact.html,200,https://www.rmd.ac.in/UHV_club/contact.html,RMD ENGINEERING COLLEGE,3,https://www.rmd.ac.in/UHV_club/,text/html,17222,2026-10-04T11:40:40Z,72,1,38,OK,200,html/UHV_club/contact.html,927f279a911ac85d348ab976aa86f119d0e00004616b4f272f833615a7a09ab7,,RMD Engineering College,,en,a
https://www.rmd.ac.in/math/aboutmath.html,https://www.rmd.ac.in/math/aboutmath.html,aboutmath.html,200,https://www.rmd.ac.in/math/aboutmath.html,RMD ENGINEERING COLLEGE,3,https://www.rmd.ac.in/math/,text/html,17062,2026-10-04T11:40:42Z,72,1,37,OK,200,html/math/aboutmath.html,9cd5fde56202e708541f58e08dabb22cb27a87367489ce64baa1b2294356ebff,,RMD Engineering College,,en,a
https://www.rmd.ac.in/math/activities.html,https://www.rmd.ac.in/math/activities.html,activities.html,200,https://www.rmd.ac.in/math/activities.html,RMD ENGINEERING COLLEGE,3,https://www.rmd.ac.in/math/,text/html,23538,2026-10-04T11:40:44Z,93,1,60,OK,200,html/math/activities.html,6f52a9777d6a497fb78bed2754b9151f1221cee188c939656f09e95eb0013bfe,,RMD Engineering College,,en,a
https://www.rmd.ac.in/math/contact.html,https://www.rmd.ac.in/math/contact.html,contact.html,200,https://www.rmd.ac.in/math/contact.html,RMD ENGINEERING COLLEGE,3,https://www.rmd.ac.in/math/,text/html,17892,2026-10-04T11:40:45Z,72,1,39,OK,200,html/math/contact.html,73a7e4d114c3efed5b04fbc20155d14d73cd5bd971c97497c202d6a21ada2131,,RMD Engineering College,,en,a
https://www.rmd.ac.in/Tech_club/abouteco.html,https://www.rmd.ac.in/Tech_club/abouteco.html,abouteco.html,200,https://www.rmd.ac.in/Tech_club/abouteco.html,RMD ENGINEERING COLLEGE,3,https://www.rmd.ac.in/Tech_club/,text/html,18768,2026-10-04T11:40:48Z,72,1,37,OK,200,html/Tech_club/abouteco.html,016d8c0f4b64bf9637645b852fd9b8682b01bd671a537c6ed4bdab64efe28506,,RMD Engineering College,,en,a
https://www.rmd.ac.in/Tech_club/activities.html,https://www.rmd.ac.in/Tech_club/activities.html,activities.html,200,https://www.rmd.ac.in/Tech_club/activities.html,RMD ENGINEERING COLLEGE,3,https://www.rmd.ac.in/Tech_club/,text/html,21914,2026-10-04T11:40:49Z,86,1,52,OK,200,html/Tech_club/activities.html,c87778e9d2cfa050d3975b00a36eecd890007250470e245e2f21bbc83f856916,,RMD Engineering College,,en,a
https://www.rmd.ac.in/Tech_club/contact.html,https://www.rmd.ac.in/Tech_club/contact.html,contact.html,200,https://www.rmd.ac.in/Tech_club/contact.html,RMD ENGINEERING COLLEGE,3,https://www.rmd.ac.in/Tech_club/,text/html,17900,2026-10-04T11:40:51Z,72,1,39,OK,200,html/Tech_club/contact.html,a4a7d9f15719ab23aded5f237a041d9ff5e05e07cb7c6a4741a63d64fa72ec0b,,RMD Engineering College,,en,a
https://www.rmd.ac.in/Science_club/abouteco.html,https://www.rmd.ac.in/Science_club/abouteco.html,abouteco.html,200,https://www.rmd.ac.in/Science_club/abouteco.html,RMD ENGINEERING COLLEGE,3,https://www.rmd.ac.in/Science_club/,text/html,17255,2026-10-04T11:40:53Z,72,1,37,OK,200,html/Science_club/abouteco.html,dfcf7ba5ed3fea3ff0b7399ca8287dc3ebabfa4260680f5257cf9a4584dbb0fc,,RMD Engineering College,,en,a
https://www.rmd.ac.in/Science_club/activities.html,https://www.rmd.ac.in/Science_club/activities.html,activities.html,200,https://www.rmd.ac.in/Science_club/activities.html,RMD ENGINEERING COLLEGE,3,https://www.rmd.ac.in/Science_club/,text/html,23722,2026-10-04T11:40:55Z,95,1,62,OK,200,html/Science_club/activities.html,d8fe9f8043e0befd713d85b36bae64847293b3a428ce16e42a2743c99e0641af,,RMD Engineering College,,en,a
https://www.rmd.ac.in/Science_club/contact.html,https://www.rmd.ac.in/Science_club/contact.html,contact.html,200,https://www.rmd.ac.in/Science_club/contact.html,RMD ENGINEERING COLLEGE,3,https://www.rmd.ac.in/Science_club/,text/html,17921,2026-10-04T11:40:56Z,72,1,39,OK,200,html/Science_club/contact.html,670b35d9a5a6e594163f710a36d178e8d9e5c33eda323ec0b9b290c6d2bc89fb,,RMD Engineering College,,en,a
https://www.rmd.ac.in/Coding_club/abouteco.html,https://www.rmd.ac.in/Coding_club/abouteco.html,abouteco.html,200,https://www.rmd.ac.in/Coding_club/abouteco.html,RMD ENGINEERING COLLEGE,3,https://www.rmd.ac.in/Coding_club/,text/html,18216,2026-10-04T11:40:58Z,72,1,37,OK,200,html/Coding_club/abouteco.html,19cf60eec3228f76afee641d25f0a87c6097b9abcd7f3214bc5aa3fb1687c4e0,,RMD Engineering College,,en,a
https://www.rmd.ac.in/Coding_club/activities.html,https://www.rmd.ac.in/Coding_club/activities.html,activities.html,200,https://www.rmd.ac.in/Coding_club/activities.html,RMD ENGINEERING COLLEGE,3,https://www.rmd.ac.in/Coding_club/,text/html,19455,2026-10-04T11:41:00Z,79,1,46,OK,200,html/Coding_club/activities.html,fac730d673962cd03357eb5d69e2ba50fc34db51794a80f1b5c7422567d47b24,,RMD Engineering College,,en,a
https://www.rmd.ac.in/Coding_club/contact.html,https://www.rmd.ac.in/Coding_club/contact.html,contact.html,200,https://www.rmd.ac.in/Coding_club/contact.html,RMD ENGINEERING COLLEGE,3,https://www.rmd.ac.in/Coding_club/,text/html,17877,2026-10-04T11:41:02Z,72,1,39,OK,200,html/Coding_club/contact.html,910be08c88904c1d9fbfe6b71ea6633bde13abdf974c34a71134673c5f6cdca7,,RMD Engineering College,,en,a
https://www.rmd.ac.in/Language_club/abouteco.html,https://www.rmd.ac.in/Language_club/abouteco.html,abouteco.html,200,https://www.rmd.ac.in/Language_club/abouteco.html,RMD ENGINEERING COLLEGE,3,https://www.rmd.ac.in/Language_club/,text/html,16691,2026-10-04T11:41:04Z,72,1,37,OK,200,html/Language_club/abouteco.html,fb5737c1a7559765c818361d8791413e8bda7841421d8c997d48fa61ead38d14,,RMD Engineering College,,en,a
https://www.rmd.ac.in/Language_club/activities.html,https://www.rmd.ac.in/Language_club/activities.html,activities.html,200,https://www.rmd.ac.in/Language_club/activities.html,RMD ENGINEERING COLLEGE,3,https://www.rmd.ac.in/Language_club/,text/html,19002,2026-10-04T11:41:06Z,77,1,44,OK,200,html/Language_club/activities.html,85a7814b323d388ad8af6ce955a0b38ed9e38743dab9e291257e7bb2542f63b5,,RMD Engineering College,,en,a
https://www.rmd.ac.in/Language_club/contact.html,https://www.rmd.ac.in/Language_club/contact.html,contact.html,200,https://www.rmd.ac.in/Language_club/contact.html,RMD ENGINEERING COLLEGE,3,https://www.rmd.ac.in/Language_club/,text/html,17217,2026-10-04T11:41:08Z,72,1,38,OK,200,html/Language_club/contact.html,578e97f4472fcf5ff418eeab7f8c27e85fd57ab310e29dcf420e2000eab4293b,,RMD Engineering College,,en,a
https://www.rmd.ac.in/yoga/aboutyoga.html,https://www.rmd.ac.in/yoga/aboutyoga.html,aboutyoga.html,200,https://www.rmd.ac.in/yoga/aboutyoga.html,RMD ENGINEERING COLLEGE,3,https://www.rmd.ac.in/yoga/,text/html,17515,2026-10-04T11:41:11Z,72,0,35,OK,200,html/yoga/aboutyoga.html,20a42456d797656a8fc89f1685c119ab50eb74640507252092d5542149641746,,RMD Engineering College,,en,a
https://www.rmd.ac.in/yoga/activities.html,https://www.rmd.ac.in/yoga/activities.html,activities.html,200,https://www.rmd.ac.in/yoga/activities.html,RMD ENGINEERING COLLEGE,3,https://www.rmd.ac.in/yoga/,text/html,21150,2026-10-04T11:41:12Z,84,0,49,OK,200,html/yoga/activities.html,3538bccd7421a85dea51d725eddfe981dc4484c184a0619c596b97c8503ccf13,,RMD Engineering College,,en,a
https://www.rmd.ac.in/yoga/contact.html,https://www.rmd.ac.in/yoga/contact.html,contact.html,200,https://www.rmd.ac.in/yoga/contact.html,RMD ENGINEERING COLLEGE,3,https://www.rmd.ac.in/yoga/,text/html,18639,2026-10-04T11:41:14Z,72,0,38,OK,200,html/yoga/contact.html,10c952005b9f6c4d90422a7147cb7ee4d15ab2db2b2e3ccf8e2a62735ea35797,,RMD Engineering College,,en,a
https://www.rmd.ac.in/Photo_club/abouteco.html,https://www.rmd.ac.in/Photo_club/abouteco.html,abouteco.html,200,https://www.rmd.ac.in/Photo_club/abouteco.html,RMD ENGINEERING COLLEGE,3,https://www.rmd.ac.in/Photo_club/,text/html,17952,2026-10-04T11:41:17Z,72,1,37,OK,200,html/Photo_club/abouteco.html,804ab5421511a80b100ba4fc4321af29270933382636fe5f2aee311d88686163,,RMD Engineering College,,en,a
https://www.rmd.ac.in/Photo_club/activities.html,https://www.rmd.ac.in/Photo_club/activities.html,activities.html,200,https://www.rmd.ac.in/Photo_club/activities.html,RMD ENGINEERING COLLEGE,3,https://www.rmd.ac.in/Photo_club/,text/html,22603,2026-10-04T11:41:19Z,90,1,57,OK,200,html/Photo_club/activities.html,368fab527606547e552a0b3a46d1da6a0574621b50ad5eab5b80407ca7636785,,RMD Engineering College,,en,a
https://www.rmd.ac.in/Photo_club/contact.html,https://www.rmd.ac.in/Photo_club/contact.html,contact.html,200,https://www.rmd.ac.in/Photo_club/contact.html,RMD ENGINEERING COLLEGE,3,https://www.rmd.ac.in/Photo_club/,text/html,17512,2026-10-04T11:41:21Z,72,1,39,OK,200,html/Photo_club/contact.html,3a95e56e09964464a76777be77eac2ff343dc09639766352c9b3f5e4a1609f71,,RMD Engineering College,,en,a
https://www.rmd.ac.in/Cultural_club/abouteco.html,https://www.rmd.ac.in/Cultural_club/abouteco.html,abouteco.html,200,https://www.rmd.ac.in/Cultural_club/abouteco.html,RMD ENGINEERING COLLEGE,3,https://www.rmd.ac.in/Cultural_club/,text/html,18202,2026-10-04T11:41:24Z,72,1,37,OK,200,html/Cultural_club/abouteco.html,5a39f7c77a49feae37d9b789859a9034e4407737aa7ce7ae34b5b76574f0b2ac,,RMD Engineering College,,en,a
https://www.rmd.ac.in/Cultural_club/activities.html,https://www.rmd.ac.in/Cultural_club/activities.html,activities.html,200,https://www.rmd.ac.in/Cultural_club/activities.html,RMD ENGINEERING COLLEGE,3,https://www.rmd.ac.in/Cultural_club/,text/html,22975,2026-10-04T11:41:26Z,92,1,59,OK,200,html/Cultural_club/activities.html,a5f7440b89cd03c6e25c92eb87992b9573dbed8175a0de2b9a9bb8f95dfd94fd,,RMD Engineering College,,en,a
https://www.rmd.ac.in/Cultural_club/contact.html,https://www.rmd.ac.in/Cultural_club/contact.html,contact.html,200,https://www.rmd.ac.in/Cultural_club/contact.html,RMD ENGINEERING COLLEGE,3,https://www.rmd.ac.in/Cultural_club/,text/html,17228,2026-10-04T11:41:28Z,72,1,38,OK,200,html/Cultural_club/contact.html,ec5d2d674406b95b12ab80e767eb8f541be25bc58fa93198dc69fb1572bb0339,,RMD Engineering College,,en,a
https://www.rmd.ac.in/cultural/facilities.html,https://www.rmd.ac.in/cultural/facilities.html,facilities.html,200,https://www.rmd.ac.in/cultural/facilities.html,RMD ENGINEERING COLLEGE,3,https://www.rmd.ac.in/cultural/,text/html,17671,2026-10-04T11:41:31Z,75,0,37,OK,200,html/cultural/facilities.html,ce134e919b1802c529346378a00d5b1088efeb45d900ca1eae8a75b0c7dddd56,,RMD Engineering College,,en,a
https://www.rmd.ac.in/cultural/competitions.html,https://www.rmd.ac.in/cultural/competitions.html,competitions.html,200,https://www.rmd.ac.in/cultural/competitions.html,RMD ENGINEERING COLLEGE,3,https://www.rmd.ac.in/cultural/,text/html,17892,2026-10-04T11:41:33Z,75,0,34,OK,200,html/cultural/competitions.html,7e0b783ba96d489cfc73db38df21ea15f7600ff40cfb95f04bdd1266d2c56d70,,RMD Engineering College,,en,a
https://www.rmd.ac.in/cultural/winners.html,https://www.rmd.ac.in/cultural/winners.html,winners.html,200,https://www.rmd.ac.in/cultural/winners.html,RMD ENGINEERING COLLEGE,3,https://www.rmd.ac.in/cultural/,text/html,18043,2026-10-04T11:41:35Z,79,0,39,OK,200,html/cultural/winners.html,1dbb7e273eb14dde710163c12bca58bb34af4ba43e01e7932a29e69694092970,,RMD Engineering College,,en,a
https://www.rmd.ac.in/cultural/contact.html,https://www.rmd.ac.in/cultural/contact.html,contact.html,200,https://www.rmd.ac.in/cultural/contact.html,RMD ENGINEERING COLLEGE,3,https://www.rmd.ac.in/cultural/,text/html,16798,2026-10-04T11:41:36Z,75,0,35,OK,200,html/cultural/contact.html,93b8a54c6eb86897a4e2c0656c9e3dcf0faf5564a5e10b979073ee783b893e9f,,RMD Engineering College,,en,a
https://www.rmd.ac.in/cultural/photo.html,https://www.rmd.ac.in/cultural/photo.html,photo.html,200,https://www.rmd.ac.in/cultural/photo.html,RMD ENGINEERING COLLEGE,3,https://www.rmd.ac.in/cultural/,text/html,29622,2026-10-04T11:41:38Z,75,0,110,OK,200,html/cultural/photo.html,5f4bec0b9c8c53620d1b438bfb183900d4bdf1e32714f7cbcc9ce9b03e37612b,,RMD Engineering College,,en,a
https://www.rmd.ac.in/wec/aboutwec.html,https://www.rmd.ac.in/wec/aboutwec.html,aboutwec.html,200,https://www.rmd.ac.in/wec/aboutwec.html,RMD ENGINEERING COLLEGE,3,https://www.rmd.ac.in/wec/,text/html,17551,2026-10-04T11:41:40Z,74,0,35,OK,200,html/wec/aboutwec.html,629a4848b2921a17e270307d33714c11c197bf64d94e34b7bd05a7a61aae04be,,RMD Engineering College,,en,a
https://www.rmd.ac.in/wec/activities.html,https://www.rmd.ac.in/wec/activities.html,activities.html,200,https://www.rmd.ac.in/wec/activities.html,RMD ENGINEERING COLLEGE,3,https://www.rmd.ac.in/wec/,text/html,20753,2026-10-04T11:41:42Z,84,0,46,OK,200,html/wec/activities.html,f259e5a31ca854868fe2a173547018c5c0f7b1dd78e68483af279a43bde028af,,RMD Engineering College,,en,a
https://www.rmd.ac.in/wec/contact.html,https://www.rmd.ac.in/wec/contact.html,contact.html,200,https://www.rmd.ac.in/wec/contact.html,RMD ENGINEERING COLLEGE,3,https://www.rmd.ac.in/wec/,text/html,17157,2026-10-04T11:41:44Z,74,0,36,OK,200,html/wec/contact.html,fd7ee8f5dd93495c2484840d93959de2f6e7fec62a14c519440988c52bab93b1,,RMD Engineering College,,en,a
https://www.rmd.ac.in/wec/photo.html,https://www.rmd.ac.in/wec/photo.html,photo.html,200,https://www.rmd.ac.in/wec/photo.html,RMD ENGINEERING COLLEGE,3,https://www.rmd.ac.in/wec/,text/html,28934,2026-10-04T11:41:45Z,74,0,101,OK,200,html/wec/photo.html,c83f0aafbf31494fa4ec5dbb6bee0694b43b52a40aece8cf58aae1953c6ef1a1,,RMD Engineering College,,en,a
https://www.rmd.ac.in/dept/cse/vm.html,https://www.rmd.ac.in/dept/cse/vm.html,vm.html,200,https://www.rmd.ac.in/dept/cse/vm.html,RMD ENGINEERING COLLEGE,4,https://www.rmd.ac.in/dept/cse/hod.html,text/html,20845,2026-10-04 12:16:13,,,,OK,,html/dept/cse/vm.html,,,,,,a
https://www.rmd.ac.in/dept/cse/peo.html,https://www.rmd.ac.in/dept/cse/peo.html,peo.html,200,https://www.rmd.ac.in/dept/cse/peo.html,RMD ENGINEERING COLLEGE,4,https://www.rmd.ac.in/dept/cse/hod.html,text/html,26128,2026-10-04 12:16:12,,,,OK,,html/dept/cse/peo.html,,,,,,a
https://www.rmd.ac.in/dept/cse/co.html,https://www.rmd.ac.in/dept/cse/co.html,co.html,200,https://www.rmd.ac.in/dept/cse/co.html,RMD ENGINEERING COLLEGE,4,https://www.rmd.ac.in/dept/cse/hod.html,text/html,21291,2026-10-04 12:16:11,,,,OK,,html/dept/cse/co.html,,,,,,a
https://www.rmd.ac.in/dept/cse/qo.html,https://www.rmd.ac.in/dept/cse/qo.html,qo.html,200,https://www.rmd.ac.in/dept/cse/qo.html,RMD ENGINEERING COLLEGE,4,https://www.rmd.ac.in/dept/cse/hod.html,text/html,19728,2026-10-04 12:16:13,,,,OK,,html/dept/cse/qo.html,,,,,,a
https://www.rmd.ac.in/dept/cse/timetable.html,https://www.rmd.ac.in/dept/cse/timetable.html,timetable.html,200,https://www.rmd.ac.in/dept/cse/timetable.html,RMD ENGINEERING COLLEGE,4,https://www.rmd.ac.in/dept/cse/hod.html,text/html,19595,2026-10-04 12:16:13,,,,OK,,html/dept/cse/timetable.html,,,,,,a
https://www.rmd.ac.in/dept/cse/faculty.html,https://www.rmd.ac.in/dept/cse/faculty.html,faculty.html,200,https://www.rmd.ac.in/dept/cse/faculty.html,RMD ENGINEERING COLLEGE,4,https://www.rmd.ac.in/dept/cse/hod.html,text/html,115604,2026-10-04 12:16:12,,,,OK,,html/dept/cse/faculty.html,,,,,,a
https://www.rmd.ac.in/dept/cse/research.html,https://www.rmd.ac.in/dept/cse/research.html,research.html,200,https://www.rmd.ac.in/dept/cse/research.html,RMD ENGINEERING COLLEGE,4,https://www.rmd.ac.in/dept/cse/hod.html,text/html,27053,2026-10-04 12:16:13,,,,OK,,html/dept/cse/research.html,,,,,,a
https://www.rmd.ac.in/dept/cse/awards.html,https://www.rmd.ac.in/dept/cse/awards.html,awards.html,200,https://www.rmd.ac.in/dept/cse/awards.html,RMD ENGINEERING COLLEGE,4,https://www.rmd.ac.in/dept/cse/hod.html,text/html,67709,2026-10-04 12:16:11,,,,OK,,html/dept/cse/awards.html,,,,,,a
https://www.rmd.ac.in/dept/cse/activities.html,https://www.rmd.ac.in/dept/cse/activities.html,activities.html,200,https://www.rmd.ac.in/dept/cse/activities.html,RMD ENGINEERING COLLEGE,4,https://www.rmd.ac.in/dept/cse/hod.html,text/html,53007,2026-10-04 12:16:11,,,,OK,,html/dept/cse/activities.html,,,,,,a
https://www.rmd.ac.in/dept/cse/prof.html,https://www.rmd.ac.in/dept/cse/prof.html,prof.html,200,https://www.rmd.ac.in/dept/cse/prof.html,RMD ENGINEERING COLLEGE,4,https://www.rmd.ac.in/dept/cse/hod.html,text/html,29602,2026-10-04 12:16:13,,,,OK,,html/dept/cse/prof.html,,,,,,a
https://www.rmd.ac.in/dept/cse/notes.html,https://www.rmd.ac.in/dept/cse/notes.html,notes.html,200,https://www.rmd.ac.in/dept/cse/notes.html,RMD ENGINEERING COLLEGE,4,https://www.rmd.ac.in/dept/cse/hod.html,text/html,44212,2026-10-04 12:16:12,,,,OK,,html/dept/cse/notes.html,,,,,,a
https://www.rmd.ac.in/dept/cse/youtubematerial.html,https://www.rmd.ac.in/dept/cse/youtubematerial.html,youtubematerial.html,200,https://www.rmd.ac.in/dept/cse/youtubematerial.html,RMD ENGINEERING COLLEGE,4,https://www.rmd.ac.in/dept/cse/hod.html,text/html,19746,2026-10-04 12:16:13,,,,OK,,html/dept/cse/youtubematerial.html,,,,,,a
https://www.rmd.ac.in/dept/cse/onlinecourse.html,https://www.rmd.ac.in/dept/cse/onlinecourse.html,onlinecourse.html,200,https://www.rmd.ac.in/dept/cse/onlinecourse.html,RMD ENGINEERING COLLEGE,4,https://www.rmd.ac.in/dept/cse/hod.html,text/html,103529,2026-10-04 12:16:12,,,,OK,,html/dept/cse/onlinecourse.html,,,,,,a
https://www.rmd.ac.in/dept/cse/webinar.html,https://www.rmd.ac.in/dept/cse/webinar.html,webinar.html,200,https://www.rmd.ac.in/dept/cse/webinar.html,RMD ENGINEERING COLLEGE,4,https://www.rmd.ac.in/dept/cse/hod.html,text/html,57717,2026-10-04 12:16:13,,,,OK,,html/dept/cse/webinar.html,,,,,,a
https://www.rmd.ac.in/dept/cse/rank.html,https://www.rmd.ac.in/dept/cse/rank.html,rank.html,200,https://www.rmd.ac.in/dept/cse/rank.html,RMD ENGINEERING COLLEGE,4,https://www.rmd.ac.in/dept/cse/hod.html,text/html,59686,2026-10-04 12:16:13,,,,OK,,html/dept/cse/rank.html,,,,,,a
https://www.rmd.ac.in/dept/cse/plac.html,https://www.rmd.ac.in/dept/cse/plac.html,plac.html,200,https://www.rmd.ac.in/dept/cse/plac.html,RMD ENGINEERING COLLEGE,4,https://www.rmd.ac.in/dept/cse/hod.html,text/html,96808,2026-10-04 12:16:12,,,,OK,,html/dept/cse/plac.html,,,,,,a
https://www.rmd.ac.in/dept/cse/higher.html,https://www.rmd.ac.in/dept/cse/higher.html,higher.html,200,https://www.rmd.ac.in/dept/cse/higher.html,RMD ENGINEERING COLLEGE,4,https://www.rmd.ac.in/dept/cse/hod.html,text/html,63224,2026-10-04 12:16:12,,,,OK,,html/dept/cse/higher.html,,,,,,a
https://www.rmd.ac.in/dept/cse/iv.html,https://www.rmd.ac.in/dept/cse/iv.html,iv.html,200,https://www.rmd.ac.in/dept/cse/iv.html,RMD ENGINEERING COLLEGE,4,https://www.rmd.ac.in/dept/cse/hod.html,text/html,57883,2026-10-04 12:16:12,,,,OK,,html/dept/cse/iv.html,,,,,,a
https://www.rmd.ac.in/dept/cse/gv.html,https://www.rmd.ac.in/dept/cse/gv.html,gv.html,200,https://www.rmd.ac.in/dept/cse/gv.html,RMD ENGINEERING COLLEGE,4,https://www.rmd.ac.in/dept/cse/hod.html,text/html,69455,2026-10-04 12:16:12,,,,OK,,html/dept/cse/gv.html,,,,,,a
https://www.rmd.ac.in/dept/cse/lab.html,https://www.rmd.ac.in/dept/cse/lab.html,lab.html,200,https://www.rmd.ac.in/dept/cse/lab.html,RMD ENGINEERING COLLEGE,4,https://www.rmd.ac.in/dept/cse/hod.html,text/html,25943,2026-10-04 12:16:12,,,,OK,,html/dept/cse/lab.html,,,,,,a
https://www.rmd.ac.in/dept/cse/ds.html,https://www.rmd.ac.in/dept/cse/ds.html,ds.html,200,https://www.rmd.ac.in/dept/cse/ds.html,RMD ENGINEERING COLLEGE,4,https://www.rmd.ac.in/dept/cse/hod.html,text/html,19687,2026-10-04 12:16:12,,,,OK,,html/dept/cse/ds.html,,,,,,a
https://www.rmd.ac.in/dept/cse/newsletter.html,https://www.rmd.ac.in/dept/cse/newsletter.html,newsletter.html,200,https://www.rmd.ac.in/dept/cse/newsletter.html,RMD ENGINEERING COLLEGE,4,https://www.rmd.ac.in/dept/cse/hod.html,text/html,22510,2026-10-04 12:16:12,,,,OK,,html/dept/cse/newsletter.html,,,,,,a
https://www.rmd.ac.in/iic/mom.html,https://www.rmd.ac.in/iic/mom.html,mom.html,200,https://www.rmd.ac.in/iic/mom.html,RMD ENGINEERING COLLEGE,4,https://www.rmd.ac.in/iic/members.html,text/html,17412,2026-10-04T11:42:37Z,76,0,38,OK,200,html/iic/mom.html,01f43abe0771a7935c5b7d27eb6c177e0ef0f25cf639ac3255ef84d94f7fed14,,RMD Engineering College,,en,a
https://www.rmd.ac.in/dept/cse/research/ezhumalai.html,https://www.rmd.ac.in/dept/cse/research/ezhumalai.html,research/ezhumalai.html,200,https://www.rmd.ac.in/dept/cse/research/ezhumalai.html,RMD ENGINEERING COLLEGE,5,https://www.rmd.ac.in/dept/cse/research.html,text/html,22513,2026-10-04 12:16:13,,,,OK,,html/dept/cse/research/ezhumalai.html,,,,,,a
https://www.rmd.ac.in/dept/cse/research/sasikumar.html,https://www.rmd.ac.in/dept/cse/research/sasikumar.html,research/sasikumar.html,200,https://www.rmd.ac.in/dept/cse/research/sasikumar.html,RMD ENGINEERING COLLEGE,5,https://www.rmd.ac.in/dept/cse/research.html,text/html,20565,2026-10-04 12:16:16,,,,OK,,html/dept/cse/research/sasikumar.html,,,,,,a
https://www.rmd.ac.in/dept/cse/research/srinivasan.html,https://www.rmd.ac.in/dept/cse/research/srinivasan.html,research/srinivasan.html,200,https://www.rmd.ac.in/dept/cse/research/srinivasan.html,RMD ENGINEERING COLLEGE,5,https://www.rmd.ac.in/dept/cse/research.html,text/html,19558,2026-10-04 12:16:16,,,,OK,,html/dept/cse/research/srinivasan.html,,,,,,a
https://www.rmd.ac.in/dept/cse/research/veda.html,https://www.rmd.ac.in/dept/cse/research/veda.html,research/veda.html,200,https://www.rmd.ac.in/dept/cse/research/veda.html,RMD ENGINEERING COLLEGE,5,https://www.rmd.ac.in/dept/cse/research.html,text/html,15779,2026-10-04 12:16:16,,,,OK,,html/dept/cse/research/veda.html,,,,,,a
https://www.rmd.ac.in/dept/cse/research/Hemalatha.html,https://www.rmd.ac.in/dept/cse/research/Hemalatha.html,research/Hemalatha.html,200,https://www.rmd.ac.in/dept/cse/research/Hemalatha.html,RMD ENGINEERING COLLEGE,5,https://www.rmd.ac.in/dept/cse/research.html,text/html,16834,2026-10-04 12:16:14,,,,OK,,html/dept/cse/research/Hemalatha.html,,,,,,a
https://www.rmd.ac.in/dept/cse/research/rpro.html,https://www.rmd.ac.in/dept/cse/research/rpro.html,research/rpro.html,200,https://www.rmd.ac.in/dept/cse/research/rpro.html,RMD ENGINEERING COLLEGE,5,https://www.rmd.ac.in/dept/cse/research.html,text/html,21575,2026-10-04 12:16:16,,,,OK,,html/dept/cse/research/rpro.html,,,,,,a
https://www.rmd.ac.in/dept/cse/research/others.html,https://www.rmd.ac.in/dept/cse/research/others.html,research/others.html,200,https://www.rmd.ac.in/dept/cse/research/others.html,RMD ENGINEERING COLLEGE,5,https://www.rmd.ac.in/dept/cse/research.html,text/html,25074,2026-10-04 12:16:14,,,,OK,,html/dept/cse/research/others.html,,,,,,a
https://www.rmd.ac.in/dept/cse/research/eip.html,https://www.rmd.ac.in/dept/cse/research/eip.html,research/eip.html,200,https://www.rmd.ac.in/dept/cse/research/eip.html,RMD ENGINEERING COLLEGE,5,https://www.rmd.ac.in/dept/cse/research.html,text/html,17265,2026-10-04 12:16:13,,,,OK,,html/dept/cse/research/eip.html,,,,,,a
https://www.rmd.ac.in/dept/cse/research/consultancy.html,https://www.rmd.ac.in/dept/cse/research/consultancy.html,research/consultancy.html,200,https://www.rmd.ac.in/dept/cse/research/consultancy.html,RMD ENGINEERING COLLEGE,5,https://www.rmd.ac.in/dept/cse/research.html,text/html,60300,2026-10-04 12:16:13,,,,OK,,html/dept/cse/research/consultancy.html,,,,,,a
https://www.rmd.ac.in/dept/cse/research/pa2023.html,https://www.rmd.ac.in/dept/cse/research/pa2023.html,research/pa2023.html,200,https://www.rmd.ac.in/dept/cse/research/pa2023.html,RMD ENGINEERING COLLEGE,5,https://www.rmd.ac.in/dept/cse/research.html,text/html,19602,2026-10-04 12:16:14,,,,OK,,html/dept/cse/research/pa2023.html,,,,,,a
https://www.rmd.ac.in/dept/cse/research/pa2024.html,https://www.rmd.ac.in/dept/cse/research/pa2024.html,research/pa2024.html,200,https://www.rmd.ac.in/dept/cse/research/pa2024.html,RMD ENGINEERING COLLEGE,5,https://www.rmd.ac.in/dept/cse/research.html,text/html,18058,2026-10-04 12:16:14,,,,OK,,html/dept/cse/research/pa2024.html,,,,,,a
https://www.rmd.ac.in/dept/cse/research/pa2022.html,https://www.rmd.ac.in/dept/cse/research/pa2022.html,research/pa2022.html,200,https://www.rmd.ac.in/dept/cse/research/pa2022.html,RMD ENGINEERING COLLEGE,5,https://www.rmd.ac.in/dept/cse/research.html,text/html,19548,2026-10-04 12:16:14,,,,OK,,html/dept/cse/research/pa2022.html,,,,,,a
https://www.rmd.ac.in/dept/cse/research/pa2021.html,https://www.rmd.ac.in/dept/cse/research/pa2021.html,research/pa2021.html,200,https://www.rmd.ac.in/dept/cse/research/pa2021.html,RMD ENGINEERING COLLEGE,5,https://www.rmd.ac.in/dept/cse/research.html,text/html,21382,2026-10-04 12:16:14,,,,OK,,html/dept/cse/research/pa2021.html,,,,,,a
https://www.rmd.ac.in/dept/cse/research/pa2020.html,https://www.rmd.ac.in/dept/cse/research/pa2020.html,research/pa2020.html,200,https://www.rmd.ac.in/dept/cse/research/pa2020.html,RMD ENGINEERING COLLEGE,5,https://www.rmd.ac.in/dept/cse/research.html,text/html,20856,2026-10-04 12:16:14,,,,OK,,html/dept/cse/research/pa2020.html,,,,,,a
https://www.rmd.ac.in/dept/cse/research/pa2019.html,https://www.rmd.ac.in/dept/cse/research/pa2019.html,research/pa2019.html,200,https://www.rmd.ac.in/dept/cse/research/pa2019.html,RMD ENGINEERING COLLEGE,5,https://www.rmd.ac.in/dept/cse/research.html,text/html,17865,2026-10-04 12:16:14,,,,OK,,html/dept/cse/research/pa2019.html,,,,,,a
https://www.rmd.ac.in/dept/cse/research/pa2018.html,https://www.rmd.ac.in/dept/cse/research/pa2018.html,research/pa2018.html,200,https://www.rmd.ac.in/dept/cse/research/pa2018.html,RMD ENGINEERING COLLEGE,5,https://www.rmd.ac.in/dept/cse/research.html,text/html,16698,2026-10-04 12:16:14,,,,OK,,html/dept/cse/research/pa2018.html,,,,,,a
https://www.rmd.ac.in/dept/cse/research/pa2017.html,https://www.rmd.ac.in/dept/cse/research/pa2017.html,research/pa2017.html,200,https://www.rmd.ac.in/dept/cse/research/pa2017.html,RMD ENGINEERING COLLEGE,5,https://www.rmd.ac.in/dept/cse/research.html,text/html,16628,2026-10-04 12:16:14,,,,OK,,html/dept/cse/research/pa2017.html,,,,,,a
https://www.rmd.ac.in/dept/cse/research/pa2016.html,https://www.rmd.ac.in/dept/cse/research/pa2016.html,research/pa2016.html,200,https://www.rmd.ac.in/dept/cse/research/pa2016.html,RMD ENGINEERING COLLEGE,5,https://www.rmd.ac.in/dept/cse/research.html,text/html,16838,2026-10-04 12:16:14,,,,OK,,html/dept/cse/research/pa2016.html,,,,,,a
https://www.rmd.ac.in/dept/cse/research/rp2025.html,https://www.rmd.ac.in/dept/cse/research/rp2025.html,research/rp2025.html,200,https://www.rmd.ac.in/dept/cse/research/rp2025.html,RMD ENGINEERING COLLEGE,5,https://www.rmd.ac.in/dept/cse/research.html,text/html,62890,2026-10-04 12:16:15,,,,OK,,html/dept/cse/research/rp2025.html,,,,,,a
https://www.rmd.ac.in/dept/cse/research/rp2024.html,https://www.rmd.ac.in/dept/cse/research/rp2024.html,research/rp2024.html,200,https://www.rmd.ac.in/dept/cse/research/rp2024.html,RMD ENGINEERING COLLEGE,5,https://www.rmd.ac.in/dept/cse/research.html,text/html,46411,2026-10-04 12:16:15,,,,OK,,html/dept/cse/research/rp2024.html,,,,,,a
https://www.rmd.ac.in/dept/cse/research/rp2023.html,https://www.rmd.ac.in/dept/cse/research/rp2023.html,research/rp2023.html,200,https://www.rmd.ac.in/dept/cse/research/rp2023.html,RMD ENGINEERING COLLEGE,5,https://www.rmd.ac.in/dept/cse/research.html,text/html,20922,2026-10-04 12:16:15,,,,OK,,html/dept/cse/research/rp2023.html,,,,,,a
https://www.rmd.ac.in/dept/cse/research/rp2022.html,https://www.rmd.ac.in/dept/cse/research/rp2022.html,research/rp2022.html,200,https://www.rmd.ac.in/dept/cse/research/rp2022.html,RMD ENGINEERING COLLEGE,5,https://www.rmd.ac.in/dept/cse/research.html,text/html,39710,2026-10-04 12:16:15,,,,OK,,html/dept/cse/research/rp2022.html,,,,,,a
https://www.rmd.ac.in/dept/cse/research/rp2021.html,https://www.rmd.ac.in/dept/cse/research/rp2021.html,research/rp2021.html,200,https://www.rmd.ac.in/dept/cse/research/rp2021.html,RMD ENGINEERING COLLEGE,5,https://www.rmd.ac.in/dept/cse/research.html,text/html,40055,2026-10-04 12:16:15,,,,OK,,html/dept/cse/research/rp2021.html,,,,,,a
https://www.rmd.ac.in/dept/cse/research/rp2020.html,https://www.rmd.ac.in/dept/cse/research/rp2020.html,research/rp2020.html,200,https://www.rmd.ac.in/dept/cse/research/rp2020.html,RMD ENGINEERING COLLEGE,5,https://www.rmd.ac.in/dept/cse/research.html,text/html,34965,2026-10-04 12:16:15,,,,OK,,html/dept/cse/research/rp2020.html,,,,,,a
https://www.rmd.ac.in/dept/cse/research/rp2019.html,https://www.rmd.ac.in/dept/cse/research/rp2019.html,research/rp2019.html,200,https://www.rmd.ac.in/dept/cse/research/rp2019.html,RMD ENGINEERING COLLEGE,5,https://www.rmd.ac.in/dept/cse/research.html,text/html,25412,2026-10-04 12:16:15,,,,OK,,html/dept/cse/research/rp2019.html,,,,,,a
https://www.rmd.ac.in/dept/cse/research/rp2018.html,https://www.rmd.ac.in/dept/cse/research/rp2018.html,research/rp2018.html,200,https://www.rmd.ac.in/dept/cse/research/rp2018.html,RMD ENGINEERING COLLEGE,5,https://www.rmd.ac.in/dept/cse/research.html,text/html,21036,2026-10-04 12:16:15,,,,OK,,html/dept/cse/research/rp2018.html,,,,,,a
https://www.rmd.ac.in/dept/cse/research/rp2017.html,https://www.rmd.ac.in/dept/cse/research/rp2017.html,research/rp2017.html,200,https://www.rmd.ac.in/dept/cse/research/rp2017.html,RMD ENGINEERING COLLEGE,5,https://www.rmd.ac.in/dept/cse/research.html,text/html,22141,2026-10-04 12:16:15,,,,OK,,html/dept/cse/research/rp2017.html,,,,,,a
https://www.rmd.ac.in/dept/cse/research/rp2016.html,https://www.rmd.ac.in/dept/cse/research/rp2016.html,research/rp2016.html,200,https://www.rmd.ac.in/dept/cse/research/rp2016.html,RMD ENGINEERING COLLEGE,5,https://www.rmd.ac.in/dept/cse/research.html,text/html,21507,2026-10-04 12:16:15,,,,OK,,html/dept/cse/research/rp2016.html,,,,,,a
https://www.rmd.ac.in/dept/cse/research/,https://www.rmd.ac.in/dept/cse/research/,index.html,403,https://www.rmd.ac.in/dept/cse/research/,,6,https://www.rmd.ac.in/dept/cse/research/ezhumalai.html,text/html; charset=iso-8859-1,,2026-10-04T11:43:32Z,,,,HTTP_ERROR,403,,,,,,,a
https://www.rmd.ac.in/index.html,https://www.rmd.ac.in/index.html,../../index.html,,,,2,https://www.rmd.ac.in/dept/cse/index.html,,,,,,,DONE,,,,,,,,a
https://www.rmd.ac.in/examcell/index.html,https://www.rmd.ac.in/examcell/index.html,../../examcell/index.html,,,,2,https://www.rmd.ac.in/dept/cse/index.html,,,,,,,DONE,,,,,,,,a
https://www.rmd.ac.in/computercenter/index.html,https://www.rmd.ac.in/computercenter/index.html,../../computercenter/index.html,,,,2,https://www.rmd.ac.in/dept/cse/index.html,,,,,,,DONE,,,,,,,,a
https://www.rmd.ac.in/library/index.html,https://www.rmd.ac.in/library/index.html,../../library/index.html,,,,2,https://www.rmd.ac.in/dept/cse/index.html,,,,,,,DONE,,,,,,,,a
https://www.rmd.ac.in/sports/index.html,https://www.rmd.ac.in/sports/index.html,../../sports/index.html,,,,2,https://www.rmd.ac.in/dept/cse/index.html,,,,,,,DONE,,,,,,,,a
https://www.rmd.ac.in/alumni/index.html,https://www.rmd.ac.in/alumni/index.html,../../alumni/index.html,,,,2,https://www.rmd.ac.in/dept/cse/index.html,,,,,,,DONE,,,,,,,,a
https://www.rmd.ac.in/Grievance/index.html,https://www.rmd.ac.in/Grievance/index.html,../../Grievance/index.html,,,,2,https://www.rmd.ac.in/dept/cse/index.html,,,,,,,DONE,,,,,,,,a
https://www.rmd.ac.in/dept/aiml/faculty.html,https://www.rmd.ac.in/dept/aiml/faculty.html,https://www.rmd.ac.in/dept/aiml/faculty.html,200,https://www.rmd.ac.in/dept/aiml/faculty.html,RMD ENGINEERING COLLEGE,2,,text/html,48469,2026-10-04 12:16:09,,,,OK,,html/dept/aiml/faculty.html,,,,,,
https://www.rmd.ac.in/dept/aiml/gv.html,https://www.rmd.ac.in/dept/aiml/gv.html,https://www.rmd.ac.in/dept/aiml/gv.html,200,https://www.rmd.ac.in/dept/aiml/gv.html,RMD ENGINEERING COLLEGE,2,,text/html,35179,2026-10-04 12:16:09,,,,OK,,html/dept/aiml/gv.html,,,,,,
https://www.rmd.ac.in/dept/aiml/higher.html,https://www.rmd.ac.in/dept/aiml/higher.html,https://www.rmd.ac.in/dept/aiml/higher.html,200,https://www.rmd.ac.in/dept/aiml/higher.html,RMD ENGINEERING COLLEGE,2,,text/html,22203,2026-10-04 12:16:09,,,,OK,,html/dept/aiml/higher.html,,,,,,
https://www.rmd.ac.in/dept/aiml/hod.html,https://www.rmd.ac.in/dept/aiml/hod.html,https://www.rmd.ac.in/dept/aiml/hod.html,200,https://www.rmd.ac.in/dept/aiml/hod.html,RMD ENGINEERING COLLEGE,2,,text/html,19160,2026-10-04 12:16:09,,,,OK,,html/dept/aiml/hod.html,,,,,,
https://www.rmd.ac.in/dept/aiml/iic.html,https://www.rmd.ac.in/dept/aiml/iic.html,https://www.rmd.ac.in/dept/aiml/iic.html,200,https://www.rmd.ac.in/dept/aiml/iic.html,RMD ENGINEERING COLLEGE,2,,text/html,28569,2026-10-04 12:16:10,,,,OK,,html/dept/aiml/iic.html,,,,,,
https://www.rmd.ac.in/dept/aiml/index.html,https://www.rmd.ac.in/dept/aiml/index.html,https://www.rmd.ac.in/dept/aiml/index.html,200,https://www.rmd.ac.in/dept/aiml/index.html,RMD ENGINEERING COLLEGE,2,,text/html,23522,2026-10-04 12:16:10,,,,OK,,html/dept/aiml/index.html,,,,,,
https://www.rmd.ac.in/dept/aiml/iv.html,https://www.rmd.ac.in/dept/aiml/iv.html,https://www.rmd.ac.in/dept/aiml/iv.html,200,https://www.rmd.ac.in/dept/aiml/iv.html,RMD ENGINEERING COLLEGE,2,,text/html,33793,2026-10-04 12:16:10,,,,OK,,html/dept/aiml/iv.html,,,,,,
https://www.rmd.ac.in/dept/aiml/notes.html,https://www.rmd.ac.in/dept/aiml/notes.html,https://www.rmd.ac.in/dept/aiml/notes.html,200,https://www.rmd.ac.in/dept/aiml/notes.html,RMD ENGINEERING COLLEGE,2,,text/html,36548,2026-10-04 12:16:10,,,,OK,,html/dept/aiml/notes.html,,,,,,
https://www.rmd.ac.in/dept/aiml/peo.html,https://www.rmd.ac.in/dept/aiml/peo.html,https://www.rmd.ac.in/dept/aiml/peo.html,200,https://www.rmd.ac.in/dept/aiml/peo.html,RMD ENGINEERING COLLEGE,2,,text/html,23056,2026-10-04 12:16:10,,,,OK,,html/dept/aiml/peo.html,,,,,,
https://www.rmd.ac.in/dept/aiml/plac.html,https://www.rmd.ac.in/dept/aiml/plac.html,https://www.rmd.ac.in/dept/aiml/plac.html,200,https://www.rmd.ac.in/dept/aiml/plac.html,RMD ENGINEERING COLLEGE,2,,text/html,28508,2026-10-04 12:16:10,,,,OK,,html/dept/aiml/plac.html,,,,,,
https://www.rmd.ac.in/dept/aiml/qo.html,https://www.rmd.ac.in/dept/aiml/qo.html,https://www.rmd.ac.in/dept/aiml/qo.html,200,https://www.rmd.ac.in/dept/aiml/qo.html,RMD ENGINEERING COLLEGE,2,,text/html,17512,2026-10-04 12:16:10,,,,OK,,html/dept/aiml/qo.html,,,,,,
https://www.rmd.ac.in/dept/aiml/research.html,https://www.rmd.ac.in/dept/aiml/research.html,https://www.rmd.ac.in/dept/aiml/research.html,200,https://www.rmd.ac.in/dept/aiml/research.html,RMD ENGINEERING COLLEGE,2,,text/html,22065,2026-10-04 12:16:10,,,,OK,,html/dept/aiml/research.html,,,,,,
https://www.rmd.ac.in/dept/aiml/timetable.html,https://www.rmd.ac.in/dept/aiml/timetable.html,https://www.rmd.ac.in/dept/aiml/timetable.html,200,https://www.rmd.ac.in/dept/aiml/timetable.html,RMD ENGINEERING COLLEGE,2,,text/html,17530,2026-10-04 12:16:10,,,,OK,,html/dept/aiml/timetable.html,,,,,,
https://www.rmd.ac.in/dept/aiml/vm.html,https://www.rmd.ac.in/dept/aiml/vm.html,https://www.rmd.ac.in/dept/aiml/vm.html,200,https://www.rmd.ac.in/dept/aiml/vm.html,RMD ENGINEERING COLLEGE,2,,text/html,18961,2026-10-04 12:16:10,,,,OK,,html/dept/aiml/vm.html,,,,,,
https://www.rmd.ac.in/dept/csbs/awards.html,https://www.rmd.ac.in/dept/csbs/awards.html,https://www.rmd.ac.in/dept/csbs/awards.html,200,https://www.rmd.ac.in/dept/csbs/awards.html,RMD ENGINEERING COLLEGE,2,,text/html,19327,2026-10-04 12:16:10,,,,OK,,html/dept/csbs/awards.html,,,,,,
https://www.rmd.ac.in/dept/csbs/faculty.html,https://www.rmd.ac.in/dept/csbs/faculty.html,https://www.rmd.ac.in/dept/csbs/faculty.html,200,https://www.rmd.ac.in/dept/csbs/faculty.html,RMD ENGINEERING COLLEGE,2,,text/html,46757,2026-10-04 12:16:10,,,,OK,,html/dept/csbs/faculty.html,,,,,,
https://www.rmd.ac.in/dept/csbs/gv.html,https://www.rmd.ac.in/dept/csbs/gv.html,https://www.rmd.ac.in/dept/csbs/gv.html,200,https://www.rmd.ac.in/dept/csbs/gv.html,RMD ENGINEERING COLLEGE,2,,text/html,42309,2026-10-04 12:16:10,,,,OK,,html/dept/csbs/gv.html,,,,,,
https://www.rmd.ac.in/dept/csbs/hod.html,https://www.rmd.ac.in/dept/csbs/hod.html,https://www.rmd.ac.in/dept/csbs/hod.html,200,https://www.rmd.ac.in/dept/csbs/hod.html,RMD ENGINEERING COLLEGE,2,,text/html,21038,2026-10-04 12:16:10,,,,OK,,html/dept/csbs/hod.html,,,,,,
https://www.rmd.ac.in/dept/csbs/iic.html,https://www.rmd.ac.in/dept/csbs/iic.html,https://www.rmd.ac.in/dept/csbs/iic.html,200,https://www.rmd.ac.in/dept/csbs/iic.html,RMD ENGINEERING COLLEGE,2,,text/html,38436,2026-10-04 12:16:10,,,,OK,,html/dept/csbs/iic.html,,,,,,
https://www.rmd.ac.in/dept/csbs/index.html,https://www.rmd.ac.in/dept/csbs/index.html,https://www.rmd.ac.in/dept/csbs/index.html,200,https://www.rmd.ac.in/dept/csbs/index.html,RMD ENGINEERING COLLEGE,2,,text/html,24251,2026-10-04 12:16:10,,,,OK,,html/dept/csbs/index.html,,,,,,
https://www.rmd.ac.in/dept/csbs/iv.html,https://www.rmd.ac.in/dept/csbs/iv.html,https://www.rmd.ac.in/dept/csbs/iv.html,200,https://www.rmd.ac.in/dept/csbs/iv.html,RMD ENGINEERING COLLEGE,2,,text/html,42376,2026-10-04 12:16:10,,,,OK,,html/dept/csbs/iv.html,,,,,,
https://www.rmd.ac.in/dept/csbs/lab.html,https://www.rmd.ac.in/dept/csbs/lab.html,https://www.rmd.ac.in/dept/csbs/lab.html,200,https://www.rmd.ac.in/dept/csbs/lab.html,RMD ENGINEERING COLLEGE,2,,text/html,22154,2026-10-04 12:16:10,,,,OK,,html/dept/csbs/lab.html,,,,,,
https://www.rmd.ac.in/dept/csbs/newsletter.html,https://www.rmd.ac.in/dept/csbs/newsletter.html,https://www.rmd.ac.in/dept/csbs/newsletter.html,200,https://www.rmd.ac.in/dept/csbs/newsletter.html,RMD ENGINEERING COLLEGE,2,,text/html,21315,2026-10-04 12:16:11,,,,OK,,html/dept/csbs/newsletter.html,,,,,,
https://www.rmd.ac.in/dept/csbs/notes.html,https://www.rmd.ac.in/dept/csbs/notes.html,https://www.rmd.ac.in/dept/csbs/notes.html,200,https://www.rmd.ac.in/dept/csbs/notes.html,RMD ENGINEERING COLLEGE,2,,text/html,44534,2026-10-04 12:16:11,,,,OK,,html/dept/csbs/notes.html,,,,,,
https://www.rmd.ac.in/dept/csbs/peo.html,https://www.rmd.ac.in/dept/csbs/peo.html,https://www.rmd.ac.in/dept/csbs/peo.html,200,https://www.rmd.ac.in/dept/csbs/peo.html,RMD ENGINEERING COLLEGE,2,,text/html,23840,2026-10-04 12:16:11,,,,OK,,html/dept/csbs/peo.html,,,,,,
https://www.rmd.ac.in/dept/csbs/prof.html,https://www.rmd.ac.in/dept/csbs/prof.html,https://www.rmd.ac.in/dept/csbs/prof.html,200,https://www.rmd.ac.in/dept/csbs/prof.html,RMD ENGINEERING COLLEGE,2,,text/html,20795,2026-10-04 12:16:11,,,,OK,,html/dept/csbs/prof.html,,,,,,
https://www.rmd.ac.in/dept/csbs/qo.html,https://www.rmd.ac.in/dept/csbs/qo.html,https://www.rmd.ac.in/dept/csbs/qo.html,200,https://www.rmd.ac.in/dept/csbs/qo.html,RMD ENGINEERING COLLEGE,2,,text/html,18661,2026-10-04 12:16:11,,,,OK,,html/dept/csbs/qo.html,,,,,,
https://www.rmd.ac.in/dept/csbs/research.html,https://www.rmd.ac.in/dept/csbs/research.html,https://www.rmd.ac.in/dept/csbs/research.html,200,https://www.rmd.ac.in/dept/csbs/research.html,RMD ENGINEERING COLLEGE,2,,text/html,23875,2026-10-04 12:16:11,,,,OK,,html/dept/csbs/research.html,,,,,,
https://www.rmd.ac.in/dept/csbs/socc.html,https://www.rmd.ac.in/dept/csbs/socc.html,https://www.rmd.ac.in/dept/csbs/socc.html,200,https://www.rmd.ac.in/dept/csbs/socc.html,RMD ENGINEERING COLLEGE,2,,text/html,159498,2026-10-04 12:16:11,,,,OK,,html/dept/csbs/socc.html,,,,,,
https://www.rmd.ac.in/dept/csbs/stuachivement.html,https://www.rmd.ac.in/dept/csbs/stuachivement.html,https://www.rmd.ac.in/dept/csbs/stuachivement.html,200,https://www.rmd.ac.in/dept/csbs/stuachivement.html,RMD ENGINEERING COLLEGE,2,,text/html,108279,2026-10-04 12:16:11,,,,OK,,html/dept/csbs/stuachivement.html,,,,,,
https://www.rmd.ac.in/dept/csbs/timetable.html,https://www.rmd.ac.in/dept/csbs/timetable.html,https://www.rmd.ac.in/dept/csbs/timetable.html,200,https://www.rmd.ac.in/dept/csbs/timetable.html,RMD ENGINEERING COLLEGE,2,,text/html,18165,2026-10-04 12:16:11,,,,OK,,html/dept/csbs/timetable.html,,,,,,
https://www.rmd.ac.in/dept/csbs/vm.html,https://www.rmd.ac.in/dept/csbs/vm.html,https://www.rmd.ac.in/dept/csbs/vm.html,200,https://www.rmd.ac.in/dept/csbs/vm.html,RMD ENGINEERING COLLEGE,2,,text/html,19374,2026-10-04 12:16:11,,,,OK,,html/dept/csbs/vm.html,,,,,,
https://www.rmd.ac.in/dept/csbs/webinar.html,https://www.rmd.ac.in/dept/csbs/webinar.html,https://www.rmd.ac.in/dept/csbs/webinar.html,200,https://www.rmd.ac.in/dept/csbs/webinar.html,RMD ENGINEERING COLLEGE,2,,text/html,20807,2026-10-04 12:16:11,,,,OK,,html/dept/csbs/webinar.html,,,,,,
https://www.rmd.ac.in/dept/csbs/youtubematerial.html,https://www.rmd.ac.in/dept/csbs/youtubematerial.html,https://www.rmd.ac.in/dept/csbs/youtubematerial.html,200,https://www.rmd.ac.in/dept/csbs/youtubematerial.html,RMD ENGINEERING COLLEGE,2,,text/html,21323,2026-10-04 12:16:11,,,,OK,,html/dept/csbs/youtubematerial.html,,,,,,
https://www.rmd.ac.in/dept/cse/index.html,https://www.rmd.ac.in/dept/cse/index.html,https://www.rmd.ac.in/dept/cse/index.html,200,https://www.rmd.ac.in/dept/cse/index.html,RMD ENGINEERING COLLEGE,2,,text/html,30598,2026-10-04 12:16:12,,,,OK,,html/dept/cse/index.html,,,,,,
https://www.rmd.ac.in/dept/ece/activities.html,https://www.rmd.ac.in/dept/ece/activities.html,https://www.rmd.ac.in/dept/ece/activities.html,200,https://www.rmd.ac.in/dept/ece/activities.html,RMD ENGINEERING COLLEGE,2,,text/html,111491,2026-10-04 12:16:16,,,,OK,,html/dept/ece/activities.html,,,,,,
https://www.rmd.ac.in/dept/ece/awards.html,https://www.rmd.ac.in/dept/ece/awards.html,https://www.rmd.ac.in/dept/ece/awards.html,200,https://www.rmd.ac.in/dept/ece/awards.html,RMD ENGINEERING COLLEGE,2,,text/html,292002,2026-10-04 12:16:16,,,,OK,,html/dept/ece/awards.html,,,,,,
https://www.rmd.ac.in/dept/ece/cos.html,https://www.rmd.ac.in/dept/ece/cos.html,https://www.rmd.ac.in/dept/ece/cos.html,200,https://www.rmd.ac.in/dept/ece/cos.html,RMD ENGINEERING COLLEGE,2,,text/html,18296,2026-10-04 12:16:16,,,,OK,,html/dept/ece/cos.html,,,,,,
https://www.rmd.ac.in/dept/ece/ds.html,https://www.rmd.ac.in/dept/ece/ds.html,https://www.rmd.ac.in/dept/ece/ds.html,200,https://www.rmd.ac.in/dept/ece/ds.html,RMD ENGINEERING COLLEGE,2,,text/html,18300,2026-10-04 12:16:16,,,,OK,,html/dept/ece/ds.html,,,,,,
https://www.rmd.ac.in/dept/ece/faculty.html,https://www.rmd.ac.in/dept/ece/faculty.html,https://www.rmd.ac.in/dept/ece/faculty.html,200,https://www.rmd.ac.in/dept/ece/faculty.html,RMD ENGINEERING COLLEGE,2,,text/html,79338,2026-10-04 12:16:16,,,,OK,,html/dept/ece/faculty.html,,,,,,
https://www.rmd.ac.in/dept/ece/gv.html,https://www.rmd.ac.in/dept/ece/gv.html,https://www.rmd.ac.in/dept/ece/gv.html,200,https://www.rmd.ac.in/dept/ece/gv.html,RMD ENGINEERING COLLEGE,2,,text/html,55513,2026-10-04 12:16:16,,,,OK,,html/dept/ece/gv.html,,,,,,
https://www.rmd.ac.in/dept/ece/higher.html,https://www.rmd.ac.in/dept/ece/higher.html,https://www.rmd.ac.in/dept/ece/higher.html,200,https://www.rmd.ac.in/dept/ece/higher.html,RMD ENGINEERING COLLEGE,2,,text/html,79628,2026-10-04 12:16:16,,,,OK,,html/dept/ece/higher.html,,,,,,
https://www.rmd.ac.in/dept/ece/hod.html,https://www.rmd.ac.in/dept/ece/hod.html,https://www.rmd.ac.in/dept/ece/hod.html,200,https://www.rmd.ac.in/dept/ece/hod.html,RMD ENGINEERING COLLEGE,2,,text/html,20587,2026-10-04 12:16:16,,,,OK,,html/dept/ece/hod.html,,,,,,
https://www.rmd.ac.in/dept/ece/index.html,https://www.rmd.ac.in/dept/ece/index.html,https://www.rmd.ac.in/dept/ece/index.html,200,https://www.rmd.ac.in/dept/ece/index.html,RMD ENGINEERING COLLEGE,2,,text/html,22652,2026-10-04 12:16:16,,,,OK,,html/dept/ece/index.html,,,,,,
https://www.rmd.ac.in/dept/ece/iv.html,https://www.rmd.ac.in/dept/ece/iv.html,https://www.rmd.ac.in/dept/ece/iv.html,200,https://www.rmd.ac.in/dept/ece/iv.html,RMD ENGINEERING COLLEGE,2,,text/html,75375,2026-10-04 12:16:16,,,,OK,,html/dept/ece/iv.html,,,,,,
https://www.rmd.ac.in/dept/ece/lab.html,https://www.rmd.ac.in/dept/ece/lab.html,https://www.rmd.ac.in/dept/ece/lab.html,200,https://www.rmd.ac.in/dept/ece/lab.html,RMD ENGINEERING COLLEGE,2,,text/html,25697,2026-10-04 12:16:16,,,,OK,,html/dept/ece/lab.html,,,,,,
https://www.rmd.ac.in/dept/ece/onlinecourse.html,https://www.rmd.ac.in/dept/ece/onlinecourse.html,https://www.rmd.ac.in/dept/ece/onlinecourse.html,200,https://www.rmd.ac.in/dept/ece/onlinecourse.html,RMD ENGINEERING COLLEGE,2,,text/html,20008,2026-10-04 12:16:16,,,,OK,,html/dept/ece/onlinecourse.html,,,,,,
https://www.rmd.ac.in/dept/ece/peo.html,https://www.rmd.ac.in/dept/ece/peo.html,https://www.rmd.ac.in/dept/ece/peo.html,200,https://www.rmd.ac.in/dept/ece/peo.html,RMD ENGINEERING COLLEGE,2,,text/html,24629,2026-10-04 12:16:17,,,,OK,,html/dept/ece/peo.html,,,,,,
https://www.rmd.ac.in/dept/ece/plac.html,https://www.rmd.ac.in/dept/ece/plac.html,https://www.rmd.ac.in/dept/ece/plac.html,200,https://www.rmd.ac.in/dept/ece/plac.html,RMD ENGINEERING COLLEGE,2,,text/html,101781,2026-10-04 12:16:17,,,,OK,,html/dept/ece/plac.html,,,,,,
https://www.rmd.ac.in/dept/ece/prof.html,https://www.rmd.ac.in/dept/ece/prof.html,https://www.rmd.ac.in/dept/ece/prof.html,200,https://www.rmd.ac.in/dept/ece/prof.html,RMD ENGINEERING COLLEGE,2,,text/html,28761,2026-10-04 12:16:17,,,,OK,,html/dept/ece/prof.html,,,,,,
https://www.rmd.ac.in/dept/ece/qo.html,https://www.rmd.ac.in/dept/ece/qo.html,https://www.rmd.ac.in/dept/ece/qo.html,200,https://www.rmd.ac.in/dept/ece/qo.html,RMD ENGINEERING COLLEGE,2,,text/html,18299,2026-10-04 12:16:17,,,,OK,,html/dept/ece/qo.html,,,,,,
https://www.rmd.ac.in/dept/ece/rank.html,https://www.rmd.ac.in/dept/ece/rank.html,https://www.rmd.ac.in/dept/ece/rank.html,200,https://www.rmd.ac.in/dept/ece/rank.html,RMD ENGINEERING COLLEGE,2,,text/html,43270,2026-10-04 12:16:17,,,,OK,,html/dept/ece/rank.html,,,,,,
https://www.rmd.ac.in/dept/ece/research.html,https://www.rmd.ac.in/dept/ece/research.html,https://www.rmd.ac.in/dept/ece/research.html,200,https://www.rmd.ac.in/dept/ece/research.html,RMD ENGINEERING COLLEGE,2,,text/html,28186,2026-10-04 12:16:17,,,,OK,,html/dept/ece/research.html,,,,,,
https://www.rmd.ac.in/dept/ece/timetable.html,https://www.rmd.ac.in/dept/ece/timetable.html,https://www.rmd.ac.in/dept/ece/timetable.html,200,https://www.rmd.ac.in/dept/ece/timetable.html,RMD ENGINEERING COLLEGE,2,,text/html,18294,2026-10-04 12:16:17,,,,OK,,html/dept/ece/timetable.html,,,,,,
https://www.rmd.ac.in/dept/ece/vm.html,https://www.rmd.ac.in/dept/ece/vm.html,https://www.rmd.ac.in/dept/ece/vm.html,200,https://www.rmd.ac.in/dept/ece/vm.html,RMD ENGINEERING COLLEGE,2,,text/html,19599,2026-10-04 12:16:17,,,,OK,,html/dept/ece/vm.html,,,,,,
https://www.rmd.ac.in/dept/ece/webinar.html,https://www.rmd.ac.in/dept/ece/webinar.html,https://www.rmd.ac.in/dept/ece/webinar.html,200,https://www.rmd.ac.in/dept/ece/webinar.html,RMD ENGINEERING COLLEGE,2,,text/html,41891,2026-10-04 12:16:17,,,,OK,,html/dept/ece/webinar.html,,,,,,
https://www.rmd.ac.in/dept/ece/youtubematerial.html,https://www.rmd.ac.in/dept/ece/youtubematerial.html,https://www.rmd.ac.in/dept/ece/youtubematerial.html,200,https://www.rmd.ac.in/dept/ece/youtubematerial.html,RMD ENGINEERING COLLEGE,2,,text/html,18297,2026-10-04 12:16:17,,,,OK,,html/dept/ece/youtubematerial.html,,,,,,
https://www.rmd.ac.in/dept/ece/research/helenprabha.html,https://www.rmd.ac.in/dept/ece/research/helenprabha.html,https://www.rmd.ac.in/dept/ece/research/helenprabha.html,200,https://www.rmd.ac.in/dept/ece/research/helenprabha.html,RMD ENGINEERING COLLEGE,2,,text/html,25099,2026-10-04 12:16:17,,,,OK,,html/dept/ece/research/helenprabha.html,,,,,,
https://www.rmd.ac.in/dept/ece/research/thyagharajan.html,https://www.rmd.ac.in/dept/ece/research/thyagharajan.html,https://www.rmd.ac.in/dept/ece/research/thyagharajan.html,200,https://www.rmd.ac.in/dept/ece/research/thyagharajan.html,RMD ENGINEERING COLLEGE,2,,text/html,20997,2026-10-04 12:16:17,,,,OK,,html/dept/ece/research/thyagharajan.html,,,,,,
https://www.rmd.ac.in/dept/eee/index.html,https://www.rmd.ac.in/dept/eee/index.html,https://www.rmd.ac.in/dept/eee/index.html,200,https://www.rmd.ac.in/dept/eee/index.html,RMD ENGINEERING COLLEGE,2,,text/html,24140,2026-10-04 12:16:17,,,,OK,,html/dept/eee/index.html,,,,,,
https://www.rmd.ac.in/dept/it/activities.html,https://www.rmd.ac.in/dept/it/activities.html,https://www.rmd.ac.in/dept/it/activities.html,200,https://www.rmd.ac.in/dept/it/activities.html,RMD ENGINEERING COLLEGE,2,,text/html,54103,2026-10-04 12:16:17,,,,OK,,html/dept/it/activities.html,,,,,,
https://www.rmd.ac.in/dept/it/awards.html,https://www.rmd.ac.in/dept/it/awards.html,https://www.rmd.ac.in/dept/it/awards.html,200,https://www.rmd.ac.in/dept/it/awards.html,RMD ENGINEERING COLLEGE,2,,text/html,34436,2026-10-04 12:16:18,,,,OK,,html/dept/it/awards.html,,,,,,
https://www.rmd.ac.in/dept/it/cos.html,https://www.rmd.ac.in/dept/it/cos.html,https://www.rmd.ac.in/dept/it/cos.html,200,https://www.rmd.ac.in/dept/it/cos.html,RMD ENGINEERING COLLEGE,2,,text/html,18861,2026-10-04 12:16:18,,,,OK,,html/dept/it/cos.html,,,,,,
https://www.rmd.ac.in/dept/it/ds.html,https://www.rmd.ac.in/dept/it/ds.html,https://www.rmd.ac.in/dept/it/ds.html,200,https://www.rmd.ac.in/dept/it/ds.html,RMD ENGINEERING COLLEGE,2,,text/html,18345,2026-10-04 12:16:18,,,,OK,,html/dept/it/ds.html,,,,,,
https://www.rmd.ac.in/dept/it/faculty.html,https://www.rmd.ac.in/dept/it/faculty.html,https://www.rmd.ac.in/dept/it/faculty.html,200,https://www.rmd.ac.in/dept/it/faculty.html,RMD ENGINEERING COLLEGE,2,,text/html,48750,2026-10-04 12:16:18,,,,OK,,html/dept/it/faculty.html,,,,,,
https://www.rmd.ac.in/dept/it/gv.html,https://www.rmd.ac.in/dept/it/gv.html,https://www.rmd.ac.in/dept/it/gv.html,200,https://www.rmd.ac.in/dept/it/gv.html,RMD ENGINEERING COLLEGE,2,,text/html,35254,2026-10-04 12:16:18,,,,OK,,html/dept/it/gv.html,,,,,,
https://www.rmd.ac.in/dept/it/higher.html,https://www.rmd.ac.in/dept/it/higher.html,https://www.rmd.ac.in/dept/it/higher.html,200,https://www.rmd.ac.in/dept/it/higher.html,RMD ENGINEERING COLLEGE,2,,text/html,36117,2026-10-04 12:16:18,,,,OK,,html/dept/it/higher.html,,,,,,
https://www.rmd.ac.in/dept/it/hod.html,https://www.rmd.ac.in/dept/it/hod.html,https://www.rmd.ac.in/dept/it/hod.html,200,https://www.rmd.ac.in/dept/it/hod.html,RMD ENGINEERING COLLEGE,2,,text/html,20007,2026-10-04 12:16:18,,,,OK,,html/dept/it/hod.html,,,,,,
https://www.rmd.ac.in/dept/it/index.html,https://www.rmd.ac.in/dept/it/index.html,https://www.rmd.ac.in/dept/it/index.html,200,https://www.rmd.ac.in/dept/it/index.html,RMD ENGINEERING COLLEGE,2,,text/html,23213,2026-10-04 12:16:18,,,,OK,,html/dept/it/index.html,,,,,,
https://www.rmd.ac.in/dept/it/iv.html,https://www.rmd.ac.in/dept/it/iv.html,https://www.rmd.ac.in/dept/it/iv.html,200,https://www.rmd.ac.in/dept/it/iv.html,RMD ENGINEERING COLLEGE,2,,text/html,34586,2026-10-04 12:16:18,,,,OK,,html/dept/it/iv.html,,,,,,
https://www.rmd.ac.in/dept/it/lab.html,https://www.rmd.ac.in/dept/it/lab.html,https://www.rmd.ac.in/dept/it/lab.html,200,https://www.rmd.ac.in/dept/it/lab.html,RMD ENGINEERING COLLEGE,2,,text/html,19546,2026-10-04 12:16:18,,,,OK,,html/dept/it/lab.html,,,,,,
https://www.rmd.ac.in/dept/it/notes.html,https://www.rmd.ac.in/dept/it/notes.html,https://www.rmd.ac.in/dept/it/notes.html,200,https://www.rmd.ac.in/dept/it/notes.html,RMD ENGINEERING COLLEGE,2,,text/html,38479,2026-10-04 12:16:18,,,,OK,,html/dept/it/notes.html,,,,,,
https://www.rmd.ac.in/dept/it/onlinecourse.html,https://www.rmd.ac.in/dept/it/onlinecourse.html,https://www.rmd.ac.in/dept/it/onlinecourse.html,200,https://www.rmd.ac.in/dept/it/onlinecourse.html,RMD ENGINEERING COLLEGE,2,,text/html,67837,2026-10-04 12:16:18,,,,OK,,html/dept/it/onlinecourse.html,,,,,,
https://www.rmd.ac.in/dept/it/peo.html,https://www.rmd.ac.in/dept/it/peo.html,https://www.rmd.ac.in/dept/it/peo.html,200,https://www.rmd.ac.in/dept/it/peo.html,RMD ENGINEERING COLLEGE,2,,text/html,25546,2026-10-04 12:16:18,,,,OK,,html/dept/it/peo.html,,,,,,
https://www.rmd.ac.in/dept/it/plac.html,https://www.rmd.ac.in/dept/it/plac.html,https://www.rmd.ac.in/dept/it/plac.html,200,https://www.rmd.ac.in/dept/it/plac.html,RMD ENGINEERING COLLEGE,2,,text/html,50168,2026-10-04 12:16:18,,,,OK,,html/dept/it/plac.html,,,,,,
https://www.rmd.ac.in/dept/it/prof.html,https://www.rmd.ac.in/dept/it/prof.html,https://www.rmd.ac.in/dept/it/prof.html,200,https://www.rmd.ac.in/dept/it/prof.html,RMD ENGINEERING COLLEGE,2,,text/html,21324,2026-10-04 12:16:19,,,,OK,,html/dept/it/prof.html,,,,,,
https://www.rmd.ac.in/dept/it/qo.html,https://www.rmd.ac.in/dept/it/qo.html,https://www.rmd.ac.in/dept/it/qo.html,200,https://www.rmd.ac.in/dept/it/qo.html,RMD ENGINEERING COLLEGE,2,,text/html,18214,2026-10-04 12:16:19,,,,OK,,html/dept/it/qo.html,,,,,,
https://www.rmd.ac.in/dept/it/rank.html,https://www.rmd.ac.in/dept/it/rank.html,https://www.rmd.ac.in/dept/it/rank.html,200,https://www.rmd.ac.in/dept/it/rank.html,RMD ENGINEERING COLLEGE,2,,text/html,44342,2026-10-04 12:16:19,,,,OK,,html/dept/it/rank.html,,,,,,
https://www.rmd.ac.in/dept/it/research.html,https://www.rmd.ac.in/dept/it/research.html,https://www.rmd.ac.in/dept/it/research.html,200,https://www.rmd.ac.in/dept/it/research.html,RMD ENGINEERING COLLEGE,2,,text/html,22193,2026-10-04 12:16:19,,,,OK,,html/dept/it/research.html,,,,,,
https://www.rmd.ac.in/dept/it/timetable.html,https://www.rmd.ac.in/dept/it/timetable.html,https://www.rmd.ac.in/dept/it/timetable.html,200,https://www.rmd.ac.in/dept/it/timetable.html,RMD ENGINEERING COLLEGE,2,,text/html,18639,2026-10-04 12:16:19,,,,OK,,html/dept/it/timetable.html,,,,,,
https://www.rmd.ac.in/dept/it/vm.html,https://www.rmd.ac.in/dept/it/vm.html,https://www.rmd.ac.in/dept/it/vm.html,200,https://www.rmd.ac.in/dept/it/vm.html,RMD ENGINEERING COLLEGE,2,,text/html,19605,2026-10-04 12:16:19,,,,OK,,html/dept/it/vm.html,,,,,,
https://www.rmd.ac.in/dept/it/webinar.html,https://www.rmd.ac.in/dept/it/webinar.html,https://www.rmd.ac.in/dept/it/webinar.html,200,https://www.rmd.ac.in/dept/it/webinar.html,RMD ENGINEERING COLLEGE,2,,text/html,44069,2026-10-04 12:16:19,,,,OK,,html/dept/it/webinar.html,,,,,,
https://www.rmd.ac.in/dept/it/youtubematerial.html,https://www.rmd.ac.in/dept/it/youtubematerial.html,https://www.rmd.ac.in/dept/it/youtubematerial.html,200,https://www.rmd.ac.in/dept/it/youtubematerial.html,RMD ENGINEERING COLLEGE,2,,text/html,18217,2026-10-04 12:16:19,,,,OK,,html/dept/it/youtubematerial.html,,,,,,
https://www.rmd.ac.in/dept/snh/activities.html,https://www.rmd.ac.in/dept/snh/activities.html,https://www.rmd.ac.in/dept/snh/activities.html,200,https://www.rmd.ac.in/dept/snh/activities.html,RMD ENGINEERING COLLEGE,2,,text/html,27004,2026-10-04 12:16:19,,,,OK,,html/dept/snh/activities.html,,,,,,
https://www.rmd.ac.in/dept/snh/awards.html,https://www.rmd.ac.in/dept/snh/awards.html,https://www.rmd.ac.in/dept/snh/awards.html,200,https://www.rmd.ac.in/dept/snh/awards.html,RMD ENGINEERING COLLEGE,2,,text/html,25799,2026-10-04 12:16:19,,,,OK,,html/dept/snh/awards.html,,,,,,
https://www.rmd.ac.in/dept/snh/co.html,https://www.rmd.ac.in/dept/snh/co.html,https://www.rmd.ac.in/dept/snh/co.html,200,https://www.rmd.ac.in/dept/snh/co.html,RMD ENGINEERING COLLEGE,2,,text/html,17653,2026-10-04 12:16:19,,,,OK,,html/dept/snh/co.html,,,,,,
https://www.rmd.ac.in/dept/snh/faculty.html,https://www.rmd.ac.in/dept/snh/faculty.html,https://www.rmd.ac.in/dept/snh/faculty.html,200,https://www.rmd.ac.in/dept/snh/faculty.html,RMD ENGINEERING COLLEGE,2,,text/html,141744,2026-10-04 12:16:19,,,,OK,,html/dept/snh/faculty.html,,,,,,
https://www.rmd.ac.in/dept/snh/ftp.html,https://www.rmd.ac.in/dept/snh/ftp.html,https://www.rmd.ac.in/dept/snh/ftp.html,200,https://www.rmd.ac.in/dept/snh/ftp.html,RMD ENGINEERING COLLEGE,2,,text/html,36321,2026-10-04 12:16:19,,,,OK,,html/dept/snh/ftp.html,,,,,,
https://www.rmd.ac.in/dept/snh/hod.html,https://www.rmd.ac.in/dept/snh/hod.html,https://www.rmd.ac.in/dept/snh/hod.html,200,https://www.rmd.ac.in/dept/snh/hod.html,RMD ENGINEERING COLLEGE,2,,text/html,19409,2026-10-04 12:16:19,,,,OK,,html/dept/snh/hod.html,,,,,,
https://www.rmd.ac.in/dept/snh/index.html,https://www.rmd.ac.in/dept/snh/index.html,https://www.rmd.ac.in/dept/snh/index.html,200,https://www.rmd.ac.in/dept/snh/index.html,RMD ENGINEERING COLLEGE,2,,text/html,23877,2026-10-04 12:16:19,,,,OK,,html/dept/snh/index.html,,,,,,
https://www.rmd.ac.in/dept/snh/lab.html,https://www.rmd.ac.in/dept/snh/lab.html,https://www.rmd.ac.in/dept/snh/lab.html,200,https://www.rmd.ac.in/dept/snh/lab.html,RMD ENGINEERING COLLEGE,2,,text/html,19031,2026-10-04 12:16:19,,,,OK,,html/dept/snh/lab.html,,,,,,
https://www.rmd.ac.in/dept/snh/notes.html,https://www.rmd.ac.in/dept/snh/notes.html,https://www.rmd.ac.in/dept/snh/notes.html,200,https://www.rmd.ac.in/dept/snh/notes.html,RMD ENGINEERING COLLEGE,2,,text/html,68412,2026-10-04 12:16:20,,,,OK,,html/dept/snh/notes.html,,,,,,
https://www.rmd.ac.in/dept/snh/onlinecourse.html,https://www.rmd.ac.in/dept/snh/onlinecourse.html,https://www.rmd.ac.in/dept/snh/onlinecourse.html,200,https://www.rmd.ac.in/dept/snh/onlinecourse.html,RMD ENGINEERING COLLEGE,2,,text/html,202624,2026-10-04 12:16:20,,,,OK,,html/dept/snh/onlinecourse.html,,,,,,
https://www.rmd.ac.in/dept/snh/peo.html,https://www.rmd.ac.in/dept/snh/peo.html,https://www.rmd.ac.in/dept/snh/peo.html,200,https://www.rmd.ac.in/dept/snh/peo.html,RMD ENGINEERING COLLEGE,2,,text/html,23057,2026-10-04 12:16:20,,,,OK,,html/dept/snh/peo.html,,,,,,
https://www.rmd.ac.in/dept/snh/prof.html,https://www.rmd.ac.in/dept/snh/prof.html,https://www.rmd.ac.in/dept/snh/prof.html,200,https://www.rmd.ac.in/dept/snh/prof.html,RMD ENGINEERING COLLEGE,2,,text/html,35798,2026-10-04 12:16:20,,,,OK,,html/dept/snh/prof.html,,,,,,
https://www.rmd.ac.in/dept/snh/research.html,https://www.rmd.ac.in/dept/snh/research.html,https://www.rmd.ac.in/dept/snh/research.html,200,https://www.rmd.ac.in/dept/snh/research.html,RMD ENGINEERING COLLEGE,2,,text/html,25911,2026-10-04 12:16:20,,,,OK,,html/dept/snh/research.html,,,,,,
https://www.rmd.ac.in/dept/snh/vm.html,https://www.rmd.ac.in/dept/snh/vm.html,https://www.rmd.ac.in/dept/snh/vm.html,200,https://www.rmd.ac.in/dept/snh/vm.html,RMD ENGINEERING COLLEGE,2,,text/html,18696,2026-10-04 12:16:20,,,,OK,,html/dept/snh/vm.html,,,,,,
https://www.rmd.ac.in/dept/snh/webinar.html,https://www.rmd.ac.in/dept/snh/webinar.html,https://www.rmd.ac.in/dept/snh/webinar.html,200,https://www.rmd.ac.in/dept/snh/webinar.html,RMD ENGINEERING COLLEGE,2,,text/html,36682,2026-10-04 12:16:20,,,,OK,,html/dept/snh/webinar.html,,,,,,
https://www.rmd.ac.in/dept/snh/youtubematerial.html,https://www.rmd.ac.in/dept/snh/youtubematerial.html,https://www.rmd.ac.in/dept/snh/youtubematerial.html,200,https://www.rmd.ac.in/dept/snh/youtubematerial.html,RMD ENGINEERING COLLEGE,2,,text/html,17758,2026-10-04 12:16:20,,,,OK,,html/dept/snh/youtubematerial.html,,,,,,
https://www.rmd.ac.in/ANTI-DRUG/Organogram.html,https://www.rmd.ac.in/ANTI-DRUG/Organogram.html,https://www.rmd.ac.in/ANTI-DRUG/Organogram.html,404,https://www.rmd.ac.in/ANTI-DRUG/Organogram.html,,2,,text/html; charset=iso-8859-1,,2026-10-04T11:35:35Z,,,,HTTP_ERROR,404,,,,,,,
https://www.rmd.ac.in/ANTI-DRUG/chairman.html,https://www.rmd.ac.in/ANTI-DRUG/chairman.html,https://www.rmd.ac.in/ANTI-DRUG/chairman.html,404,https://www.rmd.ac.in/ANTI-DRUG/chairman.html,,2,,text/html; charset=iso-8859-1,,2026-10-04T11:35:28Z,,,,HTTP_ERROR,404,,,,,,,
https://www.rmd.ac.in/ANTI-DRUG/deanresearch.html,https://www.rmd.ac.in/ANTI-DRUG/deanresearch.html,https://www.rmd.ac.in/ANTI-DRUG/deanresearch.html,404,https://www.rmd.ac.in/ANTI-DRUG/deanresearch.html,,2,,text/html; charset=iso-8859-1,,2026-10-04T11:35:34Z,,,,HTTP_ERROR,404,,,,,,,
https://www.rmd.ac.in/ANTI-DRUG/dept/dept.html,https://www.rmd.ac.in/ANTI-DRUG/dept/dept.html,https://www.rmd.ac.in/ANTI-DRUG/dept/dept.html,404,https://www.rmd.ac.in/ANTI-DRUG/dept/dept.html,,2,,text/html; charset=iso-8859-1,,2026-10-04T11:35:36Z,,,,HTTP_ERROR,404,,,,,,,
https://www.rmd.ac.in/ANTI-DRUG/examcell/index.html,https://www.rmd.ac.in/ANTI-DRUG/examcell/index.html,https://www.rmd.ac.in/ANTI-DRUG/examcell/index.html,,,,2,,,,,,,,ERROR,,,,,,,,
https://www.rmd.ac.in/ANTI-DRUG/governig.html,https://www.rmd.ac.in/ANTI-DRUG/governig.html,https://www.rmd.ac.in/ANTI-DRUG/governig.html,404,https://www.rmd.ac.in/ANTI-DRUG/governig.html,,2,,text/html; charset=iso-8859-1,,2026-10-04T11:35:32Z,,,,HTTP_ERROR,404,,,,,,,
https://www.rmd.ac.in/ANTI-DRUG/managementteam.html,https://www.rmd.ac.in/ANTI-DRUG/managementteam.html,https://www.rmd.ac.in/ANTI-DRUG/managementteam.html,404,https://www.rmd.ac.in/ANTI-DRUG/managementteam.html,,2,,text/html; charset=iso-8859-1,,2026-10-04T11:35:31Z,,,,HTTP_ERROR,404,,,,,,,
https://www.rmd.ac.in/ANTI-DRUG/principal.html,https://www.rmd.ac.in/ANTI-DRUG/principal.html,https://www.rmd.ac.in/ANTI-DRUG/principal.html,404,https://www.rmd.ac.in/ANTI-DRUG/principal.html,,2,,text/html; charset=iso-8859-1,,2026-10-04T11:35:33Z,,,,HTTP_ERROR,404,,,,,,,
https://www.rmd.ac.in/ANTI-DRUG/vc.html,https://www.rmd.ac.in/ANTI-DRUG/vc.html,https://www.rmd.ac.in/ANTI-DRUG/vc.html,404,https://www.rmd.ac.in/ANTI-DRUG/vc.html,,2,,text/html; charset=iso-8859-1,,2026-10-04T11:35:29Z,,,,HTTP_ERROR,404,,,,,,,
https://www.rmd.ac.in/Ariia/dept/dept.html,https://www.rmd.ac.in/Ariia/dept/dept.html,https://www.rmd.ac.in/Ariia/dept/dept.html,404,https://www.rmd.ac.in/Ariia/dept/dept.html,,2,,text/html; charset=iso-8859-1,,2026-10-04T11:30:07Z,,,,HTTP_ERROR,404,,,,,,,
https://www.rmd.ac.in/Ariia/index.html,https://www.rmd.ac.in/Ariia/index.html,https://www.rmd.ac.in/Ariia/index.html,,,,2,,,,,,,,ERROR,,,,,,,,
https://www.rmd.ac.in/Coding_club/dept/dept.html,https://www.rmd.ac.in/Coding_club/dept/dept.html,https://www.rmd.ac.in/Coding_club/dept/dept.html,404,https://www.rmd.ac.in/Coding_club/dept/dept.html,,2,,text/html; charset=iso-8859-1,,2026-10-04T11:40:57Z,,,,HTTP_ERROR,404,,,,,,,
https://www.rmd.ac.in/Cultural_club/dept/dept.html,https://www.rmd.ac.in/Cultural_club/dept/dept.html,https://www.rmd.ac.in/Cultural_club/dept/dept.html,404,https://www.rmd.ac.in/Cultural_club/dept/dept.html,,2,,text/html; charset=iso-8859-1,,2026-10-04T11:41:22Z,,,,HTTP_ERROR,404,,,,,,,
https://www.rmd.ac.in/Feedback/dept/dept.html,https://www.rmd.ac.in/Feedback/dept/dept.html,https://www.rmd.ac.in/Feedback/dept/dept.html,404,https://www.rmd.ac.in/Feedback/dept/dept.html,,2,,text/html; charset=iso-8859-1,,2026-10-04T11:37:29Z,,,,HTTP_ERROR,404,,,,,,,
https://www.rmd.ac.in/HE/Organogram.html,https://www.rmd.ac.in/HE/Organogram.html,https://www.rmd.ac.in/HE/Organogram.html,404,https://www.rmd.ac.in/HE/Organogram.html,,2,,text/html; charset=iso-8859-1,,2026-10-04T11:36:07Z,,,,HTTP_ERROR,404,,,,,,,
https://www.rmd.ac.in/HE/chairman.html,https://www.rmd.ac.in/HE/chairman.html,https://www.rmd.ac.in/HE/chairman.html,404,https://www.rmd.ac.in/HE/chairman.html,,2,,text/html; charset=iso-8859-1,,2026-10-04T11:35:59Z,,,,HTTP_ERROR,404,,,,,,,
https://www.rmd.ac.in/HE/deanresearch.html,https://www.rmd.ac.in/HE/deanresearch.html,https://www.rmd.ac.in/HE/deanresearch.html,404,https://www.rmd.ac.in/HE/deanresearch.html,,2,,text/html; charset=iso-8859-1,,2026-10-04T11:36:06Z,,,,HTTP_ERROR,404,,,,,,,
https://www.rmd.ac.in/HE/dept/dept.html,https://www.rmd.ac.in/HE/dept/dept.html,https://www.rmd.ac.in/HE/dept/dept.html,404,https://www.rmd.ac.in/HE/dept/dept.html,,2,,text/html; charset=iso-8859-1,,2026-10-04T11:36:08Z,,,,HTTP_ERROR,404,,,,,,,
https://www.rmd.ac.in/HE/examcell/index.html,https://www.rmd.ac.in/HE/examcell/index.html,https://www.rmd.ac.in/HE/examcell/index.html,,,,2,,,,,,,,ERROR,,,,,,,,
https://www.rmd.ac.in/HE/governig.html,https://www.rmd.ac.in/HE/governig.html,https://www.rmd.ac.in/HE/governig.html,404,https://www.rmd.ac.in/HE/governig.html,,2,,text/html; charset=iso-8859-1,,2026-10-04T11:36:04Z,,,,HTTP_ERROR,404,,,,,,,
https://www.rmd.ac.in/HE/managementteam.html,https://www.rmd.ac.in/HE/managementteam.html,https://www.rmd.ac.in/HE/managementteam.html,404,https://www.rmd.ac.in/HE/managementteam.html,,2,,text/html; charset=iso-8859-1,,2026-10-04T11:36:03Z,,,,HTTP_ERROR,404,,,,,,,
https://www.rmd.ac.in/HE/principal.html,https://www.rmd.ac.in/HE/principal.html,https://www.rmd.ac.in/HE/principal.html,404,https://www.rmd.ac.in/HE/principal.html,,2,,text/html; charset=iso-8859-1,,2026-10-04T11:36:05Z,,,,HTTP_ERROR,404,,,,,,,
https://www.rmd.ac.in/HE/vc.html,https://www.rmd.ac.in/HE/vc.html,https://www.rmd.ac.in/HE/vc.html,404,https://www.rmd.ac.in/HE/vc.html,,2,,text/html; charset=iso-8859-1,,2026-10-04T11:36:01Z,,,,HTTP_ERROR,404,,,,,,,
https://www.rmd.ac.in/IPR/dept/dept.html,https://www.rmd.ac.in/IPR/dept/dept.html,https://www.rmd.ac.in/IPR/dept/dept.html,404,https://www.rmd.ac.in/IPR/dept/dept.html,,2,,text/html; charset=iso-8859-1,,2026-10-04T11:39:52Z,,,,HTTP_ERROR,404,,,,,,,
https://www.rmd.ac.in/Idea_Lab/dept/dept.html,https://www.rmd.ac.in/Idea_Lab/dept/dept.html,https://www.rmd.ac.in/Idea_Lab/dept/dept.html,404,https://www.rmd.ac.in/Idea_Lab/dept/dept.html,,2,,text/html; charset=iso-8859-1,,2026-10-04T11:37:22Z,,,,HTTP_ERROR,404,,,,,,,
https://www.rmd.ac.in/Language_club/dept/dept.html,https://www.rmd.ac.in/Language_club/dept/dept.html,https://www.rmd.ac.in/Language_club/dept/dept.html,404,https://www.rmd.ac.in/Language_club/dept/dept.html,,2,,text/html; charset=iso-8859-1,,2026-10-04T11:41:03Z,,,,HTTP_ERROR,404,,,,,,,
https://www.rmd.ac.in/Photo_club/dept/dept.html,https://www.rmd.ac.in/Photo_club/dept/dept.html,https://www.rmd.ac.in/Photo_club/dept/dept.html,404,https://www.rmd.ac.in/Photo_club/dept/dept.html,,2,,text/html; charset=iso-8859-1,,2026-10-04T11:41:15Z,,,,HTTP_ERROR,404,,,,,,,
https://www.rmd.ac.in/Ring24/index.html,https://www.rmd.ac.in/Ring24/index.html,https://www.rmd.ac.in/Ring24/index.html,,,,2,,,,,,,,ERROR,,,,,,,,
https://www.rmd.ac.in/Science_club/dept/dept.html,https://www.rmd.ac.in/Science_club/dept/dept.html,https://www.rmd.ac.in/Science_club/dept/dept.html,404,https://www.rmd.ac.in/Science_club/dept/dept.html,,2,,text/html; charset=iso-8859-1,,2026-10-04T11:40:52Z,,,,HTTP_ERROR,404,,,,,,,
https://www.rmd.ac.in/Startup/dept/dept.html,https://www.rmd.ac.in/Startup/dept/dept.html,https://www.rmd.ac.in/Startup/dept/dept.html,404,https://www.rmd.ac.in/Startup/dept/dept.html,,2,,text/html; charset=iso-8859-1,,2026-10-04T11:39:34Z,,,,HTTP_ERROR,404,,,,,,,
https://www.rmd.ac.in/Tech_club/23-24/,https://www.rmd.ac.in/Tech_club/23-24/,https://www.rmd.ac.in/Tech_club/23-24/,403,https://www.rmd.ac.in/Tech_club/23-24/,,2,,text/html; charset=iso-8859-1,,2026-10-04T11:42:41Z,,,,HTTP_ERROR,403,,,,,,,
https://www.rmd.ac.in/Tech_club/dept/dept.html,https://www.rmd.ac.in/Tech_club/dept/dept.html,https://www.rmd.ac.in/Tech_club/dept/dept.html,404,https://www.rmd.ac.in/Tech_club/dept/dept.html,,2,,text/html; charset=iso-8859-1,,2026-10-04T11:40:46Z,,,,HTTP_ERROR,404,,,,,,,
https://www.rmd.ac.in/Techcrescenza,https://www.rmd.ac.in/Techcrescenza,https://www.rmd.ac.in/Techcrescenza,,,,2,,,,,,,,ERROR,,,,,,,,
https://www.rmd.ac.in/UHV_club/dept/dept.html,https://www.rmd.ac.in/UHV_club/dept/dept.html,https://www.rmd.ac.in/UHV_club/dept/dept.html,404,https://www.rmd.ac.in/UHV_club/dept/dept.html,,2,,text/html; charset=iso-8859-1,,2026-10-04T11:40:35Z,,,,HTTP_ERROR,404,,,,,,,
https://www.rmd.ac.in/aaa.html,https://www.rmd.ac.in/aaa.html,https://www.rmd.ac.in/aaa.html,404,https://www.rmd.ac.in/aaa.html,,2,,text/html; charset=iso-8859-1,,2026-10-04T11:29:26Z,,,,HTTP_ERROR,404,,,,,,,
https://www.rmd.ac.in/aboutus/approvals.html,https://www.rmd.ac.in/aboutus/approvals.html,https://www.rmd.ac.in/aboutus/approvals.html,404,https://www.rmd.ac.in/aboutus/approvals.html,,2,,text/html; charset=iso-8859-1,,2026-10-04T11:30:01Z,,,,HTTP_ERROR,404,,,,,,,
https://www.rmd.ac.in/aboutus/dept/dept.html,https://www.rmd.ac.in/aboutus/dept/dept.html,https://www.rmd.ac.in/aboutus/dept/dept.html,404,https://www.rmd.ac.in/aboutus/dept/dept.html,,2,,text/html; charset=iso-8859-1,,2026-10-04T11:30:13Z,,,,HTTP_ERROR,404,,,,,,,
https://www.rmd.ac.in/aboutus/vission.html,https://www.rmd.ac.in/aboutus/vission.html,https://www.rmd.ac.in/aboutus/vission.html,404,https://www.rmd.ac.in/aboutus/vission.html,,2,,text/html; charset=iso-8859-1,,2026-10-04T11:30:00Z,,,,HTTP_ERROR,404,,,,,,,
https://www.rmd.ac.in/academics/Examination.html,https://www.rmd.ac.in/academics/Examination.html,https://www.rmd.ac.in/academics/Examination.html,404,https://www.rmd.ac.in/academics/Examination.html,,2,,text/html; charset=iso-8859-1,,2026-10-04T11:30:06Z,,,,HTTP_ERROR,404,,,,,,,
https://www.rmd.ac.in/academics/Regulation2021.html,https://www.rmd.ac.in/academics/Regulation2021.html,https://www.rmd.ac.in/academics/Regulation2021.html,404,https://www.rmd.ac.in/academics/Regulation2021.html,,2,,text/html; charset=iso-8859-1,,2026-10-04T11:31:48Z,,,,HTTP_ERROR,404,,,,,,,
https://www.rmd.ac.in/academics/Rules.html,https://www.rmd.ac.in/academics/Rules.html,https://www.rmd.ac.in/academics/Rules.html,404,https://www.rmd.ac.in/academics/Rules.html,,2,,text/html; charset=iso-8859-1,,2026-10-04T11:30:04Z,,,,HTTP_ERROR,404,,,,,,,
https://www.rmd.ac.in/academics/UG_regulations_2021.html,https://www.rmd.ac.in/academics/UG_regulations_2021.html,https://www.rmd.ac.in/academics/UG_regulations_2021.html,404,https://www.rmd.ac.in/academics/UG_regulations_2021.html,,2,,text/html; charset=iso-8859-1,,2026-10-04T11:30:04Z,,,,HTTP_ERROR,404,,,,,,,
https://www.rmd.ac.in/academics/dept/dept.html,https://www.rmd.ac.in/academics/dept/dept.html,https://www.rmd.ac.in/academics/dept/dept.html,404,https://www.rmd.ac.in/academics/dept/dept.html,,2,,text/html; charset=iso-8859-1,,2026-10-04T11:30:56Z,,,,HTTP_ERROR,404,,,,,,,
https://www.rmd.ac.in/administration/academicdean.html,https://www.rmd.ac.in/administration/academicdean.html,https://www.rmd.ac.in/administration/academicdean.html,404,https://www.rmd.ac.in/administration/academicdean.html,,2,,text/html; charset=iso-8859-1,,2026-10-04T11:30:03Z,,,,HTTP_ERROR,404,,,,,,,
https://www.rmd.ac.in/administration/dept/dept.html,https://www.rmd.ac.in/administration/dept/dept.html,https://www.rmd.ac.in/administration/dept/dept.html,404,https://www.rmd.ac.in/administration/dept/dept.html,,2,,text/html; charset=iso-8859-1,,2026-10-04T11:30:55Z,,,,HTTP_ERROR,404,,,,,,,
https://www.rmd.ac.in/alumni/alumnipasslogin.php,https://www.rmd.ac.in/alumni/alumnipasslogin.php,https://www.rmd.ac.in/alumni/alumnipasslogin.php,,,,2,,,,,,,,ERROR,,,,,,,,
https://www.rmd.ac.in/alumni/dept/dept.html,https://www.rmd.ac.in/alumni/dept/dept.html,https://www.rmd.ac.in/alumni/dept/dept.html,404,https://www.rmd.ac.in/alumni/dept/dept.html,,2,,text/html; charset=iso-8859-1,,2026-10-04T11:35:04Z,,,,HTTP_ERROR,404,,,,,,,
https://www.rmd.ac.in/alumnimeet/alumnipasslogin.php,https://www.rmd.ac.in/alumnimeet/alumnipasslogin.php,https://www.rmd.ac.in/alumnimeet/alumnipasslogin.php,200,https://www.rmd.ac.in/alumnimeet/alumnipasslogin.php,RMD ENGINEERING COLLEGE,2,,text/html,4615,2026-10-04 12:26:17,,,,OK,,C:/Users/Elvan/Downloads/rmd/rmd-site-crawl/html/alumnimeet/alumnipasslogin.php,,,,,,
https://www.rmd.ac.in/alumnimeet/index.html,https://www.rmd.ac.in/alumnimeet/index.html,https://www.rmd.ac.in/alumnimeet/index.html,200,https://www.rmd.ac.in/alumnimeet/index.html,R.M.D. ALUMNI MEET 2025,2,,text/html,6780,2026-10-04 12:26:18,,,,OK,,C:/Users/Elvan/Downloads/rmd/rmd-site-crawl/html/alumnimeet/index.html,,,,,,
https://www.rmd.ac.in/ampus/greencampus.html,https://www.rmd.ac.in/ampus/greencampus.html,https://www.rmd.ac.in/ampus/greencampus.html,404,https://www.rmd.ac.in/ampus/greencampus.html,,2,,text/html; charset=iso-8859-1,,2026-10-04T11:29:00Z,,,,HTTP_ERROR,404,,,,,,,
https://www.rmd.ac.in/campus/compcentre.html,https://www.rmd.ac.in/campus/compcentre.html,https://www.rmd.ac.in/campus/compcentre.html,404,https://www.rmd.ac.in/campus/compcentre.html,,2,,text/html; charset=iso-8859-1,,2026-10-04T11:38:23Z,,,,HTTP_ERROR,404,,,,,,,
https://www.rmd.ac.in/campus/dept/dept.html,https://www.rmd.ac.in/campus/dept/dept.html,https://www.rmd.ac.in/campus/dept/dept.html,404,https://www.rmd.ac.in/campus/dept/dept.html,,2,,text/html; charset=iso-8859-1,,2026-10-04T11:31:47Z,,,,HTTP_ERROR,404,,,,,,,
https://www.rmd.ac.in/campus/lib.html,https://www.rmd.ac.in/campus/lib.html,https://www.rmd.ac.in/campus/lib.html,404,https://www.rmd.ac.in/campus/lib.html,,2,,text/html; charset=iso-8859-1,,2026-10-04T11:38:24Z,,,,HTTP_ERROR,404,,,,,,,
https://www.rmd.ac.in/campus/sports.html,https://www.rmd.ac.in/campus/sports.html,https://www.rmd.ac.in/campus/sports.html,404,https://www.rmd.ac.in/campus/sports.html,,2,,text/html; charset=iso-8859-1,,2026-10-04T11:38:26Z,,,,HTTP_ERROR,404,,,,,,,
https://www.rmd.ac.in/cfl/dept/dept.html,https://www.rmd.ac.in/cfl/dept/dept.html,https://www.rmd.ac.in/cfl/dept/dept.html,404,https://www.rmd.ac.in/cfl/dept/dept.html,,2,,text/html; charset=iso-8859-1,,2026-10-04T11:36:42Z,,,,HTTP_ERROR,404,,,,,,,
https://www.rmd.ac.in/cfl/gallery.html,https://www.rmd.ac.in/cfl/gallery.html,https://www.rmd.ac.in/cfl/gallery.html,404,https://www.rmd.ac.in/cfl/gallery.html,,2,,text/html; charset=iso-8859-1,,2026-10-04T11:40:02Z,,,,HTTP_ERROR,404,,,,,,,
https://www.rmd.ac.in/cfl/index.html,https://www.rmd.ac.in/cfl/index.html,https://www.rmd.ac.in/cfl/index.html,,,,2,,,,,,,,ERROR,,,,,,,,
https://www.rmd.ac.in/coe/bigdata/index.html,https://www.rmd.ac.in/coe/bigdata/index.html,https://www.rmd.ac.in/coe/bigdata/index.html,,,,2,,,,,,,,ERROR,,,,,,,,
https://www.rmd.ac.in/compcenter/index.html,https://www.rmd.ac.in/compcenter/index.html,https://www.rmd.ac.in/compcenter/index.html,,,,2,,,,,,,,ERROR,,,,,,,,
https://www.rmd.ac.in/computercenter/computercenter/index.html,https://www.rmd.ac.in/computercenter/computercenter/index.html,https://www.rmd.ac.in/computercenter/computercenter/index.html,,,,2,,,,,,,,ERROR,,,,,,,,
https://www.rmd.ac.in/computercenter/dept/dept.html,https://www.rmd.ac.in/computercenter/dept/dept.html,https://www.rmd.ac.in/computercenter/dept/dept.html,404,https://www.rmd.ac.in/computercenter/dept/dept.html,,2,,text/html; charset=iso-8859-1,,2026-10-04T11:31:50Z,,,,HTTP_ERROR,404,,,,,,,
https://www.rmd.ac.in/cultural/dept/dept.html,https://www.rmd.ac.in/cultural/dept/dept.html,https://www.rmd.ac.in/cultural/dept/dept.html,404,https://www.rmd.ac.in/cultural/dept/dept.html,,2,,text/html; charset=iso-8859-1,,2026-10-04T11:41:29Z,,,,HTTP_ERROR,404,,,,,,,
https://www.rmd.ac.in/dept/aiml/dept/dept.html,https://www.rmd.ac.in/dept/aiml/dept/dept.html,https://www.rmd.ac.in/dept/aiml/dept/dept.html,404,https://www.rmd.ac.in/dept/aiml/dept/dept.html,,2,,,,2026-10-04 12:12:43,,,,HTTP_ERROR,,,,,,,,
https://www.rmd.ac.in/dept/aiml/prof.html,https://www.rmd.ac.in/dept/aiml/prof.html,https://www.rmd.ac.in/dept/aiml/prof.html,200,https://www.rmd.ac.in/dept/aiml/prof.html,RMD ENGINEERING COLLEGE,2,,text/html,18509,2026-10-04 12:26:39,,,,OK,,C:/Users/Elvan/Downloads/rmd/rmd-site-crawl/html/dept/aiml/prof.html,,,,,,
https://www.rmd.ac.in/dept/aiml/research/consultancy.html,https://www.rmd.ac.in/dept/aiml/research/consultancy.html,https://www.rmd.ac.in/dept/aiml/research/consultancy.html,200,https://www.rmd.ac.in/dept/aiml/research/consultancy.html,RMD ENGINEERING COLLEGE,2,,text/html,26082,2026-10-04 12:26:41,,,,OK,,C:/Users/Elvan/Downloads/rmd/rmd-site-crawl/html/dept/aiml/research/consultancy.html,,,,,,
https://www.rmd.ac.in/dept/aiml/research/eip.html,https://www.rmd.ac.in/dept/aiml/research/eip.html,https://www.rmd.ac.in/dept/aiml/research/eip.html,,,,2,,,,,,,,ERROR,,,,,,,,
https://www.rmd.ac.in/dept/aiml/research/ezhumalai.html,https://www.rmd.ac.in/dept/aiml/research/ezhumalai.html,https://www.rmd.ac.in/dept/aiml/research/ezhumalai.html,,,,2,,,,,,,,ERROR,,,,,,,,
https://www.rmd.ac.in/dept/aiml/research/others.html,https://www.rmd.ac.in/dept/aiml/research/others.html,https://www.rmd.ac.in/dept/aiml/research/others.html,,,,2,,,,,,,,ERROR,,,,,,,,
https://www.rmd.ac.in/dept/aiml/research/pa2023.html,https://www.rmd.ac.in/dept/aiml/research/pa2023.html,https://www.rmd.ac.in/dept/aiml/research/pa2023.html,200,https://www.rmd.ac.in/dept/aiml/research/pa2023.html,RMD ENGINEERING COLLEGE,2,,text/html,17147,2026-10-04 12:26:46,,,,OK,,C:/Users/Elvan/Downloads/rmd/rmd-site-crawl/html/dept/aiml/research/pa2023.html,,,,,,
https://www.rmd.ac.in/dept/aiml/research/pa2024.html,https://www.rmd.ac.in/dept/aiml/research/pa2024.html,https://www.rmd.ac.in/dept/aiml/research/pa2024.html,200,https://www.rmd.ac.in/dept/aiml/research/pa2024.html,RMD ENGINEERING COLLEGE,2,,text/html,15679,2026-10-04 12:26:47,,,,OK,,C:/Users/Elvan/Downloads/rmd/rmd-site-crawl/html/dept/aiml/research/pa2024.html,,,,,,
https://www.rmd.ac.in/dept/aiml/research/pa2025.html,https://www.rmd.ac.in/dept/aiml/research/pa2025.html,https://www.rmd.ac.in/dept/aiml/research/pa2025.html,200,https://www.rmd.ac.in/dept/aiml/research/pa2025.html,RMD ENGINEERING COLLEGE,2,,text/html,15645,2026-10-04 12:26:48,,,,OK,,C:/Users/Elvan/Downloads/rmd/rmd-site-crawl/html/dept/aiml/research/pa2025.html,,,,,,
https://www.rmd.ac.in/dept/aiml/research/pa2026.html,https://www.rmd.ac.in/dept/aiml/research/pa2026.html,https://www.rmd.ac.in/dept/aiml/research/pa2026.html,200,https://www.rmd.ac.in/dept/aiml/research/pa2026.html,RMD ENGINEERING COLLEGE,2,,text/html,16406,2026-10-04 12:26:49,,,,OK,,C:/Users/Elvan/Downloads/rmd/rmd-site-crawl/html/dept/aiml/research/pa2026.html,,,,,,
https://www.rmd.ac.in/dept/aiml/research/rp2022.html,https://www.rmd.ac.in/dept/aiml/research/rp2022.html,https://www.rmd.ac.in/dept/aiml/research/rp2022.html,200,https://www.rmd.ac.in/dept/aiml/research/rp2022.html,RMD ENGINEERING COLLEGE,2,,text/html,17482,2026-10-04 12:26:50,,,,OK,,C:/Users/Elvan/Downloads/rmd/rmd-site-crawl/html/dept/aiml/research/rp2022.html,,,,,,
https://www.rmd.ac.in/dept/aiml/research/rp2023.html,https://www.rmd.ac.in/dept/aiml/research/rp2023.html,https://www.rmd.ac.in/dept/aiml/research/rp2023.html,200,https://www.rmd.ac.in/dept/aiml/research/rp2023.html,RMD ENGINEERING COLLEGE,2,,text/html,17718,2026-10-04 12:26:52,,,,OK,,C:/Users/Elvan/Downloads/rmd/rmd-site-crawl/html/dept/aiml/research/rp2023.html,,,,,,
https://www.rmd.ac.in/dept/aiml/research/rp2024.html,https://www.rmd.ac.in/dept/aiml/research/rp2024.html,https://www.rmd.ac.in/dept/aiml/research/rp2024.html,200,https://www.rmd.ac.in/dept/aiml/research/rp2024.html,RMD ENGINEERING COLLEGE,2,,text/html,21888,2026-10-04 12:26:54,,,,OK,,C:/Users/Elvan/Downloads/rmd/rmd-site-crawl/html/dept/aiml/research/rp2024.html,,,,,,
https://www.rmd.ac.in/dept/aiml/research/rp2025.html,https://www.rmd.ac.in/dept/aiml/research/rp2025.html,https://www.rmd.ac.in/dept/aiml/research/rp2025.html,200,https://www.rmd.ac.in/dept/aiml/research/rp2025.html,RMD ENGINEERING COLLEGE,2,,text/html,21999,2026-10-04 12:26:58,,,,OK,,C:/Users/Elvan/Downloads/rmd/rmd-site-crawl/html/dept/aiml/research/rp2025.html,,,,,,
https://www.rmd.ac.in/dept/aiml/research/rp2026.html,https://www.rmd.ac.in/dept/aiml/research/rp2026.html,https://www.rmd.ac.in/dept/aiml/research/rp2026.html,200,https://www.rmd.ac.in/dept/aiml/research/rp2026.html,RMD ENGINEERING COLLEGE,2,,text/html,20698,2026-10-04 12:27:01,,,,OK,,C:/Users/Elvan/Downloads/rmd/rmd-site-crawl/html/dept/aiml/research/rp2026.html,,,,,,
https://www.rmd.ac.in/dept/aiml/research/rpro.html,https://www.rmd.ac.in/dept/aiml/research/rpro.html,https://www.rmd.ac.in/dept/aiml/research/rpro.html,,,,2,,,,,,,,ERROR,,,,,,,,
https://www.rmd.ac.in/dept/aiml/youtubematerial.html,https://www.rmd.ac.in/dept/aiml/youtubematerial.html,https://www.rmd.ac.in/dept/aiml/youtubematerial.html,200,https://www.rmd.ac.in/dept/aiml/youtubematerial.html,RMD ENGINEERING COLLEGE,2,,text/html,16872,2026-10-04 12:27:16,,,,OK,,C:/Users/Elvan/Downloads/rmd/rmd-site-crawl/html/dept/aiml/youtubematerial.html,,,,,,
https://www.rmd.ac.in/dept/csbs/_cH01tCkqzyoRaAVdzjE7/view,https://www.rmd.ac.in/dept/csbs/_cH01tCkqzyoRaAVdzjE7/view,https://www.rmd.ac.in/dept/csbs/_cH01tCkqzyoRaAVdzjE7/view,,,,2,,,,,,,,ERROR,,,,,,,,
https://www.rmd.ac.in/dept/csbs/dept/dept.html,https://www.rmd.ac.in/dept/csbs/dept/dept.html,https://www.rmd.ac.in/dept/csbs/dept/dept.html,404,https://www.rmd.ac.in/dept/csbs/dept/dept.html,,2,,,,2026-10-04 12:11:50,,,,HTTP_ERROR,,,,,,,,
https://www.rmd.ac.in/dept/csbs/ftp.html,https://www.rmd.ac.in/dept/csbs/ftp.html,https://www.rmd.ac.in/dept/csbs/ftp.html,,,,2,,,,,,,,ERROR,,,,,,,,
https://www.rmd.ac.in/dept/csbs/onlinecourse.html,https://www.rmd.ac.in/dept/csbs/onlinecourse.html,https://www.rmd.ac.in/dept/csbs/onlinecourse.html,,,,2,,,,,,,,ERROR,,,,,,,,
https://www.rmd.ac.in/dept/csbs/research/bennilathangammal.html,https://www.rmd.ac.in/dept/csbs/research/bennilathangammal.html,https://www.rmd.ac.in/dept/csbs/research/bennilathangammal.html,,,,2,,,,,,,,ERROR,,,,,,,,
https://www.rmd.ac.in/dept/csbs/research/consultancy.html,https://www.rmd.ac.in/dept/csbs/research/consultancy.html,https://www.rmd.ac.in/dept/csbs/research/consultancy.html,200,https://www.rmd.ac.in/dept/csbs/research/consultancy.html,RMD ENGINEERING COLLEGE,2,,text/html,23739,2026-10-04 12:27:47,,,,OK,,C:/Users/Elvan/Downloads/rmd/rmd-site-crawl/html/dept/csbs/research/consultancy.html,,,,,,
https://www.rmd.ac.in/dept/csbs/research/eip.html,https://www.rmd.ac.in/dept/csbs/research/eip.html,https://www.rmd.ac.in/dept/csbs/research/eip.html,,,,2,,,,,,,,ERROR,,,,,,,,
https://www.rmd.ac.in/dept/csbs/research/helenprabha.html,https://www.rmd.ac.in/dept/csbs/research/helenprabha.html,https://www.rmd.ac.in/dept/csbs/research/helenprabha.html,,,,2,,,,,,,,ERROR,,,,,,,,
https://www.rmd.ac.in/dept/csbs/research/others.html,https://www.rmd.ac.in/dept/csbs/research/others.html,https://www.rmd.ac.in/dept/csbs/research/others.html,,,,2,,,,,,,,ERROR,,,,,,,,
https://www.rmd.ac.in/dept/csbs/research/pa2021.html,https://www.rmd.ac.in/dept/csbs/research/pa2021.html,https://www.rmd.ac.in/dept/csbs/research/pa2021.html,200,https://www.rmd.ac.in/dept/csbs/research/pa2021.html,RMD ENGINEERING COLLEGE,2,,text/html,16718,2026-10-04 12:27:58,,,,OK,,C:/Users/Elvan/Downloads/rmd/rmd-site-crawl/html/dept/csbs/research/pa2021.html,,,,,,
https://www.rmd.ac.in/dept/csbs/research/pa2022.html,https://www.rmd.ac.in/dept/csbs/research/pa2022.html,https://www.rmd.ac.in/dept/csbs/research/pa2022.html,200,https://www.rmd.ac.in/dept/csbs/research/pa2022.html,RMD ENGINEERING COLLEGE,2,,text/html,16150,2026-10-04 12:27:59,,,,OK,,C:/Users/Elvan/Downloads/rmd/rmd-site-crawl/html/dept/csbs/research/pa2022.html,,,,,,
https://www.rmd.ac.in/dept/csbs/research/pa2023.html,https://www.rmd.ac.in/dept/csbs/research/pa2023.html,https://www.rmd.ac.in/dept/csbs/research/pa2023.html,200,https://www.rmd.ac.in/dept/csbs/research/pa2023.html,RMD ENGINEERING COLLEGE,2,,text/html,15931,2026-10-04 12:28:01,,,,OK,,C:/Users/Elvan/Downloads/rmd/rmd-site-crawl/html/dept/csbs/research/pa2023.html,,,,,,
https://www.rmd.ac.in/dept/csbs/research/pa2024.html,https://www.rmd.ac.in/dept/csbs/research/pa2024.html,https://www.rmd.ac.in/dept/csbs/research/pa2024.html,200,https://www.rmd.ac.in/dept/csbs/research/pa2024.html,RMD ENGINEERING COLLEGE,2,,text/html,16364,2026-10-04 12:28:04,,,,OK,,C:/Users/Elvan/Downloads/rmd/rmd-site-crawl/html/dept/csbs/research/pa2024.html,,,,,,
https://www.rmd.ac.in/dept/csbs/research/rp2021.html,https://www.rmd.ac.in/dept/csbs/research/rp2021.html,https://www.rmd.ac.in/dept/csbs/research/rp2021.html,200,https://www.rmd.ac.in/dept/csbs/research/rp2021.html,RMD ENGINEERING COLLEGE,2,,text/html,17530,2026-10-04 12:28:05,,,,OK,,C:/Users/Elvan/Downloads/rmd/rmd-site-crawl/html/dept/csbs/research/rp2021.html,,,,,,
https://www.rmd.ac.in/dept/csbs/research/rp2022.html,https://www.rmd.ac.in/dept/csbs/research/rp2022.html,https://www.rmd.ac.in/dept/csbs/research/rp2022.html,200,https://www.rmd.ac.in/dept/csbs/research/rp2022.html,RMD ENGINEERING COLLEGE,2,,text/html,22148,2026-10-04 12:28:09,,,,OK,,C:/Users/Elvan/Downloads/rmd/rmd-site-crawl/html/dept/csbs/research/rp2022.html,,,,,,
https://www.rmd.ac.in/dept/csbs/research/rp2023.html,https://www.rmd.ac.in/dept/csbs/research/rp2023.html,https://www.rmd.ac.in/dept/csbs/research/rp2023.html,200,https://www.rmd.ac.in/dept/csbs/research/rp2023.html,RMD ENGINEERING COLLEGE,2,,text/html,19929,2026-10-04 12:28:11,,,,OK,,C:/Users/Elvan/Downloads/rmd/rmd-site-crawl/html/dept/csbs/research/rp2023.html,,,,,,
https://www.rmd.ac.in/dept/csbs/research/rp2024.html,https://www.rmd.ac.in/dept/csbs/research/rp2024.html,https://www.rmd.ac.in/dept/csbs/research/rp2024.html,200,https://www.rmd.ac.in/dept/csbs/research/rp2024.html,RMD ENGINEERING COLLEGE,2,,text/html,22210,2026-10-04 12:28:12,,,,OK,,C:/Users/Elvan/Downloads/rmd/rmd-site-crawl/html/dept/csbs/research/rp2024.html,,,,,,
https://www.rmd.ac.in/dept/csbs/research/rp2025.html,https://www.rmd.ac.in/dept/csbs/research/rp2025.html,https://www.rmd.ac.in/dept/csbs/research/rp2025.html,200,https://www.rmd.ac.in/dept/csbs/research/rp2025.html,RMD ENGINEERING COLLEGE,2,,text/html,34529,2026-10-04 12:28:14,,,,OK,,C:/Users/Elvan/Downloads/rmd/rmd-site-crawl/html/dept/csbs/research/rp2025.html,,,,,,
https://www.rmd.ac.in/dept/csbs/research/rpro.html,https://www.rmd.ac.in/dept/csbs/research/rpro.html,https://www.rmd.ac.in/dept/csbs/research/rpro.html,,,,2,,,,,,,,ERROR,,,,,,,,
https://www.rmd.ac.in/dept/csbs/research/rukmanidevi.html,https://www.rmd.ac.in/dept/csbs/research/rukmanidevi.html,https://www.rmd.ac.in/dept/csbs/research/rukmanidevi.html,,,,2,,,,,,,,ERROR,,,,,,,,
https://www.rmd.ac.in/dept/csbs/research/thyagharajan.html,https://www.rmd.ac.in/dept/csbs/research/thyagharajan.html,https://www.rmd.ac.in/dept/csbs/research/thyagharajan.html,,,,2,,,,,,,,ERROR,,,,,,,,
https://www.rmd.ac.in/dept/cse/dept/dept.html,https://www.rmd.ac.in/dept/cse/dept/dept.html,https://www.rmd.ac.in/dept/cse/dept/dept.html,404,https://www.rmd.ac.in/dept/cse/dept/dept.html,,2,,,,2026-10-04 12:08:15,,,,HTTP_ERROR,,,,,,,,
https://www.rmd.ac.in/dept/cse/research/dept/dept.html,https://www.rmd.ac.in/dept/cse/research/dept/dept.html,https://www.rmd.ac.in/dept/cse/research/dept/dept.html,404,https://www.rmd.ac.in/dept/cse/research/dept/dept.html,,2,,text/html; charset=iso-8859-1,,2026-10-04T11:43:33Z,,,,HTTP_ERROR,404,,,,,,,
https://www.rmd.ac.in/dept/cse/research/index.html,https://www.rmd.ac.in/dept/cse/research/index.html,https://www.rmd.ac.in/dept/cse/research/index.html,,,,2,,,,,,,,ERROR,,,,,,,,
https://www.rmd.ac.in/dept/dept.html,https://www.rmd.ac.in/dept/dept.html,https://www.rmd.ac.in/dept/dept.html,404,https://www.rmd.ac.in/dept/dept.html,,2,,text/html; charset=iso-8859-1,,2026-10-04T11:28:38Z,,,,HTTP_ERROR,404,,,,,,,
https://www.rmd.ac.in/dept/ece/dept/dept.html,https://www.rmd.ac.in/dept/ece/dept/dept.html,https://www.rmd.ac.in/dept/ece/dept/dept.html,404,https://www.rmd.ac.in/dept/ece/dept/dept.html,,2,,,,2026-10-04 12:09:17,,,,HTTP_ERROR,,,,,,,,
https://www.rmd.ac.in/dept/ece/notes.html,https://www.rmd.ac.in/dept/ece/notes.html,https://www.rmd.ac.in/dept/ece/notes.html,200,https://www.rmd.ac.in/dept/ece/notes.html,RMD,2,,text/html,0,2026-10-04 12:28:43,,,,OK,,C:/Users/Elvan/Downloads/rmd/rmd-site-crawl/html/dept/ece/notes.html,,,,,,
https://www.rmd.ac.in/dept/ece/research/SUMAIYA.html,https://www.rmd.ac.in/dept/ece/research/SUMAIYA.html,https://www.rmd.ac.in/dept/ece/research/SUMAIYA.html,200,https://www.rmd.ac.in/dept/ece/research/SUMAIYA.html,RMD ENGINEERING COLLEGE,2,,text/html,16371,2026-10-04 12:28:44,,,,OK,,C:/Users/Elvan/Downloads/rmd/rmd-site-crawl/html/dept/ece/research/SUMAIYA.html,,,,,,
https://www.rmd.ac.in/dept/ece/research/bennilathangammal.html,https://www.rmd.ac.in/dept/ece/research/bennilathangammal.html,https://www.rmd.ac.in/dept/ece/research/bennilathangammal.html,200,https://www.rmd.ac.in/dept/ece/research/bennilathangammal.html,RMD ENGINEERING COLLEGE,2,,text/html,18628,2026-10-04 12:28:46,,,,OK,,C:/Users/Elvan/Downloads/rmd/rmd-site-crawl/html/dept/ece/research/bennilathangammal.html,,,,,,
https://www.rmd.ac.in/dept/ece/research/chilambuchelvan.html,https://www.rmd.ac.in/dept/ece/research/chilambuchelvan.html,https://www.rmd.ac.in/dept/ece/research/chilambuchelvan.html,200,https://www.rmd.ac.in/dept/ece/research/chilambuchelvan.html,RMD ENGINEERING COLLEGE,2,,text/html,25232,2026-10-04 12:28:47,,,,OK,,C:/Users/Elvan/Downloads/rmd/rmd-site-crawl/html/dept/ece/research/chilambuchelvan.html,,,,,,
https://www.rmd.ac.in/dept/ece/research/consultancy.html,https://www.rmd.ac.in/dept/ece/research/consultancy.html,https://www.rmd.ac.in/dept/ece/research/consultancy.html,200,https://www.rmd.ac.in/dept/ece/research/consultancy.html,RMD ENGINEERING COLLEGE,2,,text/html,52824,2026-10-04 12:28:49,,,,OK,,C:/Users/Elvan/Downloads/rmd/rmd-site-crawl/html/dept/ece/research/consultancy.html,,,,,,
https://www.rmd.ac.in/dept/ece/research/dept/dept.html,https://www.rmd.ac.in/dept/ece/research/dept/dept.html,https://www.rmd.ac.in/dept/ece/research/dept/dept.html,,,,2,,,,,,,,ERROR,,,,,,,,
https://www.rmd.ac.in/dept/ece/research/eip.html,https://www.rmd.ac.in/dept/ece/research/eip.html,https://www.rmd.ac.in/dept/ece/research/eip.html,200,https://www.rmd.ac.in/dept/ece/research/eip.html,RMD ENGINEERING COLLEGE,2,,text/html,17337,2026-10-04 12:28:52,,,,OK,,C:/Users/Elvan/Downloads/rmd/rmd-site-crawl/html/dept/ece/research/eip.html,,,,,,
https://www.rmd.ac.in/dept/ece/research/hymlinrose.html,https://www.rmd.ac.in/dept/ece/research/hymlinrose.html,https://www.rmd.ac.in/dept/ece/research/hymlinrose.html,200,https://www.rmd.ac.in/dept/ece/research/hymlinrose.html,RMD ENGINEERING COLLEGE,2,,text/html,17734,2026-10-04 12:28:53,,,,OK,,C:/Users/Elvan/Downloads/rmd/rmd-site-crawl/html/dept/ece/research/hymlinrose.html,,,,,,
https://www.rmd.ac.in/dept/ece/research/index.html,https://www.rmd.ac.in/dept/ece/research/index.html,https://www.rmd.ac.in/dept/ece/research/index.html,,,,2,,,,,,,,ERROR,,,,,,,,
https://www.rmd.ac.in/dept/ece/research/others.html,https://www.rmd.ac.in/dept/ece/research/others.html,https://www.rmd.ac.in/dept/ece/research/others.html,200,https://www.rmd.ac.in/dept/ece/research/others.html,RMD ENGINEERING COLLEGE,2,,text/html,18841,2026-10-04 12:28:56,,,,OK,,C:/Users/Elvan/Downloads/rmd/rmd-site-crawl/html/dept/ece/research/others.html,,,,,,
https://www.rmd.ac.in/dept/ece/research/pa2016.html,https://www.rmd.ac.in/dept/ece/research/pa2016.html,https://www.rmd.ac.in/dept/ece/research/pa2016.html,200,https://www.rmd.ac.in/dept/ece/research/pa2016.html,RMD ENGINEERING COLLEGE,2,,text/html,16525,2026-10-04 12:28:57,,,,OK,,C:/Users/Elvan/Downloads/rmd/rmd-site-crawl/html/dept/ece/research/pa2016.html,,,,,,
https://www.rmd.ac.in/dept/ece/research/pa2017.html,https://www.rmd.ac.in/dept/ece/research/pa2017.html,https://www.rmd.ac.in/dept/ece/research/pa2017.html,200,https://www.rmd.ac.in/dept/ece/research/pa2017.html,RMD ENGINEERING COLLEGE,2,,text/html,17229,2026-10-04 12:28:58,,,,OK,,C:/Users/Elvan/Downloads/rmd/rmd-site-crawl/html/dept/ece/research/pa2017.html,,,,,,
https://www.rmd.ac.in/dept/ece/research/pa2018.html,https://www.rmd.ac.in/dept/ece/research/pa2018.html,https://www.rmd.ac.in/dept/ece/research/pa2018.html,200,https://www.rmd.ac.in/dept/ece/research/pa2018.html,RMD ENGINEERING COLLEGE,2,,text/html,18308,2026-10-04 12:29:00,,,,OK,,C:/Users/Elvan/Downloads/rmd/rmd-site-crawl/html/dept/ece/research/pa2018.html,,,,,,
https://www.rmd.ac.in/dept/ece/research/pa2019.html,https://www.rmd.ac.in/dept/ece/research/pa2019.html,https://www.rmd.ac.in/dept/ece/research/pa2019.html,200,https://www.rmd.ac.in/dept/ece/research/pa2019.html,RMD ENGINEERING COLLEGE,2,,text/html,17291,2026-10-04 12:29:01,,,,OK,,C:/Users/Elvan/Downloads/rmd/rmd-site-crawl/html/dept/ece/research/pa2019.html,,,,,,
https://www.rmd.ac.in/dept/ece/research/pa2020.html,https://www.rmd.ac.in/dept/ece/research/pa2020.html,https://www.rmd.ac.in/dept/ece/research/pa2020.html,200,https://www.rmd.ac.in/dept/ece/research/pa2020.html,RMD ENGINEERING COLLEGE,2,,text/html,18677,2026-10-04 12:29:02,,,,OK,,C:/Users/Elvan/Downloads/rmd/rmd-site-crawl/html/dept/ece/research/pa2020.html,,,,,,
https://www.rmd.ac.in/dept/ece/research/pa2021.html,https://www.rmd.ac.in/dept/ece/research/pa2021.html,https://www.rmd.ac.in/dept/ece/research/pa2021.html,200,https://www.rmd.ac.in/dept/ece/research/pa2021.html,RMD ENGINEERING COLLEGE,2,,text/html,18735,2026-10-04 12:29:04,,,,OK,,C:/Users/Elvan/Downloads/rmd/rmd-site-crawl/html/dept/ece/research/pa2021.html,,,,,,
https://www.rmd.ac.in/dept/ece/research/pa2022.html,https://www.rmd.ac.in/dept/ece/research/pa2022.html,https://www.rmd.ac.in/dept/ece/research/pa2022.html,200,https://www.rmd.ac.in/dept/ece/research/pa2022.html,RMD ENGINEERING COLLEGE,2,,text/html,20439,2026-10-04 12:29:05,,,,OK,,C:/Users/Elvan/Downloads/rmd/rmd-site-crawl/html/dept/ece/research/pa2022.html,,,,,,
https://www.rmd.ac.in/dept/ece/research/pa2023.html,https://www.rmd.ac.in/dept/ece/research/pa2023.html,https://www.rmd.ac.in/dept/ece/research/pa2023.html,200,https://www.rmd.ac.in/dept/ece/research/pa2023.html,RMD ENGINEERING COLLEGE,2,,text/html,17993,2026-10-04 12:29:06,,,,OK,,C:/Users/Elvan/Downloads/rmd/rmd-site-crawl/html/dept/ece/research/pa2023.html,,,,,,
https://www.rmd.ac.in/dept/ece/research/pa2024.html,https://www.rmd.ac.in/dept/ece/research/pa2024.html,https://www.rmd.ac.in/dept/ece/research/pa2024.html,200,https://www.rmd.ac.in/dept/ece/research/pa2024.html,RMD ENGINEERING COLLEGE,2,,text/html,23664,2026-10-04 12:29:08,,,,OK,,C:/Users/Elvan/Downloads/rmd/rmd-site-crawl/html/dept/ece/research/pa2024.html,,,,,,
https://www.rmd.ac.in/dept/ece/research/pa2025.html,https://www.rmd.ac.in/dept/ece/research/pa2025.html,https://www.rmd.ac.in/dept/ece/research/pa2025.html,200,https://www.rmd.ac.in/dept/ece/research/pa2025.html,RMD ENGINEERING COLLEGE,2,,text/html,19267,2026-10-04 12:29:09,,,,OK,,C:/Users/Elvan/Downloads/rmd/rmd-site-crawl/html/dept/ece/research/pa2025.html,,,,,,
https://www.rmd.ac.in/dept/ece/research/rp2016.html,https://www.rmd.ac.in/dept/ece/research/rp2016.html,https://www.rmd.ac.in/dept/ece/research/rp2016.html,200,https://www.rmd.ac.in/dept/ece/research/rp2016.html,RMD ENGINEERING COLLEGE,2,,text/html,27168,2026-10-04 12:29:11,,,,OK,,C:/Users/Elvan/Downloads/rmd/rmd-site-crawl/html/dept/ece/research/rp2016.html,,,,,,
https://www.rmd.ac.in/dept/ece/research/rp2017.html,https://www.rmd.ac.in/dept/ece/research/rp2017.html,https://www.rmd.ac.in/dept/ece/research/rp2017.html,200,https://www.rmd.ac.in/dept/ece/research/rp2017.html,RMD ENGINEERING COLLEGE,2,,text/html,20878,2026-10-04 12:29:12,,,,OK,,C:/Users/Elvan/Downloads/rmd/rmd-site-crawl/html/dept/ece/research/rp2017.html,,,,,,
https://www.rmd.ac.in/dept/ece/research/rp2018.html,https://www.rmd.ac.in/dept/ece/research/rp2018.html,https://www.rmd.ac.in/dept/ece/research/rp2018.html,200,https://www.rmd.ac.in/dept/ece/research/rp2018.html,RMD ENGINEERING COLLEGE,2,,text/html,25201,2026-10-04 12:29:13,,,,OK,,C:/Users/Elvan/Downloads/rmd/rmd-site-crawl/html/dept/ece/research/rp2018.html,,,,,,
https://www.rmd.ac.in/dept/ece/research/rp2019.html,https://www.rmd.ac.in/dept/ece/research/rp2019.html,https://www.rmd.ac.in/dept/ece/research/rp2019.html,200,https://www.rmd.ac.in/dept/ece/research/rp2019.html,RMD ENGINEERING COLLEGE,2,,text/html,26927,2026-10-04 12:29:15,,,,OK,,C:/Users/Elvan/Downloads/rmd/rmd-site-crawl/html/dept/ece/research/rp2019.html,,,,,,
https://www.rmd.ac.in/dept/ece/research/rp2020.html,https://www.rmd.ac.in/dept/ece/research/rp2020.html,https://www.rmd.ac.in/dept/ece/research/rp2020.html,200,https://www.rmd.ac.in/dept/ece/research/rp2020.html,RMD ENGINEERING COLLEGE,2,,text/html,44859,2026-10-04 12:29:16,,,,OK,,C:/Users/Elvan/Downloads/rmd/rmd-site-crawl/html/dept/ece/research/rp2020.html,,,,,,
https://www.rmd.ac.in/dept/ece/research/rp2021.html,https://www.rmd.ac.in/dept/ece/research/rp2021.html,https://www.rmd.ac.in/dept/ece/research/rp2021.html,200,https://www.rmd.ac.in/dept/ece/research/rp2021.html,RMD ENGINEERING COLLEGE,2,,text/html,41356,2026-10-04 12:29:17,,,,OK,,C:/Users/Elvan/Downloads/rmd/rmd-site-crawl/html/dept/ece/research/rp2021.html,,,,,,
https://www.rmd.ac.in/dept/ece/research/rp2022.html,https://www.rmd.ac.in/dept/ece/research/rp2022.html,https://www.rmd.ac.in/dept/ece/research/rp2022.html,200,https://www.rmd.ac.in/dept/ece/research/rp2022.html,RMD ENGINEERING COLLEGE,2,,text/html,35007,2026-10-04 12:29:19,,,,OK,,C:/Users/Elvan/Downloads/rmd/rmd-site-crawl/html/dept/ece/research/rp2022.html,,,,,,
https://www.rmd.ac.in/dept/ece/research/rp2023.html,https://www.rmd.ac.in/dept/ece/research/rp2023.html,https://www.rmd.ac.in/dept/ece/research/rp2023.html,200,https://www.rmd.ac.in/dept/ece/research/rp2023.html,RMD ENGINEERING COLLEGE,2,,text/html,41593,2026-10-04 12:29:20,,,,OK,,C:/Users/Elvan/Downloads/rmd/rmd-site-crawl/html/dept/ece/research/rp2023.html,,,,,,
https://www.rmd.ac.in/dept/ece/research/rp2024.html,https://www.rmd.ac.in/dept/ece/research/rp2024.html,https://www.rmd.ac.in/dept/ece/research/rp2024.html,200,https://www.rmd.ac.in/dept/ece/research/rp2024.html,RMD ENGINEERING COLLEGE,2,,text/html,39535,2026-10-04 12:29:21,,,,OK,,C:/Users/Elvan/Downloads/rmd/rmd-site-crawl/html/dept/ece/research/rp2024.html,,,,,,
https://www.rmd.ac.in/dept/ece/research/rp2025.html,https://www.rmd.ac.in/dept/ece/research/rp2025.html,https://www.rmd.ac.in/dept/ece/research/rp2025.html,200,https://www.rmd.ac.in/dept/ece/research/rp2025.html,RMD ENGINEERING COLLEGE,2,,text/html,56397,2026-10-04 12:29:23,,,,OK,,C:/Users/Elvan/Downloads/rmd/rmd-site-crawl/html/dept/ece/research/rp2025.html,,,,,,
https://www.rmd.ac.in/dept/ece/research/rpro.html,https://www.rmd.ac.in/dept/ece/research/rpro.html,https://www.rmd.ac.in/dept/ece/research/rpro.html,200,https://www.rmd.ac.in/dept/ece/research/rpro.html,RMD ENGINEERING COLLEGE,2,,text/html,31529,2026-10-04 12:29:24,,,,OK,,C:/Users/Elvan/Downloads/rmd/rmd-site-crawl/html/dept/ece/research/rpro.html,,,,,,
https://www.rmd.ac.in/dept/ece/research/rukmanidevi.html,https://www.rmd.ac.in/dept/ece/research/rukmanidevi.html,https://www.rmd.ac.in/dept/ece/research/rukmanidevi.html,200,https://www.rmd.ac.in/dept/ece/research/rukmanidevi.html,RMD ENGINEERING COLLEGE,2,,text/html,21719,2026-10-04 12:29:26,,,,OK,,C:/Users/Elvan/Downloads/rmd/rmd-site-crawl/html/dept/ece/research/rukmanidevi.html,,,,,,
https://www.rmd.ac.in/dept/eee/CO.html,https://www.rmd.ac.in/dept/eee/CO.html,https://www.rmd.ac.in/dept/eee/CO.html,404,https://www.rmd.ac.in/dept/eee/CO.html,,2,,,,2026-10-04 12:10:21,,,,HTTP_ERROR,,,,,,,,
https://www.rmd.ac.in/dept/eee/Research.html,https://www.rmd.ac.in/dept/eee/Research.html,https://www.rmd.ac.in/dept/eee/Research.html,404,https://www.rmd.ac.in/dept/eee/Research.html,,2,,,,2026-10-04 12:10:36,,,,HTTP_ERROR,,,,,,,,
https://www.rmd.ac.in/dept/eee/activities.html,https://www.rmd.ac.in/dept/eee/activities.html,https://www.rmd.ac.in/dept/eee/activities.html,404,https://www.rmd.ac.in/dept/eee/activities.html,,2,,,,2026-10-04 12:10:25,,,,HTTP_ERROR,,,,,,,,
https://www.rmd.ac.in/dept/eee/awards.html,https://www.rmd.ac.in/dept/eee/awards.html,https://www.rmd.ac.in/dept/eee/awards.html,404,https://www.rmd.ac.in/dept/eee/awards.html,,2,,,,2026-10-04 12:10:24,,,,HTTP_ERROR,,,,,,,,
https://www.rmd.ac.in/dept/eee/books.html,https://www.rmd.ac.in/dept/eee/books.html,https://www.rmd.ac.in/dept/eee/books.html,404,https://www.rmd.ac.in/dept/eee/books.html,,2,,,,2026-10-04 12:10:43,,,,HTTP_ERROR,,,,,,,,
https://www.rmd.ac.in/dept/eee/da.html,https://www.rmd.ac.in/dept/eee/da.html,https://www.rmd.ac.in/dept/eee/da.html,404,https://www.rmd.ac.in/dept/eee/da.html,,2,,,,2026-10-04 12:10:53,,,,HTTP_ERROR,,,,,,,,
https://www.rmd.ac.in/dept/eee/dept/dept.html,https://www.rmd.ac.in/dept/eee/dept/dept.html,https://www.rmd.ac.in/dept/eee/dept/dept.html,404,https://www.rmd.ac.in/dept/eee/dept/dept.html,,2,,,,2026-10-04 12:10:14,,,,HTTP_ERROR,,,,,,,,
https://www.rmd.ac.in/dept/eee/faculty.html,https://www.rmd.ac.in/dept/eee/faculty.html,https://www.rmd.ac.in/dept/eee/faculty.html,404,https://www.rmd.ac.in/dept/eee/faculty.html,,2,,,,2026-10-04 12:10:23,,,,HTTP_ERROR,,,,,,,,
https://www.rmd.ac.in/dept/eee/gv.html,https://www.rmd.ac.in/dept/eee/gv.html,https://www.rmd.ac.in/dept/eee/gv.html,404,https://www.rmd.ac.in/dept/eee/gv.html,,2,,,,2026-10-04 12:10:51,,,,HTTP_ERROR,,,,,,,,
https://www.rmd.ac.in/dept/eee/higher.html,https://www.rmd.ac.in/dept/eee/higher.html,https://www.rmd.ac.in/dept/eee/higher.html,404,https://www.rmd.ac.in/dept/eee/higher.html,,2,,,,2026-10-04 12:10:46,,,,HTTP_ERROR,,,,,,,,
https://www.rmd.ac.in/dept/eee/iv.html,https://www.rmd.ac.in/dept/eee/iv.html,https://www.rmd.ac.in/dept/eee/iv.html,404,https://www.rmd.ac.in/dept/eee/iv.html,,2,,,,2026-10-04 12:10:50,,,,HTTP_ERROR,,,,,,,,
https://www.rmd.ac.in/dept/eee/lab.html,https://www.rmd.ac.in/dept/eee/lab.html,https://www.rmd.ac.in/dept/eee/lab.html,404,https://www.rmd.ac.in/dept/eee/lab.html,,2,,,,2026-10-04 12:10:52,,,,HTTP_ERROR,,,,,,,,
https://www.rmd.ac.in/dept/eee/newsletter.html,https://www.rmd.ac.in/dept/eee/newsletter.html,https://www.rmd.ac.in/dept/eee/newsletter.html,404,https://www.rmd.ac.in/dept/eee/newsletter.html,,2,,,,2026-10-04 12:10:40,,,,HTTP_ERROR,,,,,,,,
https://www.rmd.ac.in/dept/eee/notes.html,https://www.rmd.ac.in/dept/eee/notes.html,https://www.rmd.ac.in/dept/eee/notes.html,404,https://www.rmd.ac.in/dept/eee/notes.html,,2,,,,2026-10-04 12:10:28,,,,HTTP_ERROR,,,,,,,,
https://www.rmd.ac.in/dept/eee/notes1.html,https://www.rmd.ac.in/dept/eee/notes1.html,https://www.rmd.ac.in/dept/eee/notes1.html,404,https://www.rmd.ac.in/dept/eee/notes1.html,,2,,,,2026-10-04 12:10:29,,,,HTTP_ERROR,,,,,,,,
https://www.rmd.ac.in/dept/eee/onlinecourse.html,https://www.rmd.ac.in/dept/eee/onlinecourse.html,https://www.rmd.ac.in/dept/eee/onlinecourse.html,404,https://www.rmd.ac.in/dept/eee/onlinecourse.html,,2,,,,2026-10-04 12:10:38,,,,HTTP_ERROR,,,,,,,,
https://www.rmd.ac.in/dept/eee/owm.html,https://www.rmd.ac.in/dept/eee/owm.html,https://www.rmd.ac.in/dept/eee/owm.html,404,https://www.rmd.ac.in/dept/eee/owm.html,,2,,,,2026-10-04 12:10:34,,,,HTTP_ERROR,,,,,,,,
https://www.rmd.ac.in/dept/eee/owm1.html,https://www.rmd.ac.in/dept/eee/owm1.html,https://www.rmd.ac.in/dept/eee/owm1.html,404,https://www.rmd.ac.in/dept/eee/owm1.html,,2,,,,2026-10-04 12:10:35,,,,HTTP_ERROR,,,,,,,,
https://www.rmd.ac.in/dept/eee/pg.html,https://www.rmd.ac.in/dept/eee/pg.html,https://www.rmd.ac.in/dept/eee/pg.html,404,https://www.rmd.ac.in/dept/eee/pg.html,,2,,,,2026-10-04 12:10:54,,,,HTTP_ERROR,,,,,,,,
https://www.rmd.ac.in/dept/eee/plac.html,https://www.rmd.ac.in/dept/eee/plac.html,https://www.rmd.ac.in/dept/eee/plac.html,404,https://www.rmd.ac.in/dept/eee/plac.html,,2,,,,2026-10-04 12:10:45,,,,HTTP_ERROR,,,,,,,,
https://www.rmd.ac.in/dept/eee/prof.html,https://www.rmd.ac.in/dept/eee/prof.html,https://www.rmd.ac.in/dept/eee/prof.html,404,https://www.rmd.ac.in/dept/eee/prof.html,,2,,,,2026-10-04 12:10:27,,,,HTTP_ERROR,,,,,,,,
https://www.rmd.ac.in/dept/eee/qo.html,https://www.rmd.ac.in/dept/eee/qo.html,https://www.rmd.ac.in/dept/eee/qo.html,404,https://www.rmd.ac.in/dept/eee/qo.html,,2,,,,2026-10-04 12:10:22,,,,HTTP_ERROR,,,,,,,,
https://www.rmd.ac.in/dept/eee/rank.html,https://www.rmd.ac.in/dept/eee/rank.html,https://www.rmd.ac.in/dept/eee/rank.html,404,https://www.rmd.ac.in/dept/eee/rank.html,,2,,,,2026-10-04 12:10:44,,,,HTTP_ERROR,,,,,,,,
https://www.rmd.ac.in/dept/eee/timetable.html,https://www.rmd.ac.in/dept/eee/timetable.html,https://www.rmd.ac.in/dept/eee/timetable.html,404,https://www.rmd.ac.in/dept/eee/timetable.html,,2,,,,2026-10-04 12:10:31,,,,HTTP_ERROR,,,,,,,,
https://www.rmd.ac.in/dept/eee/videolectures.html,https://www.rmd.ac.in/dept/eee/videolectures.html,https://www.rmd.ac.in/dept/eee/videolectures.html,404,https://www.rmd.ac.in/dept/eee/videolectures.html,,2,,,,2026-10-04 12:10:37,,,,HTTP_ERROR,,,,,,,,
https://www.rmd.ac.in/dept/eee/webinar.html,https://www.rmd.ac.in/dept/eee/webinar.html,https://www.rmd.ac.in/dept/eee/webinar.html,404,https://www.rmd.ac.in/dept/eee/webinar.html,,2,,,,2026-10-04 12:10:26,,,,HTTP_ERROR,,,,,,,,
https://www.rmd.ac.in/dept/eie/index.html,https://www.rmd.ac.in/dept/eie/index.html,https://www.rmd.ac.in/dept/eie/index.html,,,,2,,,,,,,,ERROR,,,,,,,,
https://www.rmd.ac.in/dept/it/dept/dept.html,https://www.rmd.ac.in/dept/it/dept/dept.html,https://www.rmd.ac.in/dept/it/dept/dept.html,404,https://www.rmd.ac.in/dept/it/dept/dept.html,,2,,,,2026-10-04 12:10:55,,,,HTTP_ERROR,,,,,,,,
https://www.rmd.ac.in/dept/it/research/balasubadra.html,https://www.rmd.ac.in/dept/it/research/balasubadra.html,https://www.rmd.ac.in/dept/it/research/balasubadra.html,200,https://www.rmd.ac.in/dept/it/research/balasubadra.html,RMD ENGINEERING COLLEGE,2,,text/html,20776,2026-10-04 12:29:57,,,,OK,,C:/Users/Elvan/Downloads/rmd/rmd-site-crawl/html/dept/it/research/balasubadra.html,,,,,,
https://www.rmd.ac.in/dept/it/research/consultancy.html,https://www.rmd.ac.in/dept/it/research/consultancy.html,https://www.rmd.ac.in/dept/it/research/consultancy.html,200,https://www.rmd.ac.in/dept/it/research/consultancy.html,RMD ENGINEERING COLLEGE,2,,text/html,27388,2026-10-04 12:29:59,,,,OK,,C:/Users/Elvan/Downloads/rmd/rmd-site-crawl/html/dept/it/research/consultancy.html,,,,,,
https://www.rmd.ac.in/dept/it/research/eip.html,https://www.rmd.ac.in/dept/it/research/eip.html,https://www.rmd.ac.in/dept/it/research/eip.html,200,https://www.rmd.ac.in/dept/it/research/eip.html,RMD ENGINEERING COLLEGE,2,,text/html,18557,2026-10-04 12:30:00,,,,OK,,C:/Users/Elvan/Downloads/rmd/rmd-site-crawl/html/dept/it/research/eip.html,,,,,,
https://www.rmd.ac.in/dept/it/research/others.html,https://www.rmd.ac.in/dept/it/research/others.html,https://www.rmd.ac.in/dept/it/research/others.html,200,https://www.rmd.ac.in/dept/it/research/others.html,RMD ENGINEERING COLLEGE,2,,text/html,16620,2026-10-04 12:30:01,,,,OK,,C:/Users/Elvan/Downloads/rmd/rmd-site-crawl/html/dept/it/research/others.html,,,,,,
https://www.rmd.ac.in/dept/it/research/pa2021.html,https://www.rmd.ac.in/dept/it/research/pa2021.html,https://www.rmd.ac.in/dept/it/research/pa2021.html,200,https://www.rmd.ac.in/dept/it/research/pa2021.html,RMD ENGINEERING COLLEGE,2,,text/html,18756,2026-10-04 12:30:03,,,,OK,,C:/Users/Elvan/Downloads/rmd/rmd-site-crawl/html/dept/it/research/pa2021.html,,,,,,
https://www.rmd.ac.in/dept/it/research/pa2022.html,https://www.rmd.ac.in/dept/it/research/pa2022.html,https://www.rmd.ac.in/dept/it/research/pa2022.html,200,https://www.rmd.ac.in/dept/it/research/pa2022.html,RMD ENGINEERING COLLEGE,2,,text/html,18644,2026-10-04 12:30:04,,,,OK,,C:/Users/Elvan/Downloads/rmd/rmd-site-crawl/html/dept/it/research/pa2022.html,,,,,,
https://www.rmd.ac.in/dept/it/research/pa2023.html,https://www.rmd.ac.in/dept/it/research/pa2023.html,https://www.rmd.ac.in/dept/it/research/pa2023.html,200,https://www.rmd.ac.in/dept/it/research/pa2023.html,RMD ENGINEERING COLLEGE,2,,text/html,17495,2026-10-04 12:30:05,,,,OK,,C:/Users/Elvan/Downloads/rmd/rmd-site-crawl/html/dept/it/research/pa2023.html,,,,,,
https://www.rmd.ac.in/dept/it/research/prasannasrinivasan.html,https://www.rmd.ac.in/dept/it/research/prasannasrinivasan.html,https://www.rmd.ac.in/dept/it/research/prasannasrinivasan.html,200,https://www.rmd.ac.in/dept/it/research/prasannasrinivasan.html,RMD ENGINEERING COLLEGE,2,,text/html,16504,2026-10-04 12:30:07,,,,OK,,C:/Users/Elvan/Downloads/rmd/rmd-site-crawl/html/dept/it/research/prasannasrinivasan.html,,,,,,
https://www.rmd.ac.in/dept/it/research/rp2016.html,https://www.rmd.ac.in/dept/it/research/rp2016.html,https://www.rmd.ac.in/dept/it/research/rp2016.html,200,https://www.rmd.ac.in/dept/it/research/rp2016.html,RMD ENGINEERING COLLEGE,2,,text/html,21343,2026-10-04 12:30:09,,,,OK,,C:/Users/Elvan/Downloads/rmd/rmd-site-crawl/html/dept/it/research/rp2016.html,,,,,,
https://www.rmd.ac.in/dept/it/research/rp2017.html,https://www.rmd.ac.in/dept/it/research/rp2017.html,https://www.rmd.ac.in/dept/it/research/rp2017.html,200,https://www.rmd.ac.in/dept/it/research/rp2017.html,RMD ENGINEERING COLLEGE,2,,text/html,22782,2026-10-04 12:30:10,,,,OK,,C:/Users/Elvan/Downloads/rmd/rmd-site-crawl/html/dept/it/research/rp2017.html,,,,,,
https://www.rmd.ac.in/dept/it/research/rp2018.html,https://www.rmd.ac.in/dept/it/research/rp2018.html,https://www.rmd.ac.in/dept/it/research/rp2018.html,200,https://www.rmd.ac.in/dept/it/research/rp2018.html,RMD ENGINEERING COLLEGE,2,,text/html,22441,2026-10-04 12:30:11,,,,OK,,C:/Users/Elvan/Downloads/rmd/rmd-site-crawl/html/dept/it/research/rp2018.html,,,,,,
https://www.rmd.ac.in/dept/it/research/rp2019.html,https://www.rmd.ac.in/dept/it/research/rp2019.html,https://www.rmd.ac.in/dept/it/research/rp2019.html,200,https://www.rmd.ac.in/dept/it/research/rp2019.html,RMD ENGINEERING COLLEGE,2,,text/html,19154,2026-10-04 12:30:13,,,,OK,,C:/Users/Elvan/Downloads/rmd/rmd-site-crawl/html/dept/it/research/rp2019.html,,,,,,
https://www.rmd.ac.in/dept/it/research/rp2020.html,https://www.rmd.ac.in/dept/it/research/rp2020.html,https://www.rmd.ac.in/dept/it/research/rp2020.html,200,https://www.rmd.ac.in/dept/it/research/rp2020.html,RMD ENGINEERING COLLEGE,2,,text/html,24095,2026-10-04 12:30:15,,,,OK,,C:/Users/Elvan/Downloads/rmd/rmd-site-crawl/html/dept/it/research/rp2020.html,,,,,,
https://www.rmd.ac.in/dept/it/research/rp2021.html,https://www.rmd.ac.in/dept/it/research/rp2021.html,https://www.rmd.ac.in/dept/it/research/rp2021.html,200,https://www.rmd.ac.in/dept/it/research/rp2021.html,RMD ENGINEERING COLLEGE,2,,text/html,30842,2026-10-04 12:30:16,,,,OK,,C:/Users/Elvan/Downloads/rmd/rmd-site-crawl/html/dept/it/research/rp2021.html,,,,,,
https://www.rmd.ac.in/dept/it/research/rp2022.html,https://www.rmd.ac.in/dept/it/research/rp2022.html,https://www.rmd.ac.in/dept/it/research/rp2022.html,200,https://www.rmd.ac.in/dept/it/research/rp2022.html,RMD ENGINEERING COLLEGE,2,,text/html,32459,2026-10-04 12:30:17,,,,OK,,C:/Users/Elvan/Downloads/rmd/rmd-site-crawl/html/dept/it/research/rp2022.html,,,,,,
https://www.rmd.ac.in/dept/it/research/rpro.html,https://www.rmd.ac.in/dept/it/research/rpro.html,https://www.rmd.ac.in/dept/it/research/rpro.html,200,https://www.rmd.ac.in/dept/it/research/rpro.html,RMD ENGINEERING COLLEGE,2,,text/html,16847,2026-10-04 12:30:18,,,,OK,,C:/Users/Elvan/Downloads/rmd/rmd-site-crawl/html/dept/it/research/rpro.html,,,,,,
https://www.rmd.ac.in/dept/snh/dept/dept.html,https://www.rmd.ac.in/dept/snh/dept/dept.html,https://www.rmd.ac.in/dept/snh/dept/dept.html,404,https://www.rmd.ac.in/dept/snh/dept/dept.html,,2,,,,2026-10-04 12:13:30,,,,HTTP_ERROR,,,,,,,,
https://www.rmd.ac.in/dept/snh/fdp.html,https://www.rmd.ac.in/dept/snh/fdp.html,https://www.rmd.ac.in/dept/snh/fdp.html,,,,2,,,,,,,,ERROR,,,,,,,,
https://www.rmd.ac.in/dept/snh/research/Dr. Ashok Kumar. R.html,https://www.rmd.ac.in/dept/snh/research/Dr. Ashok Kumar. R.html,https://www.rmd.ac.in/dept/snh/research/Dr. Ashok Kumar. R.html,,,,2,,,,,,,,ERROR,,,,,,,,
https://www.rmd.ac.in/dept/snh/research/Dr. Prabaharan. N.html,https://www.rmd.ac.in/dept/snh/research/Dr. Prabaharan. N.html,https://www.rmd.ac.in/dept/snh/research/Dr. Prabaharan. N.html,,,,2,,,,,,,,ERROR,,,,,,,,
https://www.rmd.ac.in/dept/snh/research/Dr. Priya. R.html,https://www.rmd.ac.in/dept/snh/research/Dr. Priya. R.html,https://www.rmd.ac.in/dept/snh/research/Dr. Priya. R.html,,,,2,,,,,,,,ERROR,,,,,,,,
https://www.rmd.ac.in/dept/snh/research/Dr. Radha. K.S.html,https://www.rmd.ac.in/dept/snh/research/Dr. Radha. K.S.html,https://www.rmd.ac.in/dept/snh/research/Dr. Radha. K.S.html,,,,2,,,,,,,,ERROR,,,,,,,,
https://www.rmd.ac.in/dept/snh/research/Dr. Ramesh. S.html,https://www.rmd.ac.in/dept/snh/research/Dr. Ramesh. S.html,https://www.rmd.ac.in/dept/snh/research/Dr. Ramesh. S.html,,,,2,,,,,,,,ERROR,,,,,,,,
https://www.rmd.ac.in/dept/snh/research/Dr. Rekha. S.html,https://www.rmd.ac.in/dept/snh/research/Dr. Rekha. S.html,https://www.rmd.ac.in/dept/snh/research/Dr. Rekha. S.html,,,,2,,,,,,,,ERROR,,,,,,,,
https://www.rmd.ac.in/dept/snh/research/Dr. Shalini. S.html,https://www.rmd.ac.in/dept/snh/research/Dr. Shalini. S.html,https://www.rmd.ac.in/dept/snh/research/Dr. Shalini. S.html,,,,2,,,,,,,,ERROR,,,,,,,,
https://www.rmd.ac.in/dept/snh/research/consultancy.html,https://www.rmd.ac.in/dept/snh/research/consultancy.html,https://www.rmd.ac.in/dept/snh/research/consultancy.html,200,https://www.rmd.ac.in/dept/snh/research/consultancy.html,RMD ENGINEERING COLLEGE,2,,text/html,35787,2026-10-04 12:30:22,,,,OK,,C:/Users/Elvan/Downloads/rmd/rmd-site-crawl/html/dept/snh/research/consultancy.html,,,,,,
https://www.rmd.ac.in/dept/snh/research/eip.html,https://www.rmd.ac.in/dept/snh/research/eip.html,https://www.rmd.ac.in/dept/snh/research/eip.html,200,https://www.rmd.ac.in/dept/snh/research/eip.html,RMD ENGINEERING COLLEGE,2,,text/html,15776,2026-10-04 12:30:23,,,,OK,,C:/Users/Elvan/Downloads/rmd/rmd-site-crawl/html/dept/snh/research/eip.html,,,,,,
https://www.rmd.ac.in/dept/snh/research/others.html,https://www.rmd.ac.in/dept/snh/research/others.html,https://www.rmd.ac.in/dept/snh/research/others.html,200,https://www.rmd.ac.in/dept/snh/research/others.html,RMD ENGINEERING COLLEGE,2,,text/html,16058,2026-10-04 12:30:24,,,,OK,,C:/Users/Elvan/Downloads/rmd/rmd-site-crawl/html/dept/snh/research/others.html,,,,,,
https://www.rmd.ac.in/dept/snh/research/pa2016.html,https://www.rmd.ac.in/dept/snh/research/pa2016.html,https://www.rmd.ac.in/dept/snh/research/pa2016.html,200,https://www.rmd.ac.in/dept/snh/research/pa2016.html,RMD ENGINEERING COLLEGE,2,,text/html,15934,2026-10-04 12:30:25,,,,OK,,C:/Users/Elvan/Downloads/rmd/rmd-site-crawl/html/dept/snh/research/pa2016.html,,,,,,
https://www.rmd.ac.in/dept/snh/research/pa2017.html,https://www.rmd.ac.in/dept/snh/research/pa2017.html,https://www.rmd.ac.in/dept/snh/research/pa2017.html,200,https://www.rmd.ac.in/dept/snh/research/pa2017.html,RMD ENGINEERING COLLEGE,2,,text/html,16421,2026-10-04 12:30:26,,,,OK,,C:/Users/Elvan/Downloads/rmd/rmd-site-crawl/html/dept/snh/research/pa2017.html,,,,,,
https://www.rmd.ac.in/dept/snh/research/pa2018.html,https://www.rmd.ac.in/dept/snh/research/pa2018.html,https://www.rmd.ac.in/dept/snh/research/pa2018.html,200,https://www.rmd.ac.in/dept/snh/research/pa2018.html,RMD ENGINEERING COLLEGE,2,,text/html,16618,2026-10-04 12:30:27,,,,OK,,C:/Users/Elvan/Downloads/rmd/rmd-site-crawl/html/dept/snh/research/pa2018.html,,,,,,
https://www.rmd.ac.in/dept/snh/research/pa2019.html,https://www.rmd.ac.in/dept/snh/research/pa2019.html,https://www.rmd.ac.in/dept/snh/research/pa2019.html,200,https://www.rmd.ac.in/dept/snh/research/pa2019.html,RMD ENGINEERING COLLEGE,2,,text/html,16595,2026-10-04 12:30:28,,,,OK,,C:/Users/Elvan/Downloads/rmd/rmd-site-crawl/html/dept/snh/research/pa2019.html,,,,,,
https://www.rmd.ac.in/dept/snh/research/pa2020.html,https://www.rmd.ac.in/dept/snh/research/pa2020.html,https://www.rmd.ac.in/dept/snh/research/pa2020.html,200,https://www.rmd.ac.in/dept/snh/research/pa2020.html,RMD ENGINEERING COLLEGE,2,,text/html,16680,2026-10-04 12:30:30,,,,OK,,C:/Users/Elvan/Downloads/rmd/rmd-site-crawl/html/dept/snh/research/pa2020.html,,,,,,
https://www.rmd.ac.in/dept/snh/research/pa2021.html,https://www.rmd.ac.in/dept/snh/research/pa2021.html,https://www.rmd.ac.in/dept/snh/research/pa2021.html,200,https://www.rmd.ac.in/dept/snh/research/pa2021.html,RMD ENGINEERING COLLEGE,2,,text/html,18843,2026-10-04 12:30:31,,,,OK,,C:/Users/Elvan/Downloads/rmd/rmd-site-crawl/html/dept/snh/research/pa2021.html,,,,,,
https://www.rmd.ac.in/dept/snh/research/pa2023.html,https://www.rmd.ac.in/dept/snh/research/pa2023.html,https://www.rmd.ac.in/dept/snh/research/pa2023.html,200,https://www.rmd.ac.in/dept/snh/research/pa2023.html,RMD ENGINEERING COLLEGE,2,,text/html,18644,2026-10-04 12:30:32,,,,OK,,C:/Users/Elvan/Downloads/rmd/rmd-site-crawl/html/dept/snh/research/pa2023.html,,,,,,
https://www.rmd.ac.in/dept/snh/research/pa2024.html,https://www.rmd.ac.in/dept/snh/research/pa2024.html,https://www.rmd.ac.in/dept/snh/research/pa2024.html,200,https://www.rmd.ac.in/dept/snh/research/pa2024.html,RMD ENGINEERING COLLEGE,2,,text/html,16942,2026-10-04 12:30:34,,,,OK,,C:/Users/Elvan/Downloads/rmd/rmd-site-crawl/html/dept/snh/research/pa2024.html,,,,,,
https://www.rmd.ac.in/dept/snh/research/rp2016.html,https://www.rmd.ac.in/dept/snh/research/rp2016.html,https://www.rmd.ac.in/dept/snh/research/rp2016.html,200,https://www.rmd.ac.in/dept/snh/research/rp2016.html,RMD ENGINEERING COLLEGE,2,,text/html,22742,2026-10-04 12:30:35,,,,OK,,C:/Users/Elvan/Downloads/rmd/rmd-site-crawl/html/dept/snh/research/rp2016.html,,,,,,
https://www.rmd.ac.in/dept/snh/research/rp2017.html,https://www.rmd.ac.in/dept/snh/research/rp2017.html,https://www.rmd.ac.in/dept/snh/research/rp2017.html,200,https://www.rmd.ac.in/dept/snh/research/rp2017.html,RMD ENGINEERING COLLEGE,2,,text/html,20745,2026-10-04 12:30:36,,,,OK,,C:/Users/Elvan/Downloads/rmd/rmd-site-crawl/html/dept/snh/research/rp2017.html,,,,,,
https://www.rmd.ac.in/dept/snh/research/rp2018.html,https://www.rmd.ac.in/dept/snh/research/rp2018.html,https://www.rmd.ac.in/dept/snh/research/rp2018.html,200,https://www.rmd.ac.in/dept/snh/research/rp2018.html,RMD ENGINEERING COLLEGE,2,,text/html,23885,2026-10-04 12:30:37,,,,OK,,C:/Users/Elvan/Downloads/rmd/rmd-site-crawl/html/dept/snh/research/rp2018.html,,,,,,
https://www.rmd.ac.in/dept/snh/research/rp2019.html,https://www.rmd.ac.in/dept/snh/research/rp2019.html,https://www.rmd.ac.in/dept/snh/research/rp2019.html,200,https://www.rmd.ac.in/dept/snh/research/rp2019.html,RMD ENGINEERING COLLEGE,2,,text/html,19157,2026-10-04 12:30:39,,,,OK,,C:/Users/Elvan/Downloads/rmd/rmd-site-crawl/html/dept/snh/research/rp2019.html,,,,,,
https://www.rmd.ac.in/dept/snh/research/rp2020.html,https://www.rmd.ac.in/dept/snh/research/rp2020.html,https://www.rmd.ac.in/dept/snh/research/rp2020.html,200,https://www.rmd.ac.in/dept/snh/research/rp2020.html,RMD ENGINEERING COLLEGE,2,,text/html,24094,2026-10-04 12:30:40,,,,OK,,C:/Users/Elvan/Downloads/rmd/rmd-site-crawl/html/dept/snh/research/rp2020.html,,,,,,
https://www.rmd.ac.in/dept/snh/research/rp2021.html,https://www.rmd.ac.in/dept/snh/research/rp2021.html,https://www.rmd.ac.in/dept/snh/research/rp2021.html,200,https://www.rmd.ac.in/dept/snh/research/rp2021.html,RMD ENGINEERING COLLEGE,2,,text/html,30841,2026-10-04 12:30:42,,,,OK,,C:/Users/Elvan/Downloads/rmd/rmd-site-crawl/html/dept/snh/research/rp2021.html,,,,,,
https://www.rmd.ac.in/dept/snh/research/rp2022.html,https://www.rmd.ac.in/dept/snh/research/rp2022.html,https://www.rmd.ac.in/dept/snh/research/rp2022.html,200,https://www.rmd.ac.in/dept/snh/research/rp2022.html,RMD ENGINEERING COLLEGE,2,,text/html,32459,2026-10-04 12:30:43,,,,OK,,C:/Users/Elvan/Downloads/rmd/rmd-site-crawl/html/dept/snh/research/rp2022.html,,,,,,
https://www.rmd.ac.in/dept/snh/research/rp2023.html,https://www.rmd.ac.in/dept/snh/research/rp2023.html,https://www.rmd.ac.in/dept/snh/research/rp2023.html,200,https://www.rmd.ac.in/dept/snh/research/rp2023.html,RMD ENGINEERING COLLEGE,2,,text/html,49464,2026-10-04 12:30:45,,,,OK,,C:/Users/Elvan/Downloads/rmd/rmd-site-crawl/html/dept/snh/research/rp2023.html,,,,,,
https://www.rmd.ac.in/dept/snh/research/rp2024.html,https://www.rmd.ac.in/dept/snh/research/rp2024.html,https://www.rmd.ac.in/dept/snh/research/rp2024.html,200,https://www.rmd.ac.in/dept/snh/research/rp2024.html,RMD ENGINEERING COLLEGE,2,,text/html,26124,2026-10-04 12:30:46,,,,OK,,C:/Users/Elvan/Downloads/rmd/rmd-site-crawl/html/dept/snh/research/rp2024.html,,,,,,
https://www.rmd.ac.in/dept/snh/research/rp2025.html,https://www.rmd.ac.in/dept/snh/research/rp2025.html,https://www.rmd.ac.in/dept/snh/research/rp2025.html,,,,2,,,,,,,,ERROR,,,,,,,,
https://www.rmd.ac.in/dept/snh/research/rpro.html,https://www.rmd.ac.in/dept/snh/research/rpro.html,https://www.rmd.ac.in/dept/snh/research/rpro.html,200,https://www.rmd.ac.in/dept/snh/research/rpro.html,RMD ENGINEERING COLLEGE,2,,text/html,24280,2026-10-04 12:30:48,,,,OK,,C:/Users/Elvan/Downloads/rmd/rmd-site-crawl/html/dept/snh/research/rpro.html,,,,,,
https://www.rmd.ac.in/eco/Organogram.html,https://www.rmd.ac.in/eco/Organogram.html,https://www.rmd.ac.in/eco/Organogram.html,404,https://www.rmd.ac.in/eco/Organogram.html,,2,,text/html; charset=iso-8859-1,,2026-10-04T11:40:11Z,,,,HTTP_ERROR,404,,,,,,,
https://www.rmd.ac.in/eco/chairman.html,https://www.rmd.ac.in/eco/chairman.html,https://www.rmd.ac.in/eco/chairman.html,404,https://www.rmd.ac.in/eco/chairman.html,,2,,text/html; charset=iso-8859-1,,2026-10-04T11:40:04Z,,,,HTTP_ERROR,404,,,,,,,
https://www.rmd.ac.in/eco/deanresearch.html,https://www.rmd.ac.in/eco/deanresearch.html,https://www.rmd.ac.in/eco/deanresearch.html,404,https://www.rmd.ac.in/eco/deanresearch.html,,2,,text/html; charset=iso-8859-1,,2026-10-04T11:40:10Z,,,,HTTP_ERROR,404,,,,,,,
https://www.rmd.ac.in/eco/dept/dept.html,https://www.rmd.ac.in/eco/dept/dept.html,https://www.rmd.ac.in/eco/dept/dept.html,404,https://www.rmd.ac.in/eco/dept/dept.html,,2,,text/html; charset=iso-8859-1,,2026-10-04T11:40:14Z,,,,HTTP_ERROR,404,,,,,,,
https://www.rmd.ac.in/eco/governig.html,https://www.rmd.ac.in/eco/governig.html,https://www.rmd.ac.in/eco/governig.html,404,https://www.rmd.ac.in/eco/governig.html,,2,,text/html; charset=iso-8859-1,,2026-10-04T11:40:07Z,,,,HTTP_ERROR,404,,,,,,,
https://www.rmd.ac.in/eco/managementteam.html,https://www.rmd.ac.in/eco/managementteam.html,https://www.rmd.ac.in/eco/managementteam.html,404,https://www.rmd.ac.in/eco/managementteam.html,,2,,text/html; charset=iso-8859-1,,2026-10-04T11:40:06Z,,,,HTTP_ERROR,404,,,,,,,
https://www.rmd.ac.in/eco/principal.html,https://www.rmd.ac.in/eco/principal.html,https://www.rmd.ac.in/eco/principal.html,404,https://www.rmd.ac.in/eco/principal.html,,2,,text/html; charset=iso-8859-1,,2026-10-04T11:40:09Z,,,,HTTP_ERROR,404,,,,,,,
https://www.rmd.ac.in/eco/vc.html,https://www.rmd.ac.in/eco/vc.html,https://www.rmd.ac.in/eco/vc.html,404,https://www.rmd.ac.in/eco/vc.html,,2,,text/html; charset=iso-8859-1,,2026-10-04T11:40:05Z,,,,HTTP_ERROR,404,,,,,,,
https://www.rmd.ac.in/edc/aboutnss.html,https://www.rmd.ac.in/edc/aboutnss.html,https://www.rmd.ac.in/edc/aboutnss.html,404,https://www.rmd.ac.in/edc/aboutnss.html,,2,,text/html; charset=iso-8859-1,,2026-10-04T11:42:40Z,,,,HTTP_ERROR,404,,,,,,,
https://www.rmd.ac.in/edc/dept/dept.html,https://www.rmd.ac.in/edc/dept/dept.html,https://www.rmd.ac.in/edc/dept/dept.html,404,https://www.rmd.ac.in/edc/dept/dept.html,,2,,text/html; charset=iso-8859-1,,2026-10-04T11:39:11Z,,,,HTTP_ERROR,404,,,,,,,
https://www.rmd.ac.in/examcell/dept/dept.html,https://www.rmd.ac.in/examcell/dept/dept.html,https://www.rmd.ac.in/examcell/dept/dept.html,404,https://www.rmd.ac.in/examcell/dept/dept.html,,2,,text/html; charset=iso-8859-1,,2026-10-04T11:31:29Z,,,,HTTP_ERROR,404,,,,,,,
https://www.rmd.ac.in/examcell/index.html.html,https://www.rmd.ac.in/examcell/index.html.html,https://www.rmd.ac.in/examcell/index.html.html,404,https://www.rmd.ac.in/examcell/index.html.html,,2,,text/html; charset=iso-8859-1,,2026-10-04T11:36:58Z,,,,HTTP_ERROR,404,,,,,,,
https://www.rmd.ac.in/graduationday.html,https://www.rmd.ac.in/graduationday.html,https://www.rmd.ac.in/graduationday.html,200,https://www.rmd.ac.in/graduationday.html,RMD ENGINEERING COLLEGE,2,,text/html,13261,2026-10-04 12:31:02,,,,OK,,C:/Users/Elvan/Downloads/rmd/rmd-site-crawl/html/graduationday.html,,,,,,
https://www.rmd.ac.in/iedc/dept/dept.html,https://www.rmd.ac.in/iedc/dept/dept.html,https://www.rmd.ac.in/iedc/dept/dept.html,404,https://www.rmd.ac.in/iedc/dept/dept.html,,2,,text/html; charset=iso-8859-1,,2026-10-04T11:39:19Z,,,,HTTP_ERROR,404,,,,,,,
https://www.rmd.ac.in/iic/dept/dept.html,https://www.rmd.ac.in/iic/dept/dept.html,https://www.rmd.ac.in/iic/dept/dept.html,404,https://www.rmd.ac.in/iic/dept/dept.html,,2,,text/html; charset=iso-8859-1,,2026-10-04T11:39:04Z,,,,HTTP_ERROR,404,,,,,,,
https://www.rmd.ac.in/iqac/dept/dept.html,https://www.rmd.ac.in/iqac/dept/dept.html,https://www.rmd.ac.in/iqac/dept/dept.html,404,https://www.rmd.ac.in/iqac/dept/dept.html,,2,,text/html; charset=iso-8859-1,,2026-10-04T11:37:37Z,,,,HTTP_ERROR,404,,,,,,,
https://www.rmd.ac.in/iqac/index.html,https://www.rmd.ac.in/iqac/index.html,https://www.rmd.ac.in/iqac/index.html,,,,2,,,,,,,,ERROR,,,,,,,,
https://www.rmd.ac.in/italy_germany_alumni_meet.html,https://www.rmd.ac.in/italy_germany_alumni_meet.html,https://www.rmd.ac.in/italy_germany_alumni_meet.html,200,https://www.rmd.ac.in/italy_germany_alumni_meet.html,RMD ENGINEERING COLLEGE,2,,text/html,6752,2026-10-04 12:31:07,,,,OK,,C:/Users/Elvan/Downloads/rmd/rmd-site-crawl/html/italy_germany_alumni_meet.html,,,,,,
https://www.rmd.ac.in/latest/academic/ae.html,https://www.rmd.ac.in/latest/academic/ae.html,https://www.rmd.ac.in/latest/academic/ae.html,404,https://www.rmd.ac.in/latest/academic/ae.html,,2,,text/html; charset=iso-8859-1,,2026-10-04T11:37:58Z,,,,HTTP_ERROR,404,,,,,,,
https://www.rmd.ac.in/latest/coe/coe.html,https://www.rmd.ac.in/latest/coe/coe.html,https://www.rmd.ac.in/latest/coe/coe.html,404,https://www.rmd.ac.in/latest/coe/coe.html,,2,,text/html; charset=iso-8859-1,,2026-10-04T11:38:00Z,,,,HTTP_ERROR,404,,,,,,,
https://www.rmd.ac.in/latest/edc/edc.html,https://www.rmd.ac.in/latest/edc/edc.html,https://www.rmd.ac.in/latest/edc/edc.html,404,https://www.rmd.ac.in/latest/edc/edc.html,,2,,text/html; charset=iso-8859-1,,2026-10-04T11:38:01Z,,,,HTTP_ERROR,404,,,,,,,
https://www.rmd.ac.in/library/aboutas.html,https://www.rmd.ac.in/library/aboutas.html,https://www.rmd.ac.in/library/aboutas.html,404,https://www.rmd.ac.in/library/aboutas.html,,2,,text/html; charset=iso-8859-1,,2026-10-04T11:38:08Z,,,,HTTP_ERROR,404,,,,,,,
https://www.rmd.ac.in/library/dept/dept.html,https://www.rmd.ac.in/library/dept/dept.html,https://www.rmd.ac.in/library/dept/dept.html,404,https://www.rmd.ac.in/library/dept/dept.html,,2,,text/html; charset=iso-8859-1,,2026-10-04T11:32:02Z,,,,HTTP_ERROR,404,,,,,,,
https://www.rmd.ac.in/library/research.html,https://www.rmd.ac.in/library/research.html,https://www.rmd.ac.in/library/research.html,404,https://www.rmd.ac.in/library/research.html,,2,,text/html; charset=iso-8859-1,,2026-10-04T11:38:07Z,,,,HTTP_ERROR,404,,,,,,,
https://www.rmd.ac.in/math/dept/dept.html,https://www.rmd.ac.in/math/dept/dept.html,https://www.rmd.ac.in/math/dept/dept.html,404,https://www.rmd.ac.in/math/dept/dept.html,,2,,text/html; charset=iso-8859-1,,2026-10-04T11:40:41Z,,,,HTTP_ERROR,404,,,,,,,
https://www.rmd.ac.in/msme/dept/dept.html,https://www.rmd.ac.in/msme/dept/dept.html,https://www.rmd.ac.in/msme/dept/dept.html,404,https://www.rmd.ac.in/msme/dept/dept.html,,2,,text/html; charset=iso-8859-1,,2026-10-04T11:39:26Z,,,,HTTP_ERROR,404,,,,,,,
https://www.rmd.ac.in/naac/Criteria2/2021-2022/,https://www.rmd.ac.in/naac/Criteria2/2021-2022/,https://www.rmd.ac.in/naac/Criteria2/2021-2022/,403,https://www.rmd.ac.in/naac/Criteria2/2021-2022/,,2,,text/html; charset=iso-8859-1,,2026-10-04T11:41:46Z,,,,HTTP_ERROR,403,,,,,,,
https://www.rmd.ac.in/naac/dept/dept.html,https://www.rmd.ac.in/naac/dept/dept.html,https://www.rmd.ac.in/naac/dept/dept.html,404,https://www.rmd.ac.in/naac/dept/dept.html,,2,,text/html; charset=iso-8859-1,,2026-10-04T11:33:18Z,,,,HTTP_ERROR,404,,,,,,,
https://www.rmd.ac.in/nirf/dept/dept.html,https://www.rmd.ac.in/nirf/dept/dept.html,https://www.rmd.ac.in/nirf/dept/dept.html,404,https://www.rmd.ac.in/nirf/dept/dept.html,,2,,text/html; charset=iso-8859-1,,2026-10-04T11:33:16Z,,,,HTTP_ERROR,404,,,,,,,
https://www.rmd.ac.in/nirf/index.html,https://www.rmd.ac.in/nirf/index.html,https://www.rmd.ac.in/nirf/index.html,,,,2,,,,,,,,ERROR,,,,,,,,
https://www.rmd.ac.in/nss/dept/dept.html,https://www.rmd.ac.in/nss/dept/dept.html,https://www.rmd.ac.in/nss/dept/dept.html,404,https://www.rmd.ac.in/nss/dept/dept.html,,2,,text/html; charset=iso-8859-1,,2026-10-04T11:40:27Z,,,,HTTP_ERROR,404,,,,,,,
https://www.rmd.ac.in/pdf/CyberSynapse,https://www.rmd.ac.in/pdf/CyberSynapse,https://www.rmd.ac.in/pdf/CyberSynapse,,,,2,,,,,,,,ERROR,,,,,,,,
https://www.rmd.ac.in/pdf/Invitation for Womens,https://www.rmd.ac.in/pdf/Invitation for Womens,https://www.rmd.ac.in/pdf/Invitation for Womens,,,,2,,,,,,,,ERROR,,,,,,,,
https://www.rmd.ac.in/pdf/Women,https://www.rmd.ac.in/pdf/Women,https://www.rmd.ac.in/pdf/Women,,,,2,,,,,,,,ERROR,,,,,,,,
https://www.rmd.ac.in/placement/Cisco Certified Network Associate (CCNA™),https://www.rmd.ac.in/placement/Cisco Certified Network Associate (CCNA™),https://www.rmd.ac.in/placement/Cisco Certified Network Associate (CCNA™),,,,2,,,,,,,,ERROR,,,,,,,,
https://www.rmd.ac.in/placement/Cisco Certified Network Professional (CCNP™),https://www.rmd.ac.in/placement/Cisco Certified Network Professional (CCNP™),https://www.rmd.ac.in/placement/Cisco Certified Network Professional (CCNP™),,,,2,,,,,,,,ERROR,,,,,,,,
https://www.rmd.ac.in/placement/dept/dept.html,https://www.rmd.ac.in/placement/dept/dept.html,https://www.rmd.ac.in/placement/dept/dept.html,404,https://www.rmd.ac.in/placement/dept/dept.html,,2,,text/html; charset=iso-8859-1,,2026-10-04T11:32:29Z,,,,HTTP_ERROR,404,,,,,,,
https://www.rmd.ac.in/placement/iip.html,https://www.rmd.ac.in/placement/iip.html,https://www.rmd.ac.in/placement/iip.html,404,https://www.rmd.ac.in/placement/iip.html,,2,,text/html; charset=iso-8859-1,,2026-10-04T11:38:06Z,,,,HTTP_ERROR,404,,,,,,,
https://www.rmd.ac.in/placement/mou.html,https://www.rmd.ac.in/placement/mou.html,https://www.rmd.ac.in/placement/mou.html,404,https://www.rmd.ac.in/placement/mou.html,,2,,text/html; charset=iso-8859-1,,2026-10-04T11:30:10Z,,,,HTTP_ERROR,404,,,,,,,
https://www.rmd.ac.in/placementresult1.html,https://www.rmd.ac.in/placementresult1.html,https://www.rmd.ac.in/placementresult1.html,404,https://www.rmd.ac.in/placementresult1.html,,2,,text/html; charset=iso-8859-1,,2026-10-04T11:35:21Z,,,,HTTP_ERROR,404,,,,,,,
https://www.rmd.ac.in/research/dept/dept.html,https://www.rmd.ac.in/research/dept/dept.html,https://www.rmd.ac.in/research/dept/dept.html,404,https://www.rmd.ac.in/research/dept/dept.html,,2,,text/html; charset=iso-8859-1,,2026-10-04T11:32:45Z,,,,HTTP_ERROR,404,,,,,,,
https://www.rmd.ac.in/show_fees_Committee.php,https://www.rmd.ac.in/show_fees_Committee.php,https://www.rmd.ac.in/show_fees_Committee.php,,https://www.rmd.ac.in/show_fees_Committee.php,,2,,,,2026-10-04T11:50:58Z,,,,NETWORK_ERROR,,,,,,,,
https://www.rmd.ac.in/sports/dept/dept.html,https://www.rmd.ac.in/sports/dept/dept.html,https://www.rmd.ac.in/sports/dept/dept.html,404,https://www.rmd.ac.in/sports/dept/dept.html,,2,,text/html; charset=iso-8859-1,,2026-10-04T11:32:15Z,,,,HTTP_ERROR,404,,,,,,,
https://www.rmd.ac.in/sports/sports/index.html,https://www.rmd.ac.in/sports/sports/index.html,https://www.rmd.ac.in/sports/sports/index.html,,,,2,,,,,,,,ERROR,,,,,,,,
https://www.rmd.ac.in/wec/WOMEN,https://www.rmd.ac.in/wec/WOMEN,https://www.rmd.ac.in/wec/WOMEN,,,,2,,,,,,,,ERROR,,,,,,,,
https://www.rmd.ac.in/wec/dept/dept.html,https://www.rmd.ac.in/wec/dept/dept.html,https://www.rmd.ac.in/wec/dept/dept.html,404,https://www.rmd.ac.in/wec/dept/dept.html,,2,,text/html; charset=iso-8859-1,,2026-10-04T11:41:39Z,,,,HTTP_ERROR,404,,,,,,,
https://www.rmd.ac.in/yoga/dept/dept.html,https://www.rmd.ac.in/yoga/dept/dept.html,https://www.rmd.ac.in/yoga/dept/dept.html,404,https://www.rmd.ac.in/yoga/dept/dept.html,,2,,text/html; charset=iso-8859-1,,2026-10-04T11:41:09Z,,,,HTTP_ERROR,404,,,,,,,
https://www.rmd.ac.in/yrc/dept/dept.html,https://www.rmd.ac.in/yrc/dept/dept.html,https://www.rmd.ac.in/yrc/dept/dept.html,404,https://www.rmd.ac.in/yrc/dept/dept.html,,2,,text/html; charset=iso-8859-1,,2026-10-04T11:40:20Z,,,,HTTP_ERROR,404,,,,,,,
