asset_url,asset_type,extension,filename,url_path,content_type,content_length,http_status_if_checked,check_note,source_page_count,first_source_page,reference_types
https://www.rmd.ac.in/ICIETDW_24/assets/Conference-template-A4.doc,DOCUMENT,doc,Conference-template-A4.doc,/ICIETDW_24/assets/Conference-template-A4.doc,application/msword,64000,200,,1,https://www.rmd.ac.in/ICIETDW_24/submission.html,a
https://www.rmd.ac.in/AICTE%20IDEA%20LAB.jpeg,IMAGE,jpeg,AICTE IDEA LAB.jpeg,/AICTE%20IDEA%20LAB.jpeg,image/jpeg,107836,200,,1,https://www.rmd.ac.in/,a
https://www.rmd.ac.in/ANTI-DRUG/images/arr.gif,IMAGE,gif,arr.gif,/ANTI-DRUG/images/arr.gif,image/gif,964,200,,2,https://www.rmd.ac.in/ANTI-DRUG/Objectives.html,img
https://www.rmd.ac.in/Ariia/down.png,IMAGE,png,down.png,/Ariia/down.png,image/png,1780,200,,1,https://www.rmd.ac.in/Ariia/ariia.html,img
https://www.rmd.ac.in/Coding_club/images/RAJESWARI.jpg,IMAGE,jpg,RAJESWARI.jpg,/Coding_club/images/RAJESWARI.jpg,image/jpeg,31520,200,,1,https://www.rmd.ac.in/Coding_club/contact.html,img
https://www.rmd.ac.in/Coding_club/images/ags.jpg,IMAGE,jpg,ags.jpg,/Coding_club/images/ags.jpg,image/jpeg,35654,200,,1,https://www.rmd.ac.in/Coding_club/contact.html,img
https://www.rmd.ac.in/Coding_club/images/codinglogo.jpg,IMAGE,jpg,codinglogo.jpg,/Coding_club/images/codinglogo.jpg,image/jpeg,624271,200,,4,https://www.rmd.ac.in/Coding_club/,img
https://www.rmd.ac.in/Coding_club/images/image-slider-1.jpg,IMAGE,jpg,image-slider-1.jpg,/Coding_club/images/image-slider-1.jpg,image/jpeg,109539,200,,1,https://www.rmd.ac.in/Coding_club/,img
https://www.rmd.ac.in/Coding_club/images/image-slider-2.jpg,IMAGE,jpg,image-slider-2.jpg,/Coding_club/images/image-slider-2.jpg,image/jpeg,96760,200,,1,https://www.rmd.ac.in/Coding_club/,img
https://www.rmd.ac.in/Coding_club/images/image-slider-3.jpg,IMAGE,jpg,image-slider-3.jpg,/Coding_club/images/image-slider-3.jpg,image/jpeg,104594,200,,1,https://www.rmd.ac.in/Coding_club/,img
https://www.rmd.ac.in/Cultural_club/images/Jyothi.jpg,IMAGE,jpg,Jyothi.jpg,/Cultural_club/images/Jyothi.jpg,image/jpeg,10691,200,,1,https://www.rmd.ac.in/Cultural_club/contact.html,img
https://www.rmd.ac.in/Cultural_club/images/culturallogo.jpg,IMAGE,jpg,culturallogo.jpg,/Cultural_club/images/culturallogo.jpg,image/jpeg,5404,200,,4,https://www.rmd.ac.in/Cultural_club/,img
https://www.rmd.ac.in/Cultural_club/images/image-slider-1.jpg,IMAGE,jpg,image-slider-1.jpg,/Cultural_club/images/image-slider-1.jpg,image/jpeg,66713,200,,1,https://www.rmd.ac.in/Cultural_club/,img
https://www.rmd.ac.in/Cultural_club/images/image-slider-2.jpg,IMAGE,jpg,image-slider-2.jpg,/Cultural_club/images/image-slider-2.jpg,image/jpeg,75051,200,,1,https://www.rmd.ac.in/Cultural_club/,img
https://www.rmd.ac.in/Cultural_club/images/image-slider-3.jpg,IMAGE,jpg,image-slider-3.jpg,/Cultural_club/images/image-slider-3.jpg,image/jpeg,62749,200,,1,https://www.rmd.ac.in/Cultural_club/,img
https://www.rmd.ac.in/HE/images/1.jpg,IMAGE,jpg,1.jpg,/HE/images/1.jpg,image/jpeg,5098,200,,2,https://www.rmd.ac.in/HE/contact.html,img
https://www.rmd.ac.in/HE/images/2.jpg,IMAGE,jpg,2.jpg,/HE/images/2.jpg,image/jpeg,6918,200,,1,https://www.rmd.ac.in/HE/members.html,img
https://www.rmd.ac.in/HE/images/3.jpg,IMAGE,jpg,3.jpg,/HE/images/3.jpg,image/jpeg,8775,200,,1,https://www.rmd.ac.in/HE/members.html,img
https://www.rmd.ac.in/HE/images/4.jpg,IMAGE,jpg,4.jpg,/HE/images/4.jpg,image/jpeg,6230,200,,1,https://www.rmd.ac.in/HE/members.html,img
https://www.rmd.ac.in/HE/images/5.jpg,IMAGE,jpg,5.jpg,/HE/images/5.jpg,image/jpeg,6216,200,,1,https://www.rmd.ac.in/HE/members.html,img
https://www.rmd.ac.in/HE/images/6.jpg,IMAGE,jpg,6.jpg,/HE/images/6.jpg,image/jpeg,7422,200,,1,https://www.rmd.ac.in/HE/members.html,img
https://www.rmd.ac.in/HE/images/ACCOLADES%201.png,IMAGE,png,ACCOLADES 1.png,/HE/images/ACCOLADES%201.png,image/png,115507,200,,1,https://www.rmd.ac.in/HE/,img
https://www.rmd.ac.in/HE/images/ACCOLADES%202.jpeg,IMAGE,jpeg,ACCOLADES 2.jpeg,/HE/images/ACCOLADES%202.jpeg,image/jpeg,43819,200,,1,https://www.rmd.ac.in/HE/,img
https://www.rmd.ac.in/HE/images/arr.gif,IMAGE,gif,arr.gif,/HE/images/arr.gif,image/gif,964,200,,1,https://www.rmd.ac.in/HE/,img
https://www.rmd.ac.in/HE/images/front%20image.jpg,IMAGE,jpg,front image.jpg,/HE/images/front%20image.jpg,image/jpeg,89461,200,,1,https://www.rmd.ac.in/HE/,img
https://www.rmd.ac.in/HE/images/image-slider-1.jpg,IMAGE,jpg,image-slider-1.jpg,/HE/images/image-slider-1.jpg,image/jpeg,71846,200,,1,https://www.rmd.ac.in/HE/,img
https://www.rmd.ac.in/HE/images/image-slider-10.jpg,IMAGE,jpg,image-slider-10.jpg,/HE/images/image-slider-10.jpg,image/jpeg,65224,200,,1,https://www.rmd.ac.in/HE/,img
https://www.rmd.ac.in/HE/images/image-slider-11.jpg,IMAGE,jpg,image-slider-11.jpg,/HE/images/image-slider-11.jpg,image/jpeg,48734,200,,1,https://www.rmd.ac.in/HE/,img
https://www.rmd.ac.in/HE/images/image-slider-12.jpg,IMAGE,jpg,image-slider-12.jpg,/HE/images/image-slider-12.jpg,image/jpeg,76054,200,,1,https://www.rmd.ac.in/HE/,img
https://www.rmd.ac.in/HE/images/image-slider-2.jpg,IMAGE,jpg,image-slider-2.jpg,/HE/images/image-slider-2.jpg,image/jpeg,66655,200,,1,https://www.rmd.ac.in/HE/,img
https://www.rmd.ac.in/HE/images/image-slider-3.jpg,IMAGE,jpg,image-slider-3.jpg,/HE/images/image-slider-3.jpg,image/jpeg,70603,200,,1,https://www.rmd.ac.in/HE/,img
https://www.rmd.ac.in/HE/images/image-slider-4.jpg,IMAGE,jpg,image-slider-4.jpg,/HE/images/image-slider-4.jpg,image/jpeg,54920,200,,1,https://www.rmd.ac.in/HE/,img
https://www.rmd.ac.in/HE/images/image-slider-5.jpg,IMAGE,jpg,image-slider-5.jpg,/HE/images/image-slider-5.jpg,image/jpeg,61717,200,,1,https://www.rmd.ac.in/HE/,img
https://www.rmd.ac.in/HE/images/image-slider-6.jpg,IMAGE,jpg,image-slider-6.jpg,/HE/images/image-slider-6.jpg,image/jpeg,69226,200,,1,https://www.rmd.ac.in/HE/,img
https://www.rmd.ac.in/HE/images/image-slider-7.jpg,IMAGE,jpg,image-slider-7.jpg,/HE/images/image-slider-7.jpg,image/jpeg,53369,200,,1,https://www.rmd.ac.in/HE/,img
https://www.rmd.ac.in/HE/images/image-slider-8.jpg,IMAGE,jpg,image-slider-8.jpg,/HE/images/image-slider-8.jpg,image/jpeg,62693,200,,1,https://www.rmd.ac.in/HE/,img
https://www.rmd.ac.in/HE/images/image-slider-9.jpg,IMAGE,jpg,image-slider-9.jpg,/HE/images/image-slider-9.jpg,image/jpeg,44108,200,,1,https://www.rmd.ac.in/HE/,img
https://www.rmd.ac.in/HE/images/roadmap.jpg,IMAGE,jpg,roadmap.jpg,/HE/images/roadmap.jpg,image/jpeg,121921,200,,1,https://www.rmd.ac.in/HE/roadmap.html,img
https://www.rmd.ac.in/ICIETDW_24/assets/images/Manoharan.jpg,IMAGE,jpg,Manoharan.jpg,/ICIETDW_24/assets/images/Manoharan.jpg,image/jpeg,9497,200,,1,https://www.rmd.ac.in/ICIETDW_24/comittee.html,img
https://www.rmd.ac.in/ICIETDW_24/assets/images/Palanichami.png,IMAGE,png,Palanichami.png,/ICIETDW_24/assets/images/Palanichami.png,image/png,74498,200,,1,https://www.rmd.ac.in/ICIETDW_24/comittee.html,img
https://www.rmd.ac.in/ICIETDW_24/assets/images/Pitchandi.jpg,IMAGE,jpg,Pitchandi.jpg,/ICIETDW_24/assets/images/Pitchandi.jpg,image/jpeg,15219,200,,1,https://www.rmd.ac.in/ICIETDW_24/comittee.html,img
https://www.rmd.ac.in/ICIETDW_24/assets/images/Principal.jpg,IMAGE,jpg,Principal.jpg,/ICIETDW_24/assets/images/Principal.jpg,image/jpeg,163271,200,,1,https://www.rmd.ac.in/ICIETDW_24/comittee.html,img
https://www.rmd.ac.in/ICIETDW_24/assets/images/Rmdlogo1.png,IMAGE,png,Rmdlogo1.png,/ICIETDW_24/assets/images/Rmdlogo1.png,image/png,63678,200,,1,https://www.rmd.ac.in/ICIETDW_24/,img
https://www.rmd.ac.in/ICIETDW_24/assets/images/comittee/chairman.png,IMAGE,png,chairman.png,/ICIETDW_24/assets/images/comittee/chairman.png,image/png,1016237,200,,1,https://www.rmd.ac.in/ICIETDW_24/comittee.html,img
https://www.rmd.ac.in/ICIETDW_24/assets/images/comittee/chairperson.png,IMAGE,png,chairperson.png,/ICIETDW_24/assets/images/comittee/chairperson.png,image/png,320444,200,,1,https://www.rmd.ac.in/ICIETDW_24/comittee.html,img
https://www.rmd.ac.in/ICIETDW_24/assets/images/comittee/chairperson1.jpg,IMAGE,jpg,chairperson1.jpg,/ICIETDW_24/assets/images/comittee/chairperson1.jpg,image/jpeg,25416,200,,1,https://www.rmd.ac.in/ICIETDW_24/comittee.html,img
https://www.rmd.ac.in/ICIETDW_24/assets/images/comittee/director.jpg,IMAGE,jpg,director.jpg,/ICIETDW_24/assets/images/comittee/director.jpg,image/jpeg,6875,200,,1,https://www.rmd.ac.in/ICIETDW_24/comittee.html,img
https://www.rmd.ac.in/ICIETDW_24/assets/images/comittee/rmkishore.jpeg,IMAGE,jpeg,rmkishore.jpeg,/ICIETDW_24/assets/images/comittee/rmkishore.jpeg,image/jpeg,98996,200,,1,https://www.rmd.ac.in/ICIETDW_24/comittee.html,img
https://www.rmd.ac.in/ICIETDW_24/assets/images/comittee/secretary.jpg,IMAGE,jpg,secretary.jpg,/ICIETDW_24/assets/images/comittee/secretary.jpg,image/jpeg,21857,200,,1,https://www.rmd.ac.in/ICIETDW_24/comittee.html,img
https://www.rmd.ac.in/ICIETDW_24/assets/images/comittee/trustee.jpg,IMAGE,jpg,trustee.jpg,/ICIETDW_24/assets/images/comittee/trustee.jpg,image/jpeg,8482,200,,1,https://www.rmd.ac.in/ICIETDW_24/comittee.html,img
https://www.rmd.ac.in/ICIETDW_24/assets/images/deen.jpg,IMAGE,jpg,deen.jpg,/ICIETDW_24/assets/images/deen.jpg,image/jpeg,78798,200,,1,https://www.rmd.ac.in/ICIETDW_24/comittee.html,img
https://www.rmd.ac.in/ICIETDW_24/assets/images/hod.jpg,IMAGE,jpg,hod.jpg,/ICIETDW_24/assets/images/hod.jpg,image/jpeg,2654208,200,,1,https://www.rmd.ac.in/ICIETDW_24/comittee.html,img
https://www.rmd.ac.in/ICIETDW_24/assets/images/ieee-chairman.jpg,IMAGE,jpg,ieee-chairman.jpg,/ICIETDW_24/assets/images/ieee-chairman.jpg,image/jpeg,149218,200,,1,https://www.rmd.ac.in/ICIETDW_24/comittee.html,img
https://www.rmd.ac.in/ICIETDW_24/assets/images/ieee-sec.jpg,IMAGE,jpg,ieee-sec.jpg,/ICIETDW_24/assets/images/ieee-sec.jpg,image/jpeg,186899,200,,1,https://www.rmd.ac.in/ICIETDW_24/comittee.html,img
https://www.rmd.ac.in/ICIETDW_24/assets/images/ieee-treasure.jpg,IMAGE,jpg,ieee-treasure.jpg,/ICIETDW_24/assets/images/ieee-treasure.jpg,image/jpeg,5777,200,,1,https://www.rmd.ac.in/ICIETDW_24/comittee.html,img
https://www.rmd.ac.in/ICIETDW_24/assets/images/joe.jpg,IMAGE,jpg,joe.jpg,/ICIETDW_24/assets/images/joe.jpg,image/jpeg,105342,200,,1,https://www.rmd.ac.in/ICIETDW_24/comittee.html,img
https://www.rmd.ac.in/ICIETDW_24/assets/images/priya.jpg,IMAGE,jpg,priya.jpg,/ICIETDW_24/assets/images/priya.jpg,image/jpeg,1321496,200,,1,https://www.rmd.ac.in/ICIETDW_24/comittee.html,img
https://www.rmd.ac.in/ICIETDW_24/assets/images/rukmani.jpg,IMAGE,jpg,rukmani.jpg,/ICIETDW_24/assets/images/rukmani.jpg,image/jpeg,97011,200,,1,https://www.rmd.ac.in/ICIETDW_24/comittee.html,img
https://www.rmd.ac.in/ICIETDW_24/assets/images/speakers/speaker3.jpg,IMAGE,jpg,speaker3.jpg,/ICIETDW_24/assets/images/speakers/speaker3.jpg,image/jpeg,21858,200,,1,https://www.rmd.ac.in/ICIETDW_24/keynote.html,img
https://www.rmd.ac.in/ICIETDW_24/assets/images/speakers/speaker4.png,IMAGE,png,speaker4.png,/ICIETDW_24/assets/images/speakers/speaker4.png,image/png,370820,200,,1,https://www.rmd.ac.in/ICIETDW_24/keynote.html,img
https://www.rmd.ac.in/ICIETDW_24/assets/images/vignes.jpg,IMAGE,jpg,vignes.jpg,/ICIETDW_24/assets/images/vignes.jpg,image/jpeg,17491,200,,1,https://www.rmd.ac.in/ICIETDW_24/keynote.html,img
https://www.rmd.ac.in/IIC%20star%20rating.jpeg,IMAGE,jpeg,IIC star rating.jpeg,/IIC%20star%20rating.jpeg,image/jpeg,39652,200,,1,https://www.rmd.ac.in/,a
https://www.rmd.ac.in/IPR/images/arr.gif,IMAGE,gif,arr.gif,/IPR/images/arr.gif,image/gif,964,200,,3,https://www.rmd.ac.in/IPR/,img
https://www.rmd.ac.in/IPR/images/srinivasan.jpg,IMAGE,jpg,srinivasan.jpg,/IPR/images/srinivasan.jpg,image/jpeg,29302,200,,1,https://www.rmd.ac.in/IPR/contact.html,img
https://www.rmd.ac.in/Idea_Lab/images/3D%20Printers.JPG,IMAGE,jpg,3D Printers.JPG,/Idea_Lab/images/3D%20Printers.JPG,image/jpeg,73149,200,,1,https://www.rmd.ac.in/Idea_Lab/abouteco.html,img
https://www.rmd.ac.in/Idea_Lab/images/CNC%20Router.JPG,IMAGE,jpg,CNC Router.JPG,/Idea_Lab/images/CNC%20Router.JPG,image/jpeg,74710,200,,1,https://www.rmd.ac.in/Idea_Lab/abouteco.html,img
https://www.rmd.ac.in/Idea_Lab/images/Heat%20Press%20Machine.JPG,IMAGE,jpg,Heat Press Machine.JPG,/Idea_Lab/images/Heat%20Press%20Machine.JPG,image/jpeg,72130,200,,1,https://www.rmd.ac.in/Idea_Lab/abouteco.html,img
https://www.rmd.ac.in/Idea_Lab/images/LASER%20Cutter.JPG,IMAGE,jpg,LASER Cutter.JPG,/Idea_Lab/images/LASER%20Cutter.JPG,image/jpeg,62314,200,,1,https://www.rmd.ac.in/Idea_Lab/abouteco.html,img
https://www.rmd.ac.in/Idea_Lab/images/PCB%20Milling%20Machine.JPG,IMAGE,jpg,PCB Milling Machine.JPG,/Idea_Lab/images/PCB%20Milling%20Machine.JPG,image/jpeg,45191,200,,1,https://www.rmd.ac.in/Idea_Lab/abouteco.html,img
https://www.rmd.ac.in/Idea_Lab/images/arr.gif,IMAGE,gif,arr.gif,/Idea_Lab/images/arr.gif,image/gif,964,200,,2,https://www.rmd.ac.in/Idea_Lab/abouteco.html,img
https://www.rmd.ac.in/Idea_Lab/images/ashok.png,IMAGE,png,ashok.png,/Idea_Lab/images/ashok.png,image/png,36858,200,,1,https://www.rmd.ac.in/Idea_Lab/contact.html,img
https://www.rmd.ac.in/Idea_Lab/images/bennila.png,IMAGE,png,bennila.png,/Idea_Lab/images/bennila.png,image/png,106199,200,,1,https://www.rmd.ac.in/Idea_Lab/contact.html,img
https://www.rmd.ac.in/Idea_Lab/images/helen.png,IMAGE,png,helen.png,/Idea_Lab/images/helen.png,image/png,96755,200,,1,https://www.rmd.ac.in/Idea_Lab/contact.html,img
https://www.rmd.ac.in/Idea_Lab/images/idealogo.png,IMAGE,png,idealogo.png,/Idea_Lab/images/idealogo.png,image/png,15471,200,,5,https://www.rmd.ac.in/Idea_Lab/,img
https://www.rmd.ac.in/Idea_Lab/images/image-slider-1.JPG,IMAGE,jpg,image-slider-1.JPG,/Idea_Lab/images/image-slider-1.JPG,image/jpeg,99871,200,,1,https://www.rmd.ac.in/Idea_Lab/,img
https://www.rmd.ac.in/Idea_Lab/images/image-slider-2.JPG,IMAGE,jpg,image-slider-2.JPG,/Idea_Lab/images/image-slider-2.JPG,image/jpeg,92537,200,,1,https://www.rmd.ac.in/Idea_Lab/,img
https://www.rmd.ac.in/Idea_Lab/images/image-slider-3.JPG,IMAGE,jpg,image-slider-3.JPG,/Idea_Lab/images/image-slider-3.JPG,image/jpeg,99052,200,,1,https://www.rmd.ac.in/Idea_Lab/,img
https://www.rmd.ac.in/Idea_Lab/images/image-slider-4.JPG,IMAGE,jpg,image-slider-4.JPG,/Idea_Lab/images/image-slider-4.JPG,image/jpeg,114094,200,,1,https://www.rmd.ac.in/Idea_Lab/,img
https://www.rmd.ac.in/Idea_Lab/images/image-slider-5.JPG,IMAGE,jpg,image-slider-5.JPG,/Idea_Lab/images/image-slider-5.JPG,image/jpeg,89556,200,,1,https://www.rmd.ac.in/Idea_Lab/,img
https://www.rmd.ac.in/Idea_Lab/images/image-slider-6.JPG,IMAGE,jpg,image-slider-6.JPG,/Idea_Lab/images/image-slider-6.JPG,image/jpeg,85215,200,,1,https://www.rmd.ac.in/Idea_Lab/,img
https://www.rmd.ac.in/Idea_Lab/images/karuppaiah.png,IMAGE,png,karuppaiah.png,/Idea_Lab/images/karuppaiah.png,image/png,51293,200,,1,https://www.rmd.ac.in/Idea_Lab/contact.html,img
https://www.rmd.ac.in/Idea_Lab/images/padma.png,IMAGE,png,padma.png,/Idea_Lab/images/padma.png,image/png,48677,200,,1,https://www.rmd.ac.in/Idea_Lab/contact.html,img
https://www.rmd.ac.in/Idea_Lab/images/principal.png,IMAGE,png,principal.png,/Idea_Lab/images/principal.png,image/png,209834,200,,1,https://www.rmd.ac.in/Idea_Lab/contact.html,img
https://www.rmd.ac.in/Idea_Lab/images/santhoshini.png,IMAGE,png,santhoshini.png,/Idea_Lab/images/santhoshini.png,image/png,79068,200,,1,https://www.rmd.ac.in/Idea_Lab/contact.html,img
https://www.rmd.ac.in/Language_club/images/Vani.jpg,IMAGE,jpg,Vani.jpg,/Language_club/images/Vani.jpg,image/jpeg,24860,200,,1,https://www.rmd.ac.in/Language_club/contact.html,img
https://www.rmd.ac.in/Language_club/images/image-slider-1.jpg,IMAGE,jpg,image-slider-1.jpg,/Language_club/images/image-slider-1.jpg,image/jpeg,83052,200,,1,https://www.rmd.ac.in/Language_club/,img
https://www.rmd.ac.in/Language_club/images/image-slider-2.jpg,IMAGE,jpg,image-slider-2.jpg,/Language_club/images/image-slider-2.jpg,image/jpeg,104631,200,,1,https://www.rmd.ac.in/Language_club/,img
https://www.rmd.ac.in/Language_club/images/image-slider-3.jpg,IMAGE,jpg,image-slider-3.jpg,/Language_club/images/image-slider-3.jpg,image/jpeg,96257,200,,1,https://www.rmd.ac.in/Language_club/,img
https://www.rmd.ac.in/Language_club/images/languagelogo.jpg,IMAGE,jpg,languagelogo.jpg,/Language_club/images/languagelogo.jpg,image/jpeg,3812,200,,4,https://www.rmd.ac.in/Language_club/,img
https://www.rmd.ac.in/Onlinecourse/images/SUMITHRA.jpg,IMAGE,jpg,SUMITHRA.jpg,/Onlinecourse/images/SUMITHRA.jpg,image/jpeg,16707,200,,1,https://www.rmd.ac.in/Onlinecourse/contact.html,img
https://www.rmd.ac.in/Onlinecourse/images/nptel_19_20.png,IMAGE,png,nptel_19_20.png,/Onlinecourse/images/nptel_19_20.png,image/png,38475,200,,1,https://www.rmd.ac.in/Onlinecourse/nptel.html,img
https://www.rmd.ac.in/Onlinecourse/images/nptel_20_21.png,IMAGE,png,nptel_20_21.png,/Onlinecourse/images/nptel_20_21.png,image/png,31462,200,,1,https://www.rmd.ac.in/Onlinecourse/nptel.html,img
https://www.rmd.ac.in/Onlinecourse/images/nptel_21_22.png,IMAGE,png,nptel_21_22.png,/Onlinecourse/images/nptel_21_22.png,image/png,35339,200,,1,https://www.rmd.ac.in/Onlinecourse/nptel.html,img
https://www.rmd.ac.in/Onlinecourse/images/nptel_22_23.png,IMAGE,png,nptel_22_23.png,/Onlinecourse/images/nptel_22_23.png,image/png,34300,200,,1,https://www.rmd.ac.in/Onlinecourse/nptel.html,img
https://www.rmd.ac.in/Onlinecourse/images/nptel_23_24.png,IMAGE,png,nptel_23_24.png,/Onlinecourse/images/nptel_23_24.png,image/png,37906,200,,1,https://www.rmd.ac.in/Onlinecourse/nptel.html,img
https://www.rmd.ac.in/Onlinecourse/images/others_19_20.png,IMAGE,png,others_19_20.png,/Onlinecourse/images/others_19_20.png,image/png,40334,200,,1,https://www.rmd.ac.in/Onlinecourse/others.html,img
https://www.rmd.ac.in/Onlinecourse/images/others_20_21.png,IMAGE,png,others_20_21.png,/Onlinecourse/images/others_20_21.png,image/png,40727,200,,1,https://www.rmd.ac.in/Onlinecourse/others.html,img
https://www.rmd.ac.in/Onlinecourse/images/others_21_22.png,IMAGE,png,others_21_22.png,/Onlinecourse/images/others_21_22.png,image/png,44759,200,,1,https://www.rmd.ac.in/Onlinecourse/others.html,img
https://www.rmd.ac.in/Onlinecourse/images/others_22_23.png,IMAGE,png,others_22_23.png,/Onlinecourse/images/others_22_23.png,image/png,44530,200,,1,https://www.rmd.ac.in/Onlinecourse/others.html,img
https://www.rmd.ac.in/Onlinecourse/images/others_23_24.png,IMAGE,png,others_23_24.png,/Onlinecourse/images/others_23_24.png,image/png,37878,200,,1,https://www.rmd.ac.in/Onlinecourse/others.html,img
https://www.rmd.ac.in/Photo_club/images/Ashok.jpg,IMAGE,jpg,Ashok.jpg,/Photo_club/images/Ashok.jpg,image/jpeg,15985,200,,1,https://www.rmd.ac.in/Photo_club/contact.html,img
https://www.rmd.ac.in/Photo_club/images/PRABAHARAN.jpg,IMAGE,jpg,PRABAHARAN.jpg,/Photo_club/images/PRABAHARAN.jpg,image/jpeg,15152,200,,1,https://www.rmd.ac.in/Photo_club/contact.html,img
https://www.rmd.ac.in/Photo_club/images/image-slider-1.jpg,IMAGE,jpg,image-slider-1.jpg,/Photo_club/images/image-slider-1.jpg,image/jpeg,105156,200,,1,https://www.rmd.ac.in/Photo_club/,img
https://www.rmd.ac.in/Photo_club/images/image-slider-2.jpg,IMAGE,jpg,image-slider-2.jpg,/Photo_club/images/image-slider-2.jpg,image/jpeg,106370,200,,1,https://www.rmd.ac.in/Photo_club/,img
https://www.rmd.ac.in/Photo_club/images/image-slider-3.jpg,IMAGE,jpg,image-slider-3.jpg,/Photo_club/images/image-slider-3.jpg,image/jpeg,101540,200,,1,https://www.rmd.ac.in/Photo_club/,img
https://www.rmd.ac.in/Photo_club/images/phorologo.jpg,IMAGE,jpg,phorologo.jpg,/Photo_club/images/phorologo.jpg,image/jpeg,4581,200,,4,https://www.rmd.ac.in/Photo_club/,img
https://www.rmd.ac.in/Science_club/images/Ranjani.jpg,IMAGE,jpg,Ranjani.jpg,/Science_club/images/Ranjani.jpg,image/jpeg,35026,200,,1,https://www.rmd.ac.in/Science_club/contact.html,img
https://www.rmd.ac.in/Science_club/images/Srinivasan.jpg,IMAGE,jpg,Srinivasan.jpg,/Science_club/images/Srinivasan.jpg,image/jpeg,10501,200,,1,https://www.rmd.ac.in/Science_club/contact.html,img
https://www.rmd.ac.in/Science_club/images/image-slider-1.jpg,IMAGE,jpg,image-slider-1.jpg,/Science_club/images/image-slider-1.jpg,image/jpeg,95323,200,,1,https://www.rmd.ac.in/Science_club/,img
https://www.rmd.ac.in/Science_club/images/image-slider-2.jpg,IMAGE,jpg,image-slider-2.jpg,/Science_club/images/image-slider-2.jpg,image/jpeg,84233,200,,1,https://www.rmd.ac.in/Science_club/,img
https://www.rmd.ac.in/Science_club/images/image-slider-3.jpg,IMAGE,jpg,image-slider-3.jpg,/Science_club/images/image-slider-3.jpg,image/jpeg,99265,200,,1,https://www.rmd.ac.in/Science_club/,img
https://www.rmd.ac.in/Science_club/images/sciencelogo.jpg,IMAGE,jpg,sciencelogo.jpg,/Science_club/images/sciencelogo.jpg,image/jpeg,2660,200,,4,https://www.rmd.ac.in/Science_club/,img
https://www.rmd.ac.in/Startup/images/arr.gif,IMAGE,gif,arr.gif,/Startup/images/arr.gif,image/gif,964,200,,3,https://www.rmd.ac.in/Startup/,img
https://www.rmd.ac.in/Startup/images/shoba.jpg,IMAGE,jpg,shoba.jpg,/Startup/images/shoba.jpg,image/jpeg,11543,200,,1,https://www.rmd.ac.in/Startup/contact.html,img
https://www.rmd.ac.in/Tech_club/images/MEEPHIN.jpg,IMAGE,jpg,MEEPHIN.jpg,/Tech_club/images/MEEPHIN.jpg,,,,,1,https://www.rmd.ac.in/Tech_club/contact.html,img
https://www.rmd.ac.in/Tech_club/images/SUMAIYA.jpg,IMAGE,jpg,SUMAIYA.jpg,/Tech_club/images/SUMAIYA.jpg,,,,,1,https://www.rmd.ac.in/Tech_club/contact.html,img
https://www.rmd.ac.in/Tech_club/images/image-slider-1.jpg,IMAGE,jpg,image-slider-1.jpg,/Tech_club/images/image-slider-1.jpg,,,,,1,https://www.rmd.ac.in/Tech_club/,img
https://www.rmd.ac.in/Tech_club/images/image-slider-2.jpg,IMAGE,jpg,image-slider-2.jpg,/Tech_club/images/image-slider-2.jpg,,,,,1,https://www.rmd.ac.in/Tech_club/,img
https://www.rmd.ac.in/Tech_club/images/image-slider-3.jpg,IMAGE,jpg,image-slider-3.jpg,/Tech_club/images/image-slider-3.jpg,,,,,1,https://www.rmd.ac.in/Tech_club/,img
https://www.rmd.ac.in/Tech_club/images/techlogo.jpg,IMAGE,jpg,techlogo.jpg,/Tech_club/images/techlogo.jpg,,,,,4,https://www.rmd.ac.in/Tech_club/,img
https://www.rmd.ac.in/Techcrescenza'24/favicon_io/favicon.ico,IMAGE,ico,favicon.ico,/Techcrescenza'24/favicon_io/favicon.ico,,,,,1,https://www.rmd.ac.in/Techcrescenza'24/,icon
https://www.rmd.ac.in/UHV_club/images/Rekha.jpg,IMAGE,jpg,Rekha.jpg,/UHV_club/images/Rekha.jpg,,,,,1,https://www.rmd.ac.in/UHV_club/contact.html,img
https://www.rmd.ac.in/UHV_club/images/image-slider-1.jpg,IMAGE,jpg,image-slider-1.jpg,/UHV_club/images/image-slider-1.jpg,,,,,1,https://www.rmd.ac.in/UHV_club/,img
https://www.rmd.ac.in/UHV_club/images/image-slider-2.jpg,IMAGE,jpg,image-slider-2.jpg,/UHV_club/images/image-slider-2.jpg,,,,,1,https://www.rmd.ac.in/UHV_club/,img
https://www.rmd.ac.in/UHV_club/images/image-slider-3.jpg,IMAGE,jpg,image-slider-3.jpg,/UHV_club/images/image-slider-3.jpg,,,,,1,https://www.rmd.ac.in/UHV_club/,img
https://www.rmd.ac.in/UHV_club/images/image-slider-4.jpg,IMAGE,jpg,image-slider-4.jpg,/UHV_club/images/image-slider-4.jpg,,,,,1,https://www.rmd.ac.in/UHV_club/,img
https://www.rmd.ac.in/UHV_club/images/uhvlogo.jpg,IMAGE,jpg,uhvlogo.jpg,/UHV_club/images/uhvlogo.jpg,,,,,4,https://www.rmd.ac.in/UHV_club/,img
https://www.rmd.ac.in/aboutus/click.jpg,IMAGE,jpg,click.jpg,/aboutus/click.jpg,,,,,1,https://www.rmd.ac.in/aboutus/academicprog.html,img
https://www.rmd.ac.in/aboutus/images/guest/1.jpg,IMAGE,jpg,1.jpg,/aboutus/images/guest/1.jpg,,,,,1,https://www.rmd.ac.in/aboutus/guest.html,img
https://www.rmd.ac.in/aboutus/images/guest/10.jpg,IMAGE,jpg,10.jpg,/aboutus/images/guest/10.jpg,,,,,1,https://www.rmd.ac.in/aboutus/guest.html,img
https://www.rmd.ac.in/aboutus/images/guest/11.jpg,IMAGE,jpg,11.jpg,/aboutus/images/guest/11.jpg,,,,,1,https://www.rmd.ac.in/aboutus/guest.html,img
https://www.rmd.ac.in/aboutus/images/guest/12.jpg,IMAGE,jpg,12.jpg,/aboutus/images/guest/12.jpg,,,,,1,https://www.rmd.ac.in/aboutus/guest.html,img
https://www.rmd.ac.in/aboutus/images/guest/13.jpg,IMAGE,jpg,13.jpg,/aboutus/images/guest/13.jpg,,,,,1,https://www.rmd.ac.in/aboutus/guest.html,img
https://www.rmd.ac.in/aboutus/images/guest/14.jpg,IMAGE,jpg,14.jpg,/aboutus/images/guest/14.jpg,,,,,1,https://www.rmd.ac.in/aboutus/guest.html,img
https://www.rmd.ac.in/aboutus/images/guest/15.jpg,IMAGE,jpg,15.jpg,/aboutus/images/guest/15.jpg,,,,,1,https://www.rmd.ac.in/aboutus/guest.html,img
https://www.rmd.ac.in/aboutus/images/guest/16.jpg,IMAGE,jpg,16.jpg,/aboutus/images/guest/16.jpg,,,,,1,https://www.rmd.ac.in/aboutus/guest.html,img
https://www.rmd.ac.in/aboutus/images/guest/17.jpg,IMAGE,jpg,17.jpg,/aboutus/images/guest/17.jpg,,,,,1,https://www.rmd.ac.in/aboutus/guest.html,img
https://www.rmd.ac.in/aboutus/images/guest/18.jpg,IMAGE,jpg,18.jpg,/aboutus/images/guest/18.jpg,,,,,1,https://www.rmd.ac.in/aboutus/guest.html,img
https://www.rmd.ac.in/aboutus/images/guest/19.jpg,IMAGE,jpg,19.jpg,/aboutus/images/guest/19.jpg,,,,,1,https://www.rmd.ac.in/aboutus/guest.html,img
https://www.rmd.ac.in/aboutus/images/guest/2.jpg,IMAGE,jpg,2.jpg,/aboutus/images/guest/2.jpg,,,,,1,https://www.rmd.ac.in/aboutus/guest.html,img
https://www.rmd.ac.in/aboutus/images/guest/20.jpg,IMAGE,jpg,20.jpg,/aboutus/images/guest/20.jpg,,,,,1,https://www.rmd.ac.in/aboutus/guest.html,img
https://www.rmd.ac.in/aboutus/images/guest/21.jpg,IMAGE,jpg,21.jpg,/aboutus/images/guest/21.jpg,,,,,1,https://www.rmd.ac.in/aboutus/guest.html,img
https://www.rmd.ac.in/aboutus/images/guest/22.jpg,IMAGE,jpg,22.jpg,/aboutus/images/guest/22.jpg,,,,,1,https://www.rmd.ac.in/aboutus/guest.html,img
https://www.rmd.ac.in/aboutus/images/guest/23.jpg,IMAGE,jpg,23.jpg,/aboutus/images/guest/23.jpg,,,,,1,https://www.rmd.ac.in/aboutus/guest.html,img
https://www.rmd.ac.in/aboutus/images/guest/24.jpg,IMAGE,jpg,24.jpg,/aboutus/images/guest/24.jpg,,,,,1,https://www.rmd.ac.in/aboutus/guest.html,img
https://www.rmd.ac.in/aboutus/images/guest/25.jpg,IMAGE,jpg,25.jpg,/aboutus/images/guest/25.jpg,,,,,1,https://www.rmd.ac.in/aboutus/guest.html,img
https://www.rmd.ac.in/aboutus/images/guest/26.jpg,IMAGE,jpg,26.jpg,/aboutus/images/guest/26.jpg,,,,,1,https://www.rmd.ac.in/aboutus/guest.html,img
https://www.rmd.ac.in/aboutus/images/guest/27.jpg,IMAGE,jpg,27.jpg,/aboutus/images/guest/27.jpg,,,,,1,https://www.rmd.ac.in/aboutus/guest.html,img
https://www.rmd.ac.in/aboutus/images/guest/28.jpg,IMAGE,jpg,28.jpg,/aboutus/images/guest/28.jpg,,,,,1,https://www.rmd.ac.in/aboutus/guest.html,img
https://www.rmd.ac.in/aboutus/images/guest/29.jpg,IMAGE,jpg,29.jpg,/aboutus/images/guest/29.jpg,,,,,1,https://www.rmd.ac.in/aboutus/guest.html,img
https://www.rmd.ac.in/aboutus/images/guest/3.jpg,IMAGE,jpg,3.jpg,/aboutus/images/guest/3.jpg,,,,,1,https://www.rmd.ac.in/aboutus/guest.html,img
https://www.rmd.ac.in/aboutus/images/guest/30.jpg,IMAGE,jpg,30.jpg,/aboutus/images/guest/30.jpg,,,,,1,https://www.rmd.ac.in/aboutus/guest.html,img
https://www.rmd.ac.in/aboutus/images/guest/31.jpg,IMAGE,jpg,31.jpg,/aboutus/images/guest/31.jpg,,,,,1,https://www.rmd.ac.in/aboutus/guest.html,img
https://www.rmd.ac.in/aboutus/images/guest/32.jpg,IMAGE,jpg,32.jpg,/aboutus/images/guest/32.jpg,,,,,1,https://www.rmd.ac.in/aboutus/guest.html,img
https://www.rmd.ac.in/aboutus/images/guest/33.jpg,IMAGE,jpg,33.jpg,/aboutus/images/guest/33.jpg,,,,,1,https://www.rmd.ac.in/aboutus/guest.html,img
https://www.rmd.ac.in/aboutus/images/guest/34.jpg,IMAGE,jpg,34.jpg,/aboutus/images/guest/34.jpg,,,,,1,https://www.rmd.ac.in/aboutus/guest.html,img
https://www.rmd.ac.in/aboutus/images/guest/35.jpg,IMAGE,jpg,35.jpg,/aboutus/images/guest/35.jpg,,,,,1,https://www.rmd.ac.in/aboutus/guest.html,img
https://www.rmd.ac.in/aboutus/images/guest/36.jpg,IMAGE,jpg,36.jpg,/aboutus/images/guest/36.jpg,,,,,1,https://www.rmd.ac.in/aboutus/guest.html,img
https://www.rmd.ac.in/aboutus/images/guest/37.jpg,IMAGE,jpg,37.jpg,/aboutus/images/guest/37.jpg,,,,,1,https://www.rmd.ac.in/aboutus/guest.html,img
https://www.rmd.ac.in/aboutus/images/guest/38.jpg,IMAGE,jpg,38.jpg,/aboutus/images/guest/38.jpg,,,,,1,https://www.rmd.ac.in/aboutus/guest.html,img
https://www.rmd.ac.in/aboutus/images/guest/39.jpg,IMAGE,jpg,39.jpg,/aboutus/images/guest/39.jpg,,,,,1,https://www.rmd.ac.in/aboutus/guest.html,img
https://www.rmd.ac.in/aboutus/images/guest/4.jpg,IMAGE,jpg,4.jpg,/aboutus/images/guest/4.jpg,,,,,1,https://www.rmd.ac.in/aboutus/guest.html,img
https://www.rmd.ac.in/aboutus/images/guest/40.jpg,IMAGE,jpg,40.jpg,/aboutus/images/guest/40.jpg,,,,,1,https://www.rmd.ac.in/aboutus/guest.html,img
https://www.rmd.ac.in/aboutus/images/guest/41.jpg,IMAGE,jpg,41.jpg,/aboutus/images/guest/41.jpg,,,,,1,https://www.rmd.ac.in/aboutus/guest.html,img
https://www.rmd.ac.in/aboutus/images/guest/42.jpg,IMAGE,jpg,42.jpg,/aboutus/images/guest/42.jpg,,,,,1,https://www.rmd.ac.in/aboutus/guest.html,img
https://www.rmd.ac.in/aboutus/images/guest/43.jpg,IMAGE,jpg,43.jpg,/aboutus/images/guest/43.jpg,,,,,1,https://www.rmd.ac.in/aboutus/guest.html,img
https://www.rmd.ac.in/aboutus/images/guest/44.jpg,IMAGE,jpg,44.jpg,/aboutus/images/guest/44.jpg,,,,,1,https://www.rmd.ac.in/aboutus/guest.html,img
https://www.rmd.ac.in/aboutus/images/guest/45.jpg,IMAGE,jpg,45.jpg,/aboutus/images/guest/45.jpg,,,,,1,https://www.rmd.ac.in/aboutus/guest.html,img
https://www.rmd.ac.in/aboutus/images/guest/46.jpg,IMAGE,jpg,46.jpg,/aboutus/images/guest/46.jpg,,,,,1,https://www.rmd.ac.in/aboutus/guest.html,img
https://www.rmd.ac.in/aboutus/images/guest/47.jpg,IMAGE,jpg,47.jpg,/aboutus/images/guest/47.jpg,,,,,1,https://www.rmd.ac.in/aboutus/guest.html,img
https://www.rmd.ac.in/aboutus/images/guest/48.jpg,IMAGE,jpg,48.jpg,/aboutus/images/guest/48.jpg,,,,,1,https://www.rmd.ac.in/aboutus/guest.html,img
https://www.rmd.ac.in/aboutus/images/guest/5.jpg,IMAGE,jpg,5.jpg,/aboutus/images/guest/5.jpg,,,,,1,https://www.rmd.ac.in/aboutus/guest.html,img
https://www.rmd.ac.in/aboutus/images/guest/6.jpg,IMAGE,jpg,6.jpg,/aboutus/images/guest/6.jpg,,,,,1,https://www.rmd.ac.in/aboutus/guest.html,img
https://www.rmd.ac.in/aboutus/images/guest/7.jpg,IMAGE,jpg,7.jpg,/aboutus/images/guest/7.jpg,,,,,1,https://www.rmd.ac.in/aboutus/guest.html,img
https://www.rmd.ac.in/aboutus/images/guest/8.jpg,IMAGE,jpg,8.jpg,/aboutus/images/guest/8.jpg,,,,,1,https://www.rmd.ac.in/aboutus/guest.html,img
https://www.rmd.ac.in/aboutus/images/guest/9.jpg,IMAGE,jpg,9.jpg,/aboutus/images/guest/9.jpg,,,,,1,https://www.rmd.ac.in/aboutus/guest.html,img
https://www.rmd.ac.in/academics/click.jpg,IMAGE,jpg,click.jpg,/academics/click.jpg,,,,,1,https://www.rmd.ac.in/academics/Knowledge_partners.html,img
https://www.rmd.ac.in/academics/images/3.jpg,IMAGE,jpg,3.jpg,/academics/images/3.jpg,,,,,1,https://www.rmd.ac.in/academics/Academic_Schedule.html,img
https://www.rmd.ac.in/academics/images/curriculum.jpg,IMAGE,jpg,curriculum.jpg,/academics/images/curriculum.jpg,,,,,1,https://www.rmd.ac.in/academics/Curriculum.html,img
https://www.rmd.ac.in/academics/images/ugr.jpg,IMAGE,jpg,ugr.jpg,/academics/images/ugr.jpg,,,,,1,https://www.rmd.ac.in/academics/Regulation.html,img
https://www.rmd.ac.in/administration/images/chart.jpg,IMAGE,jpg,chart.jpg,/administration/images/chart.jpg,,,,,1,https://www.rmd.ac.in/administration/Organogram.html,img
https://www.rmd.ac.in/administration/images/principal.jpeg,IMAGE,jpeg,principal.jpeg,/administration/images/principal.jpeg,,,,,1,https://www.rmd.ac.in/administration/principal.html,img
https://www.rmd.ac.in/administration/images/principal.jpg,IMAGE,jpg,principal.jpg,/administration/images/principal.jpg,,,,,1,https://www.rmd.ac.in/rendezvous24/about.html,img
https://www.rmd.ac.in/alumni/images/17-18/1-1600.jpg,IMAGE,jpg,1-1600.jpg,/alumni/images/17-18/1-1600.jpg,,,,,1,https://www.rmd.ac.in/alumni/photo.html,data-attr
https://www.rmd.ac.in/alumni/images/17-18/10-1600.jpg,IMAGE,jpg,10-1600.jpg,/alumni/images/17-18/10-1600.jpg,,,,,1,https://www.rmd.ac.in/alumni/photo.html,data-attr
https://www.rmd.ac.in/alumni/images/17-18/11-1600.jpg,IMAGE,jpg,11-1600.jpg,/alumni/images/17-18/11-1600.jpg,,,,,1,https://www.rmd.ac.in/alumni/photo.html,data-attr
https://www.rmd.ac.in/alumni/images/17-18/12-1600.jpg,IMAGE,jpg,12-1600.jpg,/alumni/images/17-18/12-1600.jpg,,,,,1,https://www.rmd.ac.in/alumni/photo.html,data-attr
https://www.rmd.ac.in/alumni/images/17-18/13-1600.jpg,IMAGE,jpg,13-1600.jpg,/alumni/images/17-18/13-1600.jpg,,,,,1,https://www.rmd.ac.in/alumni/photo.html,data-attr
https://www.rmd.ac.in/alumni/images/17-18/14-1600.jpg,IMAGE,jpg,14-1600.jpg,/alumni/images/17-18/14-1600.jpg,,,,,1,https://www.rmd.ac.in/alumni/photo.html,data-attr
https://www.rmd.ac.in/alumni/images/17-18/15-1600.jpg,IMAGE,jpg,15-1600.jpg,/alumni/images/17-18/15-1600.jpg,,,,,1,https://www.rmd.ac.in/alumni/photo.html,data-attr
https://www.rmd.ac.in/alumni/images/17-18/16-1600.jpg,IMAGE,jpg,16-1600.jpg,/alumni/images/17-18/16-1600.jpg,,,,,1,https://www.rmd.ac.in/alumni/photo.html,data-attr
https://www.rmd.ac.in/alumni/images/17-18/2-1600.jpg,IMAGE,jpg,2-1600.jpg,/alumni/images/17-18/2-1600.jpg,,,,,1,https://www.rmd.ac.in/alumni/photo.html,data-attr
https://www.rmd.ac.in/alumni/images/17-18/3-1600.jpg,IMAGE,jpg,3-1600.jpg,/alumni/images/17-18/3-1600.jpg,,,,,1,https://www.rmd.ac.in/alumni/photo.html,data-attr
https://www.rmd.ac.in/alumni/images/17-18/4-1600.jpg,IMAGE,jpg,4-1600.jpg,/alumni/images/17-18/4-1600.jpg,,,,,1,https://www.rmd.ac.in/alumni/photo.html,data-attr
https://www.rmd.ac.in/alumni/images/17-18/5-1600.jpg,IMAGE,jpg,5-1600.jpg,/alumni/images/17-18/5-1600.jpg,,,,,1,https://www.rmd.ac.in/alumni/photo.html,data-attr
https://www.rmd.ac.in/alumni/images/17-18/6-1600.jpg,IMAGE,jpg,6-1600.jpg,/alumni/images/17-18/6-1600.jpg,,,,,1,https://www.rmd.ac.in/alumni/photo.html,data-attr
https://www.rmd.ac.in/alumni/images/17-18/7-1600.jpg,IMAGE,jpg,7-1600.jpg,/alumni/images/17-18/7-1600.jpg,,,,,1,https://www.rmd.ac.in/alumni/photo.html,data-attr
https://www.rmd.ac.in/alumni/images/17-18/8-1600.jpg,IMAGE,jpg,8-1600.jpg,/alumni/images/17-18/8-1600.jpg,,,,,1,https://www.rmd.ac.in/alumni/photo.html,data-attr
https://www.rmd.ac.in/alumni/images/17-18/9-1600.jpg,IMAGE,jpg,9-1600.jpg,/alumni/images/17-18/9-1600.jpg,,,,,1,https://www.rmd.ac.in/alumni/photo.html,data-attr
https://www.rmd.ac.in/alumni/images/17-18/thumb-1.jpg,IMAGE,jpg,thumb-1.jpg,/alumni/images/17-18/thumb-1.jpg,,,,,1,https://www.rmd.ac.in/alumni/photo.html,img
https://www.rmd.ac.in/alumni/images/17-18/thumb-10.jpg,IMAGE,jpg,thumb-10.jpg,/alumni/images/17-18/thumb-10.jpg,,,,,1,https://www.rmd.ac.in/alumni/photo.html,img
https://www.rmd.ac.in/alumni/images/17-18/thumb-11.jpg,IMAGE,jpg,thumb-11.jpg,/alumni/images/17-18/thumb-11.jpg,,,,,1,https://www.rmd.ac.in/alumni/photo.html,img
https://www.rmd.ac.in/alumni/images/17-18/thumb-12.jpg,IMAGE,jpg,thumb-12.jpg,/alumni/images/17-18/thumb-12.jpg,,,,,1,https://www.rmd.ac.in/alumni/photo.html,img
https://www.rmd.ac.in/alumni/images/17-18/thumb-13.jpg,IMAGE,jpg,thumb-13.jpg,/alumni/images/17-18/thumb-13.jpg,,,,,1,https://www.rmd.ac.in/alumni/photo.html,img
https://www.rmd.ac.in/alumni/images/17-18/thumb-14.jpg,IMAGE,jpg,thumb-14.jpg,/alumni/images/17-18/thumb-14.jpg,,,,,1,https://www.rmd.ac.in/alumni/photo.html,img
https://www.rmd.ac.in/alumni/images/17-18/thumb-15.jpg,IMAGE,jpg,thumb-15.jpg,/alumni/images/17-18/thumb-15.jpg,,,,,1,https://www.rmd.ac.in/alumni/photo.html,img
https://www.rmd.ac.in/alumni/images/17-18/thumb-16.jpg,IMAGE,jpg,thumb-16.jpg,/alumni/images/17-18/thumb-16.jpg,,,,,1,https://www.rmd.ac.in/alumni/photo.html,img
https://www.rmd.ac.in/alumni/images/17-18/thumb-2.jpg,IMAGE,jpg,thumb-2.jpg,/alumni/images/17-18/thumb-2.jpg,,,,,1,https://www.rmd.ac.in/alumni/photo.html,img
https://www.rmd.ac.in/alumni/images/17-18/thumb-3.jpg,IMAGE,jpg,thumb-3.jpg,/alumni/images/17-18/thumb-3.jpg,,,,,1,https://www.rmd.ac.in/alumni/photo.html,img
https://www.rmd.ac.in/alumni/images/17-18/thumb-4.jpg,IMAGE,jpg,thumb-4.jpg,/alumni/images/17-18/thumb-4.jpg,,,,,1,https://www.rmd.ac.in/alumni/photo.html,img
https://www.rmd.ac.in/alumni/images/17-18/thumb-5.jpg,IMAGE,jpg,thumb-5.jpg,/alumni/images/17-18/thumb-5.jpg,,,,,1,https://www.rmd.ac.in/alumni/photo.html,img
https://www.rmd.ac.in/alumni/images/17-18/thumb-6.jpg,IMAGE,jpg,thumb-6.jpg,/alumni/images/17-18/thumb-6.jpg,,,,,1,https://www.rmd.ac.in/alumni/photo.html,img
https://www.rmd.ac.in/alumni/images/17-18/thumb-7.jpg,IMAGE,jpg,thumb-7.jpg,/alumni/images/17-18/thumb-7.jpg,,,,,1,https://www.rmd.ac.in/alumni/photo.html,img
https://www.rmd.ac.in/alumni/images/17-18/thumb-8.jpg,IMAGE,jpg,thumb-8.jpg,/alumni/images/17-18/thumb-8.jpg,,,,,1,https://www.rmd.ac.in/alumni/photo.html,img
https://www.rmd.ac.in/alumni/images/17-18/thumb-9.jpg,IMAGE,jpg,thumb-9.jpg,/alumni/images/17-18/thumb-9.jpg,,,,,1,https://www.rmd.ac.in/alumni/photo.html,img
https://www.rmd.ac.in/alumni/images/18-19/1-1600.jpg,IMAGE,jpg,1-1600.jpg,/alumni/images/18-19/1-1600.jpg,,,,,1,https://www.rmd.ac.in/alumni/photo.html,data-attr
https://www.rmd.ac.in/alumni/images/18-19/10-1600.jpg,IMAGE,jpg,10-1600.jpg,/alumni/images/18-19/10-1600.jpg,,,,,1,https://www.rmd.ac.in/alumni/photo.html,data-attr
https://www.rmd.ac.in/alumni/images/18-19/11-1600.jpg,IMAGE,jpg,11-1600.jpg,/alumni/images/18-19/11-1600.jpg,,,,,1,https://www.rmd.ac.in/alumni/photo.html,data-attr
https://www.rmd.ac.in/alumni/images/18-19/12-1600.jpg,IMAGE,jpg,12-1600.jpg,/alumni/images/18-19/12-1600.jpg,,,,,1,https://www.rmd.ac.in/alumni/photo.html,data-attr
https://www.rmd.ac.in/alumni/images/18-19/13-1600.jpg,IMAGE,jpg,13-1600.jpg,/alumni/images/18-19/13-1600.jpg,,,,,1,https://www.rmd.ac.in/alumni/photo.html,data-attr
https://www.rmd.ac.in/alumni/images/18-19/14-1600.jpg,IMAGE,jpg,14-1600.jpg,/alumni/images/18-19/14-1600.jpg,,,,,1,https://www.rmd.ac.in/alumni/photo.html,data-attr
https://www.rmd.ac.in/alumni/images/18-19/15-1600.jpg,IMAGE,jpg,15-1600.jpg,/alumni/images/18-19/15-1600.jpg,,,,,1,https://www.rmd.ac.in/alumni/photo.html,data-attr
https://www.rmd.ac.in/alumni/images/18-19/16-1600.jpg,IMAGE,jpg,16-1600.jpg,/alumni/images/18-19/16-1600.jpg,,,,,1,https://www.rmd.ac.in/alumni/photo.html,data-attr
https://www.rmd.ac.in/alumni/images/18-19/2-1600.jpg,IMAGE,jpg,2-1600.jpg,/alumni/images/18-19/2-1600.jpg,,,,,1,https://www.rmd.ac.in/alumni/photo.html,data-attr
https://www.rmd.ac.in/alumni/images/18-19/3-1600.jpg,IMAGE,jpg,3-1600.jpg,/alumni/images/18-19/3-1600.jpg,,,,,1,https://www.rmd.ac.in/alumni/photo.html,data-attr
https://www.rmd.ac.in/alumni/images/18-19/4-1600.jpg,IMAGE,jpg,4-1600.jpg,/alumni/images/18-19/4-1600.jpg,,,,,1,https://www.rmd.ac.in/alumni/photo.html,data-attr
https://www.rmd.ac.in/alumni/images/18-19/5-1600.jpg,IMAGE,jpg,5-1600.jpg,/alumni/images/18-19/5-1600.jpg,,,,,1,https://www.rmd.ac.in/alumni/photo.html,data-attr
https://www.rmd.ac.in/alumni/images/18-19/6-1600.jpg,IMAGE,jpg,6-1600.jpg,/alumni/images/18-19/6-1600.jpg,,,,,1,https://www.rmd.ac.in/alumni/photo.html,data-attr
https://www.rmd.ac.in/alumni/images/18-19/7-1600.jpg,IMAGE,jpg,7-1600.jpg,/alumni/images/18-19/7-1600.jpg,,,,,1,https://www.rmd.ac.in/alumni/photo.html,data-attr
https://www.rmd.ac.in/alumni/images/18-19/8-1600.jpg,IMAGE,jpg,8-1600.jpg,/alumni/images/18-19/8-1600.jpg,,,,,1,https://www.rmd.ac.in/alumni/photo.html,data-attr
https://www.rmd.ac.in/alumni/images/18-19/9-1600.jpg,IMAGE,jpg,9-1600.jpg,/alumni/images/18-19/9-1600.jpg,,,,,1,https://www.rmd.ac.in/alumni/photo.html,data-attr
https://www.rmd.ac.in/alumni/images/18-19/thumb-1.jpg,IMAGE,jpg,thumb-1.jpg,/alumni/images/18-19/thumb-1.jpg,,,,,1,https://www.rmd.ac.in/alumni/photo.html,img
https://www.rmd.ac.in/alumni/images/18-19/thumb-10.jpg,IMAGE,jpg,thumb-10.jpg,/alumni/images/18-19/thumb-10.jpg,,,,,1,https://www.rmd.ac.in/alumni/photo.html,img
https://www.rmd.ac.in/alumni/images/18-19/thumb-11.jpg,IMAGE,jpg,thumb-11.jpg,/alumni/images/18-19/thumb-11.jpg,,,,,1,https://www.rmd.ac.in/alumni/photo.html,img
https://www.rmd.ac.in/alumni/images/18-19/thumb-12.jpg,IMAGE,jpg,thumb-12.jpg,/alumni/images/18-19/thumb-12.jpg,,,,,1,https://www.rmd.ac.in/alumni/photo.html,img
https://www.rmd.ac.in/alumni/images/18-19/thumb-13.jpg,IMAGE,jpg,thumb-13.jpg,/alumni/images/18-19/thumb-13.jpg,,,,,1,https://www.rmd.ac.in/alumni/photo.html,img
https://www.rmd.ac.in/alumni/images/18-19/thumb-14.jpg,IMAGE,jpg,thumb-14.jpg,/alumni/images/18-19/thumb-14.jpg,,,,,1,https://www.rmd.ac.in/alumni/photo.html,img
https://www.rmd.ac.in/alumni/images/18-19/thumb-15.jpg,IMAGE,jpg,thumb-15.jpg,/alumni/images/18-19/thumb-15.jpg,,,,,1,https://www.rmd.ac.in/alumni/photo.html,img
https://www.rmd.ac.in/alumni/images/18-19/thumb-16.jpg,IMAGE,jpg,thumb-16.jpg,/alumni/images/18-19/thumb-16.jpg,,,,,1,https://www.rmd.ac.in/alumni/photo.html,img
https://www.rmd.ac.in/alumni/images/18-19/thumb-2.jpg,IMAGE,jpg,thumb-2.jpg,/alumni/images/18-19/thumb-2.jpg,,,,,1,https://www.rmd.ac.in/alumni/photo.html,img
https://www.rmd.ac.in/alumni/images/18-19/thumb-3.jpg,IMAGE,jpg,thumb-3.jpg,/alumni/images/18-19/thumb-3.jpg,,,,,1,https://www.rmd.ac.in/alumni/photo.html,img
https://www.rmd.ac.in/alumni/images/18-19/thumb-4.jpg,IMAGE,jpg,thumb-4.jpg,/alumni/images/18-19/thumb-4.jpg,,,,,1,https://www.rmd.ac.in/alumni/photo.html,img
https://www.rmd.ac.in/alumni/images/18-19/thumb-5.jpg,IMAGE,jpg,thumb-5.jpg,/alumni/images/18-19/thumb-5.jpg,,,,,1,https://www.rmd.ac.in/alumni/photo.html,img
https://www.rmd.ac.in/alumni/images/18-19/thumb-6.jpg,IMAGE,jpg,thumb-6.jpg,/alumni/images/18-19/thumb-6.jpg,,,,,1,https://www.rmd.ac.in/alumni/photo.html,img
https://www.rmd.ac.in/alumni/images/18-19/thumb-7.jpg,IMAGE,jpg,thumb-7.jpg,/alumni/images/18-19/thumb-7.jpg,,,,,1,https://www.rmd.ac.in/alumni/photo.html,img
https://www.rmd.ac.in/alumni/images/18-19/thumb-8.jpg,IMAGE,jpg,thumb-8.jpg,/alumni/images/18-19/thumb-8.jpg,,,,,1,https://www.rmd.ac.in/alumni/photo.html,img
https://www.rmd.ac.in/alumni/images/18-19/thumb-9.jpg,IMAGE,jpg,thumb-9.jpg,/alumni/images/18-19/thumb-9.jpg,,,,,1,https://www.rmd.ac.in/alumni/photo.html,img
https://www.rmd.ac.in/alumni/images/19-20/1-1600.jpg,IMAGE,jpg,1-1600.jpg,/alumni/images/19-20/1-1600.jpg,,,,,1,https://www.rmd.ac.in/alumni/photo.html,data-attr
https://www.rmd.ac.in/alumni/images/19-20/10-1600.jpg,IMAGE,jpg,10-1600.jpg,/alumni/images/19-20/10-1600.jpg,,,,,1,https://www.rmd.ac.in/alumni/photo.html,data-attr
https://www.rmd.ac.in/alumni/images/19-20/11-1600.jpg,IMAGE,jpg,11-1600.jpg,/alumni/images/19-20/11-1600.jpg,,,,,1,https://www.rmd.ac.in/alumni/photo.html,data-attr
https://www.rmd.ac.in/alumni/images/19-20/12-1600.jpg,IMAGE,jpg,12-1600.jpg,/alumni/images/19-20/12-1600.jpg,,,,,1,https://www.rmd.ac.in/alumni/photo.html,data-attr
https://www.rmd.ac.in/alumni/images/19-20/13-1600.jpg,IMAGE,jpg,13-1600.jpg,/alumni/images/19-20/13-1600.jpg,,,,,1,https://www.rmd.ac.in/alumni/photo.html,data-attr
https://www.rmd.ac.in/alumni/images/19-20/14-1600.jpg,IMAGE,jpg,14-1600.jpg,/alumni/images/19-20/14-1600.jpg,,,,,1,https://www.rmd.ac.in/alumni/photo.html,data-attr
https://www.rmd.ac.in/alumni/images/19-20/15-1600.jpg,IMAGE,jpg,15-1600.jpg,/alumni/images/19-20/15-1600.jpg,,,,,1,https://www.rmd.ac.in/alumni/photo.html,data-attr
https://www.rmd.ac.in/alumni/images/19-20/16-1600.jpg,IMAGE,jpg,16-1600.jpg,/alumni/images/19-20/16-1600.jpg,,,,,1,https://www.rmd.ac.in/alumni/photo.html,data-attr
https://www.rmd.ac.in/alumni/images/19-20/2-1600.jpg,IMAGE,jpg,2-1600.jpg,/alumni/images/19-20/2-1600.jpg,,,,,1,https://www.rmd.ac.in/alumni/photo.html,data-attr
https://www.rmd.ac.in/alumni/images/19-20/3-1600.jpg,IMAGE,jpg,3-1600.jpg,/alumni/images/19-20/3-1600.jpg,,,,,1,https://www.rmd.ac.in/alumni/photo.html,data-attr
https://www.rmd.ac.in/alumni/images/19-20/4-1600.jpg,IMAGE,jpg,4-1600.jpg,/alumni/images/19-20/4-1600.jpg,,,,,1,https://www.rmd.ac.in/alumni/photo.html,data-attr
https://www.rmd.ac.in/alumni/images/19-20/5-1600.jpg,IMAGE,jpg,5-1600.jpg,/alumni/images/19-20/5-1600.jpg,,,,,1,https://www.rmd.ac.in/alumni/photo.html,data-attr
https://www.rmd.ac.in/alumni/images/19-20/6-1600.jpg,IMAGE,jpg,6-1600.jpg,/alumni/images/19-20/6-1600.jpg,,,,,1,https://www.rmd.ac.in/alumni/photo.html,data-attr
https://www.rmd.ac.in/alumni/images/19-20/7-1600.jpg,IMAGE,jpg,7-1600.jpg,/alumni/images/19-20/7-1600.jpg,,,,,1,https://www.rmd.ac.in/alumni/photo.html,data-attr
https://www.rmd.ac.in/alumni/images/19-20/8-1600.jpg,IMAGE,jpg,8-1600.jpg,/alumni/images/19-20/8-1600.jpg,,,,,1,https://www.rmd.ac.in/alumni/photo.html,data-attr
https://www.rmd.ac.in/alumni/images/19-20/9-1600.jpg,IMAGE,jpg,9-1600.jpg,/alumni/images/19-20/9-1600.jpg,,,,,1,https://www.rmd.ac.in/alumni/photo.html,data-attr
https://www.rmd.ac.in/alumni/images/19-20/thumb-1.jpg,IMAGE,jpg,thumb-1.jpg,/alumni/images/19-20/thumb-1.jpg,,,,,1,https://www.rmd.ac.in/alumni/photo.html,img
https://www.rmd.ac.in/alumni/images/19-20/thumb-10.jpg,IMAGE,jpg,thumb-10.jpg,/alumni/images/19-20/thumb-10.jpg,,,,,1,https://www.rmd.ac.in/alumni/photo.html,img
https://www.rmd.ac.in/alumni/images/19-20/thumb-11.jpg,IMAGE,jpg,thumb-11.jpg,/alumni/images/19-20/thumb-11.jpg,,,,,1,https://www.rmd.ac.in/alumni/photo.html,img
https://www.rmd.ac.in/alumni/images/19-20/thumb-12.jpg,IMAGE,jpg,thumb-12.jpg,/alumni/images/19-20/thumb-12.jpg,,,,,1,https://www.rmd.ac.in/alumni/photo.html,img
https://www.rmd.ac.in/alumni/images/19-20/thumb-13.jpg,IMAGE,jpg,thumb-13.jpg,/alumni/images/19-20/thumb-13.jpg,,,,,1,https://www.rmd.ac.in/alumni/photo.html,img
https://www.rmd.ac.in/alumni/images/19-20/thumb-14.jpg,IMAGE,jpg,thumb-14.jpg,/alumni/images/19-20/thumb-14.jpg,,,,,1,https://www.rmd.ac.in/alumni/photo.html,img
https://www.rmd.ac.in/alumni/images/19-20/thumb-15.jpg,IMAGE,jpg,thumb-15.jpg,/alumni/images/19-20/thumb-15.jpg,,,,,1,https://www.rmd.ac.in/alumni/photo.html,img
https://www.rmd.ac.in/alumni/images/19-20/thumb-16.jpg,IMAGE,jpg,thumb-16.jpg,/alumni/images/19-20/thumb-16.jpg,,,,,1,https://www.rmd.ac.in/alumni/photo.html,img
https://www.rmd.ac.in/alumni/images/19-20/thumb-2.jpg,IMAGE,jpg,thumb-2.jpg,/alumni/images/19-20/thumb-2.jpg,,,,,1,https://www.rmd.ac.in/alumni/photo.html,img
https://www.rmd.ac.in/alumni/images/19-20/thumb-3.jpg,IMAGE,jpg,thumb-3.jpg,/alumni/images/19-20/thumb-3.jpg,,,,,1,https://www.rmd.ac.in/alumni/photo.html,img
https://www.rmd.ac.in/alumni/images/19-20/thumb-4.jpg,IMAGE,jpg,thumb-4.jpg,/alumni/images/19-20/thumb-4.jpg,,,,,1,https://www.rmd.ac.in/alumni/photo.html,img
https://www.rmd.ac.in/alumni/images/19-20/thumb-5.jpg,IMAGE,jpg,thumb-5.jpg,/alumni/images/19-20/thumb-5.jpg,,,,,1,https://www.rmd.ac.in/alumni/photo.html,img
https://www.rmd.ac.in/alumni/images/19-20/thumb-6.jpg,IMAGE,jpg,thumb-6.jpg,/alumni/images/19-20/thumb-6.jpg,,,,,1,https://www.rmd.ac.in/alumni/photo.html,img
https://www.rmd.ac.in/alumni/images/19-20/thumb-7.jpg,IMAGE,jpg,thumb-7.jpg,/alumni/images/19-20/thumb-7.jpg,,,,,1,https://www.rmd.ac.in/alumni/photo.html,img
https://www.rmd.ac.in/alumni/images/19-20/thumb-8.jpg,IMAGE,jpg,thumb-8.jpg,/alumni/images/19-20/thumb-8.jpg,,,,,1,https://www.rmd.ac.in/alumni/photo.html,img
https://www.rmd.ac.in/alumni/images/19-20/thumb-9.jpg,IMAGE,jpg,thumb-9.jpg,/alumni/images/19-20/thumb-9.jpg,,,,,1,https://www.rmd.ac.in/alumni/photo.html,img
https://www.rmd.ac.in/alumni/images/ecologo.jpg,IMAGE,jpg,ecologo.jpg,/alumni/images/ecologo.jpg,,,,,2,https://www.rmd.ac.in/alumni/contact.html,img
https://www.rmd.ac.in/alumni/images/image-slider-1.jpg,IMAGE,jpg,image-slider-1.jpg,/alumni/images/image-slider-1.jpg,,,,,1,https://www.rmd.ac.in/alumni/,img
https://www.rmd.ac.in/alumni/images/image-slider-10.jpg,IMAGE,jpg,image-slider-10.jpg,/alumni/images/image-slider-10.jpg,,,,,1,https://www.rmd.ac.in/alumni/,img
https://www.rmd.ac.in/alumni/images/image-slider-11.jpg,IMAGE,jpg,image-slider-11.jpg,/alumni/images/image-slider-11.jpg,,,,,1,https://www.rmd.ac.in/alumni/,img
https://www.rmd.ac.in/alumni/images/image-slider-12.jpg,IMAGE,jpg,image-slider-12.jpg,/alumni/images/image-slider-12.jpg,,,,,1,https://www.rmd.ac.in/alumni/,img
https://www.rmd.ac.in/alumni/images/image-slider-13.jpg,IMAGE,jpg,image-slider-13.jpg,/alumni/images/image-slider-13.jpg,,,,,1,https://www.rmd.ac.in/alumni/,img
https://www.rmd.ac.in/alumni/images/image-slider-2.jpg,IMAGE,jpg,image-slider-2.jpg,/alumni/images/image-slider-2.jpg,,,,,1,https://www.rmd.ac.in/alumni/,img
https://www.rmd.ac.in/alumni/images/image-slider-3.jpg,IMAGE,jpg,image-slider-3.jpg,/alumni/images/image-slider-3.jpg,,,,,1,https://www.rmd.ac.in/alumni/,img
https://www.rmd.ac.in/alumni/images/image-slider-4.jpg,IMAGE,jpg,image-slider-4.jpg,/alumni/images/image-slider-4.jpg,,,,,1,https://www.rmd.ac.in/alumni/,img
https://www.rmd.ac.in/alumni/images/image-slider-5.jpg,IMAGE,jpg,image-slider-5.jpg,/alumni/images/image-slider-5.jpg,,,,,1,https://www.rmd.ac.in/alumni/,img
https://www.rmd.ac.in/alumni/images/image-slider-6.jpg,IMAGE,jpg,image-slider-6.jpg,/alumni/images/image-slider-6.jpg,,,,,1,https://www.rmd.ac.in/alumni/,img
https://www.rmd.ac.in/alumni/images/image-slider-7.jpg,IMAGE,jpg,image-slider-7.jpg,/alumni/images/image-slider-7.jpg,,,,,1,https://www.rmd.ac.in/alumni/,img
https://www.rmd.ac.in/alumni/images/image-slider-8.jpg,IMAGE,jpg,image-slider-8.jpg,/alumni/images/image-slider-8.jpg,,,,,1,https://www.rmd.ac.in/alumni/,img
https://www.rmd.ac.in/alumni/images/image-slider-9.jpg,IMAGE,jpg,image-slider-9.jpg,/alumni/images/image-slider-9.jpg,,,,,1,https://www.rmd.ac.in/alumni/,img
https://www.rmd.ac.in/alumni/images/notablealumni.jpg,IMAGE,jpg,notablealumni.jpg,/alumni/images/notablealumni.jpg,,,,,1,https://www.rmd.ac.in/alumni/nalumni.html,img
https://www.rmd.ac.in/alumni/images/sasi.jpg,IMAGE,jpg,sasi.jpg,/alumni/images/sasi.jpg,,,,,1,https://www.rmd.ac.in/alumni/contact.html,img
https://www.rmd.ac.in/alumni/images/yrc.jpg,IMAGE,jpg,yrc.jpg,/alumni/images/yrc.jpg,,,,,1,https://www.rmd.ac.in/alumni/achap.html,img
https://www.rmd.ac.in/alumni/img/Atlanta.jpg,IMAGE,jpg,Atlanta.jpg,/alumni/img/Atlanta.jpg,,,,,1,https://www.rmd.ac.in/,a
https://www.rmd.ac.in/alumni/img/Los%20Angeles.jpg,IMAGE,jpg,Los Angeles.jpg,/alumni/img/Los%20Angeles.jpg,,,,,1,https://www.rmd.ac.in/,a
https://www.rmd.ac.in/alumni/img/NewYork.jpg,IMAGE,jpg,NewYork.jpg,/alumni/img/NewYork.jpg,,,,,1,https://www.rmd.ac.in/,a
https://www.rmd.ac.in/alumni/img/Washington.jpg,IMAGE,jpg,Washington.jpg,/alumni/img/Washington.jpg,,,,,1,https://www.rmd.ac.in/,a
https://www.rmd.ac.in/campus/images/fa.JPG,IMAGE,jpg,fa.JPG,/campus/images/fa.JPG,,,,,1,https://www.rmd.ac.in/campus/facilities.html,img
https://www.rmd.ac.in/campus/images/green1.JPG,IMAGE,jpg,green1.JPG,/campus/images/green1.JPG,,,,,1,https://www.rmd.ac.in/campus/greencampus.html,img
https://www.rmd.ac.in/cfl/images/Dr.%20N.%20Padmavathi.jpg,IMAGE,jpg,Dr. N. Padmavathi.jpg,/cfl/images/Dr.%20N.%20Padmavathi.jpg,,,,,1,https://www.rmd.ac.in/cfl/contact.html,img
https://www.rmd.ac.in/computercenter/images/1-1600.jpg,IMAGE,jpg,1-1600.jpg,/computercenter/images/1-1600.jpg,,,,,1,https://www.rmd.ac.in/computercenter/photo.html,data-attr
https://www.rmd.ac.in/computercenter/images/10-1600.jpg,IMAGE,jpg,10-1600.jpg,/computercenter/images/10-1600.jpg,,,,,1,https://www.rmd.ac.in/computercenter/photo.html,data-attr
https://www.rmd.ac.in/computercenter/images/11-1600.jpg,IMAGE,jpg,11-1600.jpg,/computercenter/images/11-1600.jpg,,,,,1,https://www.rmd.ac.in/computercenter/photo.html,data-attr
https://www.rmd.ac.in/computercenter/images/2-1600.jpg,IMAGE,jpg,2-1600.jpg,/computercenter/images/2-1600.jpg,,,,,1,https://www.rmd.ac.in/computercenter/photo.html,data-attr
https://www.rmd.ac.in/computercenter/images/3-1600.jpg,IMAGE,jpg,3-1600.jpg,/computercenter/images/3-1600.jpg,,,,,1,https://www.rmd.ac.in/computercenter/photo.html,data-attr
https://www.rmd.ac.in/computercenter/images/4-1600.jpg,IMAGE,jpg,4-1600.jpg,/computercenter/images/4-1600.jpg,,,,,1,https://www.rmd.ac.in/computercenter/photo.html,data-attr
https://www.rmd.ac.in/computercenter/images/5-1600.jpg,IMAGE,jpg,5-1600.jpg,/computercenter/images/5-1600.jpg,,,,,1,https://www.rmd.ac.in/computercenter/photo.html,data-attr
https://www.rmd.ac.in/computercenter/images/6-1600.jpg,IMAGE,jpg,6-1600.jpg,/computercenter/images/6-1600.jpg,,,,,1,https://www.rmd.ac.in/computercenter/photo.html,data-attr
https://www.rmd.ac.in/computercenter/images/7-1600.jpg,IMAGE,jpg,7-1600.jpg,/computercenter/images/7-1600.jpg,,,,,1,https://www.rmd.ac.in/computercenter/photo.html,data-attr
https://www.rmd.ac.in/computercenter/images/8-1600.jpg,IMAGE,jpg,8-1600.jpg,/computercenter/images/8-1600.jpg,,,,,1,https://www.rmd.ac.in/computercenter/photo.html,data-attr
https://www.rmd.ac.in/computercenter/images/9-1600.jpg,IMAGE,jpg,9-1600.jpg,/computercenter/images/9-1600.jpg,,,,,1,https://www.rmd.ac.in/computercenter/photo.html,data-attr
https://www.rmd.ac.in/computercenter/images/arr.gif,IMAGE,gif,arr.gif,/computercenter/images/arr.gif,,,,,4,https://www.rmd.ac.in/computercenter/,img
https://www.rmd.ac.in/computercenter/images/image-slider-1.jpg,IMAGE,jpg,image-slider-1.jpg,/computercenter/images/image-slider-1.jpg,,,,,1,https://www.rmd.ac.in/computercenter/,img
https://www.rmd.ac.in/computercenter/images/image-slider-10.JPG,IMAGE,jpg,image-slider-10.JPG,/computercenter/images/image-slider-10.JPG,,,,,1,https://www.rmd.ac.in/computercenter/wifi.html,img
https://www.rmd.ac.in/computercenter/images/image-slider-11.JPG,IMAGE,jpg,image-slider-11.JPG,/computercenter/images/image-slider-11.JPG,,,,,1,https://www.rmd.ac.in/computercenter/wifi.html,img
https://www.rmd.ac.in/computercenter/images/image-slider-12.JPG,IMAGE,jpg,image-slider-12.JPG,/computercenter/images/image-slider-12.JPG,,,,,1,https://www.rmd.ac.in/computercenter/wifi.html,img
https://www.rmd.ac.in/computercenter/images/image-slider-13.JPG,IMAGE,jpg,image-slider-13.JPG,/computercenter/images/image-slider-13.JPG,,,,,1,https://www.rmd.ac.in/computercenter/wifi.html,img
https://www.rmd.ac.in/computercenter/images/image-slider-2.jpg,IMAGE,jpg,image-slider-2.jpg,/computercenter/images/image-slider-2.jpg,,,,,1,https://www.rmd.ac.in/computercenter/,img
https://www.rmd.ac.in/computercenter/images/image-slider-3.jpg,IMAGE,jpg,image-slider-3.jpg,/computercenter/images/image-slider-3.jpg,,,,,1,https://www.rmd.ac.in/computercenter/,img
https://www.rmd.ac.in/computercenter/images/image-slider-4.jpg,IMAGE,jpg,image-slider-4.jpg,/computercenter/images/image-slider-4.jpg,,,,,1,https://www.rmd.ac.in/computercenter/,img
https://www.rmd.ac.in/computercenter/images/image-slider-5.jpg,IMAGE,jpg,image-slider-5.jpg,/computercenter/images/image-slider-5.jpg,,,,,1,https://www.rmd.ac.in/computercenter/,img
https://www.rmd.ac.in/computercenter/images/image-slider-6.jpg,IMAGE,jpg,image-slider-6.jpg,/computercenter/images/image-slider-6.jpg,,,,,1,https://www.rmd.ac.in/computercenter/,img
https://www.rmd.ac.in/computercenter/images/image-slider-7.jpg,IMAGE,jpg,image-slider-7.jpg,/computercenter/images/image-slider-7.jpg,,,,,1,https://www.rmd.ac.in/computercenter/,img
https://www.rmd.ac.in/computercenter/images/image-slider-8.jpg,IMAGE,jpg,image-slider-8.jpg,/computercenter/images/image-slider-8.jpg,,,,,1,https://www.rmd.ac.in/computercenter/,img
https://www.rmd.ac.in/computercenter/images/image-slider-9.jpg,IMAGE,jpg,image-slider-9.jpg,/computercenter/images/image-slider-9.jpg,,,,,1,https://www.rmd.ac.in/computercenter/,img
https://www.rmd.ac.in/computercenter/images/krishna.jpg,IMAGE,jpg,krishna.jpg,/computercenter/images/krishna.jpg,,,,,1,https://www.rmd.ac.in/computercenter/contact.html,img
https://www.rmd.ac.in/computercenter/images/sasi.jpg,IMAGE,jpg,sasi.jpg,/computercenter/images/sasi.jpg,,,,,1,https://www.rmd.ac.in/computercenter/contact.html,img
https://www.rmd.ac.in/computercenter/images/thumb-1.jpg,IMAGE,jpg,thumb-1.jpg,/computercenter/images/thumb-1.jpg,,,,,1,https://www.rmd.ac.in/computercenter/photo.html,img
https://www.rmd.ac.in/computercenter/images/thumb-10.jpg,IMAGE,jpg,thumb-10.jpg,/computercenter/images/thumb-10.jpg,,,,,1,https://www.rmd.ac.in/computercenter/photo.html,img
https://www.rmd.ac.in/computercenter/images/thumb-11.jpg,IMAGE,jpg,thumb-11.jpg,/computercenter/images/thumb-11.jpg,,,,,1,https://www.rmd.ac.in/computercenter/photo.html,img
https://www.rmd.ac.in/computercenter/images/thumb-12.jpg,IMAGE,jpg,thumb-12.jpg,/computercenter/images/thumb-12.jpg,,,,,1,https://www.rmd.ac.in/computercenter/photo.html,img
https://www.rmd.ac.in/computercenter/images/thumb-2.jpg,IMAGE,jpg,thumb-2.jpg,/computercenter/images/thumb-2.jpg,,,,,1,https://www.rmd.ac.in/computercenter/photo.html,img
https://www.rmd.ac.in/computercenter/images/thumb-3.jpg,IMAGE,jpg,thumb-3.jpg,/computercenter/images/thumb-3.jpg,,,,,1,https://www.rmd.ac.in/computercenter/photo.html,img
https://www.rmd.ac.in/computercenter/images/thumb-4.jpg,IMAGE,jpg,thumb-4.jpg,/computercenter/images/thumb-4.jpg,,,,,1,https://www.rmd.ac.in/computercenter/photo.html,img
https://www.rmd.ac.in/computercenter/images/thumb-5.jpg,IMAGE,jpg,thumb-5.jpg,/computercenter/images/thumb-5.jpg,,,,,1,https://www.rmd.ac.in/computercenter/photo.html,img
https://www.rmd.ac.in/computercenter/images/thumb-6.jpg,IMAGE,jpg,thumb-6.jpg,/computercenter/images/thumb-6.jpg,,,,,1,https://www.rmd.ac.in/computercenter/photo.html,img
https://www.rmd.ac.in/computercenter/images/thumb-7.jpg,IMAGE,jpg,thumb-7.jpg,/computercenter/images/thumb-7.jpg,,,,,1,https://www.rmd.ac.in/computercenter/photo.html,img
https://www.rmd.ac.in/computercenter/images/thumb-8.jpg,IMAGE,jpg,thumb-8.jpg,/computercenter/images/thumb-8.jpg,,,,,1,https://www.rmd.ac.in/computercenter/photo.html,img
https://www.rmd.ac.in/computercenter/images/thumb-9.jpg,IMAGE,jpg,thumb-9.jpg,/computercenter/images/thumb-9.jpg,,,,,1,https://www.rmd.ac.in/computercenter/photo.html,img
https://www.rmd.ac.in/csbs_banner.jpg,IMAGE,jpg,csbs_banner.jpg,/csbs_banner.jpg,,,,,1,https://www.rmd.ac.in/newsevents.html,a
https://www.rmd.ac.in/cultural/images/1-1600.jpg,IMAGE,jpg,1-1600.jpg,/cultural/images/1-1600.jpg,,,,,1,https://www.rmd.ac.in/cultural/photo.html,data-attr
https://www.rmd.ac.in/cultural/images/1.jpg,IMAGE,jpg,1.jpg,/cultural/images/1.jpg,,,,,1,https://www.rmd.ac.in/cultural/facilities.html,img
https://www.rmd.ac.in/cultural/images/10-1600.jpg,IMAGE,jpg,10-1600.jpg,/cultural/images/10-1600.jpg,,,,,1,https://www.rmd.ac.in/cultural/photo.html,data-attr
https://www.rmd.ac.in/cultural/images/11-1600.jpg,IMAGE,jpg,11-1600.jpg,/cultural/images/11-1600.jpg,,,,,1,https://www.rmd.ac.in/cultural/photo.html,data-attr
https://www.rmd.ac.in/cultural/images/12-1600.jpg,IMAGE,jpg,12-1600.jpg,/cultural/images/12-1600.jpg,,,,,1,https://www.rmd.ac.in/cultural/photo.html,data-attr
https://www.rmd.ac.in/cultural/images/13-1600.jpg,IMAGE,jpg,13-1600.jpg,/cultural/images/13-1600.jpg,,,,,1,https://www.rmd.ac.in/cultural/photo.html,data-attr
https://www.rmd.ac.in/cultural/images/14-1600.jpg,IMAGE,jpg,14-1600.jpg,/cultural/images/14-1600.jpg,,,,,1,https://www.rmd.ac.in/cultural/photo.html,data-attr
https://www.rmd.ac.in/cultural/images/15-1600.jpg,IMAGE,jpg,15-1600.jpg,/cultural/images/15-1600.jpg,,,,,1,https://www.rmd.ac.in/cultural/photo.html,data-attr
https://www.rmd.ac.in/cultural/images/16-1600.jpg,IMAGE,jpg,16-1600.jpg,/cultural/images/16-1600.jpg,,,,,1,https://www.rmd.ac.in/cultural/photo.html,data-attr
https://www.rmd.ac.in/cultural/images/17-1600.jpg,IMAGE,jpg,17-1600.jpg,/cultural/images/17-1600.jpg,,,,,1,https://www.rmd.ac.in/cultural/photo.html,data-attr
https://www.rmd.ac.in/cultural/images/18-1600.jpg,IMAGE,jpg,18-1600.jpg,/cultural/images/18-1600.jpg,,,,,1,https://www.rmd.ac.in/cultural/photo.html,data-attr
https://www.rmd.ac.in/cultural/images/19-1600.jpg,IMAGE,jpg,19-1600.jpg,/cultural/images/19-1600.jpg,,,,,1,https://www.rmd.ac.in/cultural/photo.html,data-attr
https://www.rmd.ac.in/cultural/images/2-1600.jpg,IMAGE,jpg,2-1600.jpg,/cultural/images/2-1600.jpg,,,,,1,https://www.rmd.ac.in/cultural/photo.html,data-attr
https://www.rmd.ac.in/cultural/images/2.jpg,IMAGE,jpg,2.jpg,/cultural/images/2.jpg,,,,,1,https://www.rmd.ac.in/cultural/facilities.html,img
https://www.rmd.ac.in/cultural/images/20-1600.jpg,IMAGE,jpg,20-1600.jpg,/cultural/images/20-1600.jpg,,,,,1,https://www.rmd.ac.in/cultural/photo.html,data-attr
https://www.rmd.ac.in/cultural/images/21-1600.jpg,IMAGE,jpg,21-1600.jpg,/cultural/images/21-1600.jpg,,,,,1,https://www.rmd.ac.in/cultural/photo.html,data-attr
https://www.rmd.ac.in/cultural/images/22-1600.jpg,IMAGE,jpg,22-1600.jpg,/cultural/images/22-1600.jpg,,,,,1,https://www.rmd.ac.in/cultural/photo.html,data-attr
https://www.rmd.ac.in/cultural/images/23-1600.jpg,IMAGE,jpg,23-1600.jpg,/cultural/images/23-1600.jpg,,,,,1,https://www.rmd.ac.in/cultural/photo.html,data-attr
https://www.rmd.ac.in/cultural/images/24-1600.jpg,IMAGE,jpg,24-1600.jpg,/cultural/images/24-1600.jpg,,,,,1,https://www.rmd.ac.in/cultural/photo.html,data-attr
https://www.rmd.ac.in/cultural/images/25-1600.jpg,IMAGE,jpg,25-1600.jpg,/cultural/images/25-1600.jpg,,,,,1,https://www.rmd.ac.in/cultural/photo.html,data-attr
https://www.rmd.ac.in/cultural/images/26-1600.jpg,IMAGE,jpg,26-1600.jpg,/cultural/images/26-1600.jpg,,,,,1,https://www.rmd.ac.in/cultural/photo.html,data-attr
https://www.rmd.ac.in/cultural/images/27-1600.jpg,IMAGE,jpg,27-1600.jpg,/cultural/images/27-1600.jpg,,,,,1,https://www.rmd.ac.in/cultural/photo.html,data-attr
https://www.rmd.ac.in/cultural/images/28-1600.jpg,IMAGE,jpg,28-1600.jpg,/cultural/images/28-1600.jpg,,,,,1,https://www.rmd.ac.in/cultural/photo.html,data-attr
https://www.rmd.ac.in/cultural/images/29-1600.jpg,IMAGE,jpg,29-1600.jpg,/cultural/images/29-1600.jpg,,,,,1,https://www.rmd.ac.in/cultural/photo.html,data-attr
https://www.rmd.ac.in/cultural/images/3-1600.jpg,IMAGE,jpg,3-1600.jpg,/cultural/images/3-1600.jpg,,,,,1,https://www.rmd.ac.in/cultural/photo.html,data-attr
https://www.rmd.ac.in/cultural/images/3.jpg,IMAGE,jpg,3.jpg,/cultural/images/3.jpg,,,,,1,https://www.rmd.ac.in/cultural/facilities.html,img
https://www.rmd.ac.in/cultural/images/30-1600.jpg,IMAGE,jpg,30-1600.jpg,/cultural/images/30-1600.jpg,,,,,1,https://www.rmd.ac.in/cultural/photo.html,data-attr
https://www.rmd.ac.in/cultural/images/31-1600.jpg,IMAGE,jpg,31-1600.jpg,/cultural/images/31-1600.jpg,,,,,1,https://www.rmd.ac.in/cultural/photo.html,data-attr
https://www.rmd.ac.in/cultural/images/32-1600.jpg,IMAGE,jpg,32-1600.jpg,/cultural/images/32-1600.jpg,,,,,1,https://www.rmd.ac.in/cultural/photo.html,data-attr
https://www.rmd.ac.in/cultural/images/4-1600.jpg,IMAGE,jpg,4-1600.jpg,/cultural/images/4-1600.jpg,,,,,1,https://www.rmd.ac.in/cultural/photo.html,data-attr
https://www.rmd.ac.in/cultural/images/5-1600.jpg,IMAGE,jpg,5-1600.jpg,/cultural/images/5-1600.jpg,,,,,1,https://www.rmd.ac.in/cultural/photo.html,data-attr
https://www.rmd.ac.in/cultural/images/6-1600.jpg,IMAGE,jpg,6-1600.jpg,/cultural/images/6-1600.jpg,,,,,1,https://www.rmd.ac.in/cultural/photo.html,data-attr
https://www.rmd.ac.in/cultural/images/7-1600.jpg,IMAGE,jpg,7-1600.jpg,/cultural/images/7-1600.jpg,,,,,1,https://www.rmd.ac.in/cultural/photo.html,data-attr
https://www.rmd.ac.in/cultural/images/8-1600.jpg,IMAGE,jpg,8-1600.jpg,/cultural/images/8-1600.jpg,,,,,1,https://www.rmd.ac.in/cultural/photo.html,data-attr
https://www.rmd.ac.in/cultural/images/9-1600.jpg,IMAGE,jpg,9-1600.jpg,/cultural/images/9-1600.jpg,,,,,1,https://www.rmd.ac.in/cultural/photo.html,data-attr
https://www.rmd.ac.in/cultural/images/Dr.%20K.%20S.%20Radha.jpg,IMAGE,jpg,Dr. K. S. Radha.jpg,/cultural/images/Dr.%20K.%20S.%20Radha.jpg,,,,,1,https://www.rmd.ac.in/cultural/contact.html,img
https://www.rmd.ac.in/cultural/images/image-slider-1.jpg,IMAGE,jpg,image-slider-1.jpg,/cultural/images/image-slider-1.jpg,,,,,1,https://www.rmd.ac.in/cultural/,img
https://www.rmd.ac.in/cultural/images/image-slider-2.jpg,IMAGE,jpg,image-slider-2.jpg,/cultural/images/image-slider-2.jpg,,,,,1,https://www.rmd.ac.in/cultural/,img
https://www.rmd.ac.in/cultural/images/image-slider-3.jpg,IMAGE,jpg,image-slider-3.jpg,/cultural/images/image-slider-3.jpg,,,,,1,https://www.rmd.ac.in/cultural/,img
https://www.rmd.ac.in/cultural/images/image-slider-4.jpg,IMAGE,jpg,image-slider-4.jpg,/cultural/images/image-slider-4.jpg,,,,,1,https://www.rmd.ac.in/cultural/,img
https://www.rmd.ac.in/cultural/images/image-slider-5.jpg,IMAGE,jpg,image-slider-5.jpg,/cultural/images/image-slider-5.jpg,,,,,1,https://www.rmd.ac.in/cultural/,img
https://www.rmd.ac.in/cultural/images/image-slider-6.jpg,IMAGE,jpg,image-slider-6.jpg,/cultural/images/image-slider-6.jpg,,,,,1,https://www.rmd.ac.in/cultural/,img
https://www.rmd.ac.in/cultural/images/image-slider-7.jpg,IMAGE,jpg,image-slider-7.jpg,/cultural/images/image-slider-7.jpg,,,,,1,https://www.rmd.ac.in/cultural/,img
https://www.rmd.ac.in/cultural/images/image-slider-8.jpg,IMAGE,jpg,image-slider-8.jpg,/cultural/images/image-slider-8.jpg,,,,,1,https://www.rmd.ac.in/cultural/,img
https://www.rmd.ac.in/cultural/images/thumb-1.jpg,IMAGE,jpg,thumb-1.jpg,/cultural/images/thumb-1.jpg,,,,,1,https://www.rmd.ac.in/cultural/photo.html,img
https://www.rmd.ac.in/cultural/images/thumb-10.jpg,IMAGE,jpg,thumb-10.jpg,/cultural/images/thumb-10.jpg,,,,,1,https://www.rmd.ac.in/cultural/photo.html,img
https://www.rmd.ac.in/cultural/images/thumb-11.jpg,IMAGE,jpg,thumb-11.jpg,/cultural/images/thumb-11.jpg,,,,,1,https://www.rmd.ac.in/cultural/photo.html,img
https://www.rmd.ac.in/cultural/images/thumb-12.jpg,IMAGE,jpg,thumb-12.jpg,/cultural/images/thumb-12.jpg,,,,,1,https://www.rmd.ac.in/cultural/photo.html,img
https://www.rmd.ac.in/cultural/images/thumb-13.jpg,IMAGE,jpg,thumb-13.jpg,/cultural/images/thumb-13.jpg,,,,,1,https://www.rmd.ac.in/cultural/photo.html,img
https://www.rmd.ac.in/cultural/images/thumb-14.jpg,IMAGE,jpg,thumb-14.jpg,/cultural/images/thumb-14.jpg,,,,,1,https://www.rmd.ac.in/cultural/photo.html,img
https://www.rmd.ac.in/cultural/images/thumb-15.jpg,IMAGE,jpg,thumb-15.jpg,/cultural/images/thumb-15.jpg,,,,,1,https://www.rmd.ac.in/cultural/photo.html,img
https://www.rmd.ac.in/cultural/images/thumb-16.jpg,IMAGE,jpg,thumb-16.jpg,/cultural/images/thumb-16.jpg,,,,,1,https://www.rmd.ac.in/cultural/photo.html,img
https://www.rmd.ac.in/cultural/images/thumb-17.jpg,IMAGE,jpg,thumb-17.jpg,/cultural/images/thumb-17.jpg,,,,,1,https://www.rmd.ac.in/cultural/photo.html,img
https://www.rmd.ac.in/cultural/images/thumb-18.jpg,IMAGE,jpg,thumb-18.jpg,/cultural/images/thumb-18.jpg,,,,,1,https://www.rmd.ac.in/cultural/photo.html,img
https://www.rmd.ac.in/cultural/images/thumb-19.jpg,IMAGE,jpg,thumb-19.jpg,/cultural/images/thumb-19.jpg,,,,,1,https://www.rmd.ac.in/cultural/photo.html,img
https://www.rmd.ac.in/cultural/images/thumb-2.jpg,IMAGE,jpg,thumb-2.jpg,/cultural/images/thumb-2.jpg,,,,,1,https://www.rmd.ac.in/cultural/photo.html,img
https://www.rmd.ac.in/cultural/images/thumb-20.jpg,IMAGE,jpg,thumb-20.jpg,/cultural/images/thumb-20.jpg,,,,,1,https://www.rmd.ac.in/cultural/photo.html,img
https://www.rmd.ac.in/cultural/images/thumb-21.jpg,IMAGE,jpg,thumb-21.jpg,/cultural/images/thumb-21.jpg,,,,,1,https://www.rmd.ac.in/cultural/photo.html,img
https://www.rmd.ac.in/cultural/images/thumb-22.jpg,IMAGE,jpg,thumb-22.jpg,/cultural/images/thumb-22.jpg,,,,,1,https://www.rmd.ac.in/cultural/photo.html,img
https://www.rmd.ac.in/cultural/images/thumb-23.jpg,IMAGE,jpg,thumb-23.jpg,/cultural/images/thumb-23.jpg,,,,,1,https://www.rmd.ac.in/cultural/photo.html,img
https://www.rmd.ac.in/cultural/images/thumb-24.jpg,IMAGE,jpg,thumb-24.jpg,/cultural/images/thumb-24.jpg,,,,,1,https://www.rmd.ac.in/cultural/photo.html,img
https://www.rmd.ac.in/cultural/images/thumb-25.jpg,IMAGE,jpg,thumb-25.jpg,/cultural/images/thumb-25.jpg,,,,,1,https://www.rmd.ac.in/cultural/photo.html,img
https://www.rmd.ac.in/cultural/images/thumb-26.jpg,IMAGE,jpg,thumb-26.jpg,/cultural/images/thumb-26.jpg,,,,,1,https://www.rmd.ac.in/cultural/photo.html,img
https://www.rmd.ac.in/cultural/images/thumb-27.jpg,IMAGE,jpg,thumb-27.jpg,/cultural/images/thumb-27.jpg,,,,,1,https://www.rmd.ac.in/cultural/photo.html,img
https://www.rmd.ac.in/cultural/images/thumb-28.jpg,IMAGE,jpg,thumb-28.jpg,/cultural/images/thumb-28.jpg,,,,,1,https://www.rmd.ac.in/cultural/photo.html,img
https://www.rmd.ac.in/cultural/images/thumb-29.jpg,IMAGE,jpg,thumb-29.jpg,/cultural/images/thumb-29.jpg,,,,,1,https://www.rmd.ac.in/cultural/photo.html,img
https://www.rmd.ac.in/cultural/images/thumb-3.jpg,IMAGE,jpg,thumb-3.jpg,/cultural/images/thumb-3.jpg,,,,,1,https://www.rmd.ac.in/cultural/photo.html,img
https://www.rmd.ac.in/cultural/images/thumb-30.jpg,IMAGE,jpg,thumb-30.jpg,/cultural/images/thumb-30.jpg,,,,,1,https://www.rmd.ac.in/cultural/photo.html,img
https://www.rmd.ac.in/cultural/images/thumb-31.jpg,IMAGE,jpg,thumb-31.jpg,/cultural/images/thumb-31.jpg,,,,,1,https://www.rmd.ac.in/cultural/photo.html,img
https://www.rmd.ac.in/cultural/images/thumb-32.jpg,IMAGE,jpg,thumb-32.jpg,/cultural/images/thumb-32.jpg,,,,,1,https://www.rmd.ac.in/cultural/photo.html,img
https://www.rmd.ac.in/cultural/images/thumb-4.jpg,IMAGE,jpg,thumb-4.jpg,/cultural/images/thumb-4.jpg,,,,,1,https://www.rmd.ac.in/cultural/photo.html,img
https://www.rmd.ac.in/cultural/images/thumb-5.jpg,IMAGE,jpg,thumb-5.jpg,/cultural/images/thumb-5.jpg,,,,,1,https://www.rmd.ac.in/cultural/photo.html,img
https://www.rmd.ac.in/cultural/images/thumb-6.jpg,IMAGE,jpg,thumb-6.jpg,/cultural/images/thumb-6.jpg,,,,,1,https://www.rmd.ac.in/cultural/photo.html,img
https://www.rmd.ac.in/cultural/images/thumb-7.jpg,IMAGE,jpg,thumb-7.jpg,/cultural/images/thumb-7.jpg,,,,,1,https://www.rmd.ac.in/cultural/photo.html,img
https://www.rmd.ac.in/cultural/images/thumb-8.jpg,IMAGE,jpg,thumb-8.jpg,/cultural/images/thumb-8.jpg,,,,,1,https://www.rmd.ac.in/cultural/photo.html,img
https://www.rmd.ac.in/cultural/images/thumb-9.jpg,IMAGE,jpg,thumb-9.jpg,/cultural/images/thumb-9.jpg,,,,,1,https://www.rmd.ac.in/cultural/photo.html,img
https://www.rmd.ac.in/dept/cse/images/117.jpg,IMAGE,jpg,117.jpg,/dept/cse/images/117.jpg,,,,,1,https://www.rmd.ac.in/dept/cse/faculty.html,img
https://www.rmd.ac.in/dept/cse/images/12.jpg,IMAGE,jpg,12.jpg,/dept/cse/images/12.jpg,,,,,1,https://www.rmd.ac.in/dept/cse/faculty.html,img
https://www.rmd.ac.in/dept/cse/images/14.jpg,IMAGE,jpg,14.jpg,/dept/cse/images/14.jpg,,,,,1,https://www.rmd.ac.in/dept/cse/faculty.html,img
https://www.rmd.ac.in/dept/cse/images/17.jpg,IMAGE,jpg,17.jpg,/dept/cse/images/17.jpg,,,,,1,https://www.rmd.ac.in/dept/cse/faculty.html,img
https://www.rmd.ac.in/dept/cse/images/22.jpg,IMAGE,jpg,22.jpg,/dept/cse/images/22.jpg,,,,,1,https://www.rmd.ac.in/dept/cse/faculty.html,img
https://www.rmd.ac.in/dept/cse/images/23.jpg,IMAGE,jpg,23.jpg,/dept/cse/images/23.jpg,,,,,1,https://www.rmd.ac.in/dept/cse/faculty.html,img
https://www.rmd.ac.in/dept/cse/images/26.jpg,IMAGE,jpg,26.jpg,/dept/cse/images/26.jpg,,,,,1,https://www.rmd.ac.in/dept/cse/faculty.html,img
https://www.rmd.ac.in/dept/cse/images/28.jpg,IMAGE,jpg,28.jpg,/dept/cse/images/28.jpg,,,,,1,https://www.rmd.ac.in/dept/cse/faculty.html,img
https://www.rmd.ac.in/dept/cse/images/3.jpg,IMAGE,jpg,3.jpg,/dept/cse/images/3.jpg,,,,,1,https://www.rmd.ac.in/dept/cse/faculty.html,img
https://www.rmd.ac.in/dept/cse/images/4.jpg,IMAGE,jpg,4.jpg,/dept/cse/images/4.jpg,,,,,1,https://www.rmd.ac.in/dept/cse/faculty.html,img
https://www.rmd.ac.in/dept/cse/images/41.jpg,IMAGE,jpg,41.jpg,/dept/cse/images/41.jpg,,,,,1,https://www.rmd.ac.in/dept/cse/faculty.html,img
https://www.rmd.ac.in/dept/cse/images/54.jpg,IMAGE,jpg,54.jpg,/dept/cse/images/54.jpg,,,,,1,https://www.rmd.ac.in/dept/cse/faculty.html,img
https://www.rmd.ac.in/dept/cse/images/Hema.jpg,IMAGE,jpg,Hema.jpg,/dept/cse/images/Hema.jpg,,,,,1,https://www.rmd.ac.in/dept/cse/faculty.html,img
https://www.rmd.ac.in/dept/cse/images/MA.jpg,IMAGE,jpg,MA.jpg,/dept/cse/images/MA.jpg,,,,,1,https://www.rmd.ac.in/dept/cse/faculty.html,img
https://www.rmd.ac.in/dept/cse/images/MP.jpg,IMAGE,jpg,MP.jpg,/dept/cse/images/MP.jpg,,,,,1,https://www.rmd.ac.in/dept/cse/faculty.html,img
https://www.rmd.ac.in/dept/cse/images/Nazreen.jpg,IMAGE,jpg,Nazreen.jpg,/dept/cse/images/Nazreen.jpg,,,,,1,https://www.rmd.ac.in/dept/cse/faculty.html,img
https://www.rmd.ac.in/dept/cse/images/R.png,IMAGE,png,R.png,/dept/cse/images/R.png,,,,,1,https://www.rmd.ac.in/dept/cse/faculty.html,img
https://www.rmd.ac.in/dept/cse/images/SB.jpg,IMAGE,jpg,SB.jpg,/dept/cse/images/SB.jpg,,,,,1,https://www.rmd.ac.in/dept/cse/faculty.html,img
https://www.rmd.ac.in/dept/cse/images/SG.jpg,IMAGE,jpg,SG.jpg,/dept/cse/images/SG.jpg,,,,,1,https://www.rmd.ac.in/dept/cse/faculty.html,img
https://www.rmd.ac.in/dept/cse/images/SH.jpg,IMAGE,jpg,SH.jpg,/dept/cse/images/SH.jpg,,,,,1,https://www.rmd.ac.in/dept/cse/faculty.html,img
https://www.rmd.ac.in/dept/cse/images/San.jpg,IMAGE,jpg,San.jpg,/dept/cse/images/San.jpg,,,,,1,https://www.rmd.ac.in/dept/cse/faculty.html,img
https://www.rmd.ac.in/dept/cse/images/ad.png,IMAGE,png,ad.png,/dept/cse/images/ad.png,,,,,1,https://www.rmd.ac.in/dept/cse/faculty.html,img
https://www.rmd.ac.in/dept/cse/images/arr.gif,IMAGE,gif,arr.gif,/dept/cse/images/arr.gif,,,,,2,https://www.rmd.ac.in/dept/cse/co.html,img
https://www.rmd.ac.in/dept/cse/images/aruna.jpg,IMAGE,jpg,aruna.jpg,/dept/cse/images/aruna.jpg,,,,,1,https://www.rmd.ac.in/dept/cse/faculty.html,img
https://www.rmd.ac.in/dept/cse/images/c.png,IMAGE,png,c.png,/dept/cse/images/c.png,,,,,1,https://www.rmd.ac.in/dept/cse/faculty.html,img
https://www.rmd.ac.in/dept/cse/images/click.png,IMAGE,png,click.png,/dept/cse/images/click.png,,,,,1,https://www.rmd.ac.in/dept/cse/hod.html,img
https://www.rmd.ac.in/dept/cse/images/down.png,IMAGE,png,down.png,/dept/cse/images/down.png,,,,,2,https://www.rmd.ac.in/dept/cse/co.html,img
https://www.rmd.ac.in/dept/cse/images/farjana.jpg,IMAGE,jpg,farjana.jpg,/dept/cse/images/farjana.jpg,,,,,1,https://www.rmd.ac.in/dept/cse/faculty.html,img
https://www.rmd.ac.in/dept/cse/images/hod.jpg,IMAGE,jpg,hod.jpg,/dept/cse/images/hod.jpg,,,,,2,https://www.rmd.ac.in/dept/cse/hod.html,img
https://www.rmd.ac.in/dept/cse/images/jaya.jpg,IMAGE,jpg,jaya.jpg,/dept/cse/images/jaya.jpg,,,,,1,https://www.rmd.ac.in/dept/cse/faculty.html,img
https://www.rmd.ac.in/dept/cse/images/jg.jpg,IMAGE,jpg,jg.jpg,/dept/cse/images/jg.jpg,,,,,1,https://www.rmd.ac.in/dept/cse/faculty.html,img
https://www.rmd.ac.in/dept/cse/images/kalai.jpg,IMAGE,jpg,kalai.jpg,/dept/cse/images/kalai.jpg,,,,,1,https://www.rmd.ac.in/dept/cse/faculty.html,img
https://www.rmd.ac.in/dept/cse/images/kaliraj.jpg,IMAGE,jpg,kaliraj.jpg,/dept/cse/images/kaliraj.jpg,,,,,1,https://www.rmd.ac.in/dept/cse/faculty.html,img
https://www.rmd.ac.in/dept/cse/images/kp.jpg,IMAGE,jpg,kp.jpg,/dept/cse/images/kp.jpg,,,,,1,https://www.rmd.ac.in/dept/cse/faculty.html,img
https://www.rmd.ac.in/dept/cse/images/lab/1.jpg,IMAGE,jpg,1.jpg,/dept/cse/images/lab/1.jpg,,,,,1,https://www.rmd.ac.in/dept/cse/lab.html,img
https://www.rmd.ac.in/dept/cse/images/lab/2.jpg,IMAGE,jpg,2.jpg,/dept/cse/images/lab/2.jpg,,,,,1,https://www.rmd.ac.in/dept/cse/lab.html,img
https://www.rmd.ac.in/dept/cse/images/lab/3.jpg,IMAGE,jpg,3.jpg,/dept/cse/images/lab/3.jpg,,,,,1,https://www.rmd.ac.in/dept/cse/lab.html,img
https://www.rmd.ac.in/dept/cse/images/lab/4.jpg,IMAGE,jpg,4.jpg,/dept/cse/images/lab/4.jpg,,,,,1,https://www.rmd.ac.in/dept/cse/lab.html,img
https://www.rmd.ac.in/dept/cse/images/lab/5.jpg,IMAGE,jpg,5.jpg,/dept/cse/images/lab/5.jpg,,,,,1,https://www.rmd.ac.in/dept/cse/lab.html,img
https://www.rmd.ac.in/dept/cse/images/nan.jpg,IMAGE,jpg,nan.jpg,/dept/cse/images/nan.jpg,,,,,1,https://www.rmd.ac.in/dept/cse/faculty.html,img
https://www.rmd.ac.in/dept/cse/images/nimmy.jpg,IMAGE,jpg,nimmy.jpg,/dept/cse/images/nimmy.jpg,,,,,1,https://www.rmd.ac.in/dept/cse/faculty.html,img
https://www.rmd.ac.in/dept/cse/images/pl.png,IMAGE,png,pl.png,/dept/cse/images/pl.png,,,,,1,https://www.rmd.ac.in/dept/cse/faculty.html,img
https://www.rmd.ac.in/dept/cse/images/placementchart.jpg,IMAGE,jpg,placementchart.jpg,/dept/cse/images/placementchart.jpg,,,,,1,https://www.rmd.ac.in/dept/cse/plac.html,img
https://www.rmd.ac.in/dept/cse/images/prema.jpg,IMAGE,jpg,prema.jpg,/dept/cse/images/prema.jpg,,,,,1,https://www.rmd.ac.in/dept/cse/faculty.html,img
https://www.rmd.ac.in/dept/cse/images/ra.png,IMAGE,png,ra.png,/dept/cse/images/ra.png,,,,,1,https://www.rmd.ac.in/dept/cse/faculty.html,img
https://www.rmd.ac.in/dept/cse/images/rank/2015/1.jpg,IMAGE,jpg,1.jpg,/dept/cse/images/rank/2015/1.jpg,,,,,1,https://www.rmd.ac.in/dept/cse/rank.html,img
https://www.rmd.ac.in/dept/cse/images/rank/2015/10.jpg,IMAGE,jpg,10.jpg,/dept/cse/images/rank/2015/10.jpg,,,,,1,https://www.rmd.ac.in/dept/cse/rank.html,img
https://www.rmd.ac.in/dept/cse/images/rank/2015/11.jpg,IMAGE,jpg,11.jpg,/dept/cse/images/rank/2015/11.jpg,,,,,1,https://www.rmd.ac.in/dept/cse/rank.html,img
https://www.rmd.ac.in/dept/cse/images/rank/2015/12.jpg,IMAGE,jpg,12.jpg,/dept/cse/images/rank/2015/12.jpg,,,,,1,https://www.rmd.ac.in/dept/cse/rank.html,img
https://www.rmd.ac.in/dept/cse/images/rank/2015/13.jpg,IMAGE,jpg,13.jpg,/dept/cse/images/rank/2015/13.jpg,,,,,1,https://www.rmd.ac.in/dept/cse/rank.html,img
https://www.rmd.ac.in/dept/cse/images/rank/2015/14.jpg,IMAGE,jpg,14.jpg,/dept/cse/images/rank/2015/14.jpg,,,,,1,https://www.rmd.ac.in/dept/cse/rank.html,img
https://www.rmd.ac.in/dept/cse/images/rank/2015/2.jpg,IMAGE,jpg,2.jpg,/dept/cse/images/rank/2015/2.jpg,,,,,1,https://www.rmd.ac.in/dept/cse/rank.html,img
https://www.rmd.ac.in/dept/cse/images/rank/2015/3.jpg,IMAGE,jpg,3.jpg,/dept/cse/images/rank/2015/3.jpg,,,,,1,https://www.rmd.ac.in/dept/cse/rank.html,img
https://www.rmd.ac.in/dept/cse/images/rank/2015/4.jpg,IMAGE,jpg,4.jpg,/dept/cse/images/rank/2015/4.jpg,,,,,1,https://www.rmd.ac.in/dept/cse/rank.html,img
https://www.rmd.ac.in/dept/cse/images/rank/2015/5.jpg,IMAGE,jpg,5.jpg,/dept/cse/images/rank/2015/5.jpg,,,,,1,https://www.rmd.ac.in/dept/cse/rank.html,img
https://www.rmd.ac.in/dept/cse/images/rank/2015/6.jpg,IMAGE,jpg,6.jpg,/dept/cse/images/rank/2015/6.jpg,,,,,1,https://www.rmd.ac.in/dept/cse/rank.html,img
https://www.rmd.ac.in/dept/cse/images/rank/2015/7.jpg,IMAGE,jpg,7.jpg,/dept/cse/images/rank/2015/7.jpg,,,,,1,https://www.rmd.ac.in/dept/cse/rank.html,img
https://www.rmd.ac.in/dept/cse/images/rank/2015/8.jpg,IMAGE,jpg,8.jpg,/dept/cse/images/rank/2015/8.jpg,,,,,1,https://www.rmd.ac.in/dept/cse/rank.html,img
https://www.rmd.ac.in/dept/cse/images/rank/2015/9.jpg,IMAGE,jpg,9.jpg,/dept/cse/images/rank/2015/9.jpg,,,,,1,https://www.rmd.ac.in/dept/cse/rank.html,img
https://www.rmd.ac.in/dept/cse/images/rank/2015/p1.jpg,IMAGE,jpg,p1.jpg,/dept/cse/images/rank/2015/p1.jpg,,,,,1,https://www.rmd.ac.in/dept/cse/rank.html,img
https://www.rmd.ac.in/dept/cse/images/rank/2015/p2.jpg,IMAGE,jpg,p2.jpg,/dept/cse/images/rank/2015/p2.jpg,,,,,1,https://www.rmd.ac.in/dept/cse/rank.html,img
https://www.rmd.ac.in/dept/cse/images/rank/2015/p3.jpg,IMAGE,jpg,p3.jpg,/dept/cse/images/rank/2015/p3.jpg,,,,,1,https://www.rmd.ac.in/dept/cse/rank.html,img
https://www.rmd.ac.in/dept/cse/images/rank/2015/p4.jpg,IMAGE,jpg,p4.jpg,/dept/cse/images/rank/2015/p4.jpg,,,,,1,https://www.rmd.ac.in/dept/cse/rank.html,img
https://www.rmd.ac.in/dept/cse/images/rank/2016/1.jpg,IMAGE,jpg,1.jpg,/dept/cse/images/rank/2016/1.jpg,,,,,1,https://www.rmd.ac.in/dept/cse/rank.html,img
https://www.rmd.ac.in/dept/cse/images/rank/2016/10.jpg,IMAGE,jpg,10.jpg,/dept/cse/images/rank/2016/10.jpg,,,,,1,https://www.rmd.ac.in/dept/cse/rank.html,img
https://www.rmd.ac.in/dept/cse/images/rank/2016/11.jpg,IMAGE,jpg,11.jpg,/dept/cse/images/rank/2016/11.jpg,,,,,1,https://www.rmd.ac.in/dept/cse/rank.html,img
https://www.rmd.ac.in/dept/cse/images/rank/2016/12.jpg,IMAGE,jpg,12.jpg,/dept/cse/images/rank/2016/12.jpg,,,,,1,https://www.rmd.ac.in/dept/cse/rank.html,img
https://www.rmd.ac.in/dept/cse/images/rank/2016/13.jpg,IMAGE,jpg,13.jpg,/dept/cse/images/rank/2016/13.jpg,,,,,1,https://www.rmd.ac.in/dept/cse/rank.html,img
https://www.rmd.ac.in/dept/cse/images/rank/2016/14.jpg,IMAGE,jpg,14.jpg,/dept/cse/images/rank/2016/14.jpg,,,,,1,https://www.rmd.ac.in/dept/cse/rank.html,img
https://www.rmd.ac.in/dept/cse/images/rank/2016/2.jpg,IMAGE,jpg,2.jpg,/dept/cse/images/rank/2016/2.jpg,,,,,1,https://www.rmd.ac.in/dept/cse/rank.html,img
https://www.rmd.ac.in/dept/cse/images/rank/2016/3.jpg,IMAGE,jpg,3.jpg,/dept/cse/images/rank/2016/3.jpg,,,,,1,https://www.rmd.ac.in/dept/cse/rank.html,img
https://www.rmd.ac.in/dept/cse/images/rank/2016/4.jpg,IMAGE,jpg,4.jpg,/dept/cse/images/rank/2016/4.jpg,,,,,1,https://www.rmd.ac.in/dept/cse/rank.html,img
https://www.rmd.ac.in/dept/cse/images/rank/2016/5.jpg,IMAGE,jpg,5.jpg,/dept/cse/images/rank/2016/5.jpg,,,,,1,https://www.rmd.ac.in/dept/cse/rank.html,img
https://www.rmd.ac.in/dept/cse/images/rank/2016/6.jpg,IMAGE,jpg,6.jpg,/dept/cse/images/rank/2016/6.jpg,,,,,1,https://www.rmd.ac.in/dept/cse/rank.html,img
https://www.rmd.ac.in/dept/cse/images/rank/2016/7.jpg,IMAGE,jpg,7.jpg,/dept/cse/images/rank/2016/7.jpg,,,,,1,https://www.rmd.ac.in/dept/cse/rank.html,img
https://www.rmd.ac.in/dept/cse/images/rank/2016/8.jpg,IMAGE,jpg,8.jpg,/dept/cse/images/rank/2016/8.jpg,,,,,1,https://www.rmd.ac.in/dept/cse/rank.html,img
https://www.rmd.ac.in/dept/cse/images/rank/2016/9.jpg,IMAGE,jpg,9.jpg,/dept/cse/images/rank/2016/9.jpg,,,,,1,https://www.rmd.ac.in/dept/cse/rank.html,img
https://www.rmd.ac.in/dept/cse/images/rank/2016/p1.jpg,IMAGE,jpg,p1.jpg,/dept/cse/images/rank/2016/p1.jpg,,,,,1,https://www.rmd.ac.in/dept/cse/rank.html,img
https://www.rmd.ac.in/dept/cse/images/rank/2016/p2.jpg,IMAGE,jpg,p2.jpg,/dept/cse/images/rank/2016/p2.jpg,,,,,1,https://www.rmd.ac.in/dept/cse/rank.html,img
https://www.rmd.ac.in/dept/cse/images/rank/2016/p3.jpg,IMAGE,jpg,p3.jpg,/dept/cse/images/rank/2016/p3.jpg,,,,,1,https://www.rmd.ac.in/dept/cse/rank.html,img
https://www.rmd.ac.in/dept/cse/images/rank/2017/1.jpg,IMAGE,jpg,1.jpg,/dept/cse/images/rank/2017/1.jpg,,,,,1,https://www.rmd.ac.in/dept/cse/rank.html,img
https://www.rmd.ac.in/dept/cse/images/rank/2017/10.jpg,IMAGE,jpg,10.jpg,/dept/cse/images/rank/2017/10.jpg,,,,,1,https://www.rmd.ac.in/dept/cse/rank.html,img
https://www.rmd.ac.in/dept/cse/images/rank/2017/11.jpg,IMAGE,jpg,11.jpg,/dept/cse/images/rank/2017/11.jpg,,,,,1,https://www.rmd.ac.in/dept/cse/rank.html,img
https://www.rmd.ac.in/dept/cse/images/rank/2017/12.jpg,IMAGE,jpg,12.jpg,/dept/cse/images/rank/2017/12.jpg,,,,,1,https://www.rmd.ac.in/dept/cse/rank.html,img
https://www.rmd.ac.in/dept/cse/images/rank/2017/13.jpg,IMAGE,jpg,13.jpg,/dept/cse/images/rank/2017/13.jpg,,,,,1,https://www.rmd.ac.in/dept/cse/rank.html,img
https://www.rmd.ac.in/dept/cse/images/rank/2017/14.jpg,IMAGE,jpg,14.jpg,/dept/cse/images/rank/2017/14.jpg,,,,,1,https://www.rmd.ac.in/dept/cse/rank.html,img
https://www.rmd.ac.in/dept/cse/images/rank/2017/15.jpg,IMAGE,jpg,15.jpg,/dept/cse/images/rank/2017/15.jpg,,,,,1,https://www.rmd.ac.in/dept/cse/rank.html,img
https://www.rmd.ac.in/dept/cse/images/rank/2017/16.jpg,IMAGE,jpg,16.jpg,/dept/cse/images/rank/2017/16.jpg,,,,,1,https://www.rmd.ac.in/dept/cse/rank.html,img
https://www.rmd.ac.in/dept/cse/images/rank/2017/17.jpg,IMAGE,jpg,17.jpg,/dept/cse/images/rank/2017/17.jpg,,,,,1,https://www.rmd.ac.in/dept/cse/rank.html,img
https://www.rmd.ac.in/dept/cse/images/rank/2017/18.jpg,IMAGE,jpg,18.jpg,/dept/cse/images/rank/2017/18.jpg,,,,,1,https://www.rmd.ac.in/dept/cse/rank.html,img
https://www.rmd.ac.in/dept/cse/images/rank/2017/19.jpg,IMAGE,jpg,19.jpg,/dept/cse/images/rank/2017/19.jpg,,,,,1,https://www.rmd.ac.in/dept/cse/rank.html,img
https://www.rmd.ac.in/dept/cse/images/rank/2017/2.jpg,IMAGE,jpg,2.jpg,/dept/cse/images/rank/2017/2.jpg,,,,,1,https://www.rmd.ac.in/dept/cse/rank.html,img
https://www.rmd.ac.in/dept/cse/images/rank/2017/20.jpg,IMAGE,jpg,20.jpg,/dept/cse/images/rank/2017/20.jpg,,,,,1,https://www.rmd.ac.in/dept/cse/rank.html,img
https://www.rmd.ac.in/dept/cse/images/rank/2017/21.jpg,IMAGE,jpg,21.jpg,/dept/cse/images/rank/2017/21.jpg,,,,,1,https://www.rmd.ac.in/dept/cse/rank.html,img
https://www.rmd.ac.in/dept/cse/images/rank/2017/22.jpg,IMAGE,jpg,22.jpg,/dept/cse/images/rank/2017/22.jpg,,,,,1,https://www.rmd.ac.in/dept/cse/rank.html,img
https://www.rmd.ac.in/dept/cse/images/rank/2017/23.jpg,IMAGE,jpg,23.jpg,/dept/cse/images/rank/2017/23.jpg,,,,,1,https://www.rmd.ac.in/dept/cse/rank.html,img
https://www.rmd.ac.in/dept/cse/images/rank/2017/24.jpg,IMAGE,jpg,24.jpg,/dept/cse/images/rank/2017/24.jpg,,,,,1,https://www.rmd.ac.in/dept/cse/rank.html,img
https://www.rmd.ac.in/dept/cse/images/rank/2017/25.jpg,IMAGE,jpg,25.jpg,/dept/cse/images/rank/2017/25.jpg,,,,,1,https://www.rmd.ac.in/dept/cse/rank.html,img
https://www.rmd.ac.in/dept/cse/images/rank/2017/26.jpg,IMAGE,jpg,26.jpg,/dept/cse/images/rank/2017/26.jpg,,,,,1,https://www.rmd.ac.in/dept/cse/rank.html,img
https://www.rmd.ac.in/dept/cse/images/rank/2017/27.jpg,IMAGE,jpg,27.jpg,/dept/cse/images/rank/2017/27.jpg,,,,,1,https://www.rmd.ac.in/dept/cse/rank.html,img
https://www.rmd.ac.in/dept/cse/images/rank/2017/28.jpg,IMAGE,jpg,28.jpg,/dept/cse/images/rank/2017/28.jpg,,,,,1,https://www.rmd.ac.in/dept/cse/rank.html,img
https://www.rmd.ac.in/dept/cse/images/rank/2017/29.jpg,IMAGE,jpg,29.jpg,/dept/cse/images/rank/2017/29.jpg,,,,,1,https://www.rmd.ac.in/dept/cse/rank.html,img
https://www.rmd.ac.in/dept/cse/images/rank/2017/3.jpg,IMAGE,jpg,3.jpg,/dept/cse/images/rank/2017/3.jpg,,,,,1,https://www.rmd.ac.in/dept/cse/rank.html,img
https://www.rmd.ac.in/dept/cse/images/rank/2017/4.jpg,IMAGE,jpg,4.jpg,/dept/cse/images/rank/2017/4.jpg,,,,,1,https://www.rmd.ac.in/dept/cse/rank.html,img
https://www.rmd.ac.in/dept/cse/images/rank/2017/5.jpg,IMAGE,jpg,5.jpg,/dept/cse/images/rank/2017/5.jpg,,,,,1,https://www.rmd.ac.in/dept/cse/rank.html,img
https://www.rmd.ac.in/dept/cse/images/rank/2017/6.jpg,IMAGE,jpg,6.jpg,/dept/cse/images/rank/2017/6.jpg,,,,,1,https://www.rmd.ac.in/dept/cse/rank.html,img
https://www.rmd.ac.in/dept/cse/images/rank/2017/7.jpg,IMAGE,jpg,7.jpg,/dept/cse/images/rank/2017/7.jpg,,,,,1,https://www.rmd.ac.in/dept/cse/rank.html,img
https://www.rmd.ac.in/dept/cse/images/rank/2017/8.jpg,IMAGE,jpg,8.jpg,/dept/cse/images/rank/2017/8.jpg,,,,,1,https://www.rmd.ac.in/dept/cse/rank.html,img
https://www.rmd.ac.in/dept/cse/images/rank/2017/9.jpg,IMAGE,jpg,9.jpg,/dept/cse/images/rank/2017/9.jpg,,,,,1,https://www.rmd.ac.in/dept/cse/rank.html,img
https://www.rmd.ac.in/dept/cse/images/rank/2018/1.jpg,IMAGE,jpg,1.jpg,/dept/cse/images/rank/2018/1.jpg,,,,,1,https://www.rmd.ac.in/dept/cse/rank.html,img
https://www.rmd.ac.in/dept/cse/images/rank/2018/10.jpg,IMAGE,jpg,10.jpg,/dept/cse/images/rank/2018/10.jpg,,,,,1,https://www.rmd.ac.in/dept/cse/rank.html,img
https://www.rmd.ac.in/dept/cse/images/rank/2018/2.jpg,IMAGE,jpg,2.jpg,/dept/cse/images/rank/2018/2.jpg,,,,,1,https://www.rmd.ac.in/dept/cse/rank.html,img
https://www.rmd.ac.in/dept/cse/images/rank/2018/3.jpg,IMAGE,jpg,3.jpg,/dept/cse/images/rank/2018/3.jpg,,,,,1,https://www.rmd.ac.in/dept/cse/rank.html,img
https://www.rmd.ac.in/dept/cse/images/rank/2018/4.jpg,IMAGE,jpg,4.jpg,/dept/cse/images/rank/2018/4.jpg,,,,,1,https://www.rmd.ac.in/dept/cse/rank.html,img
https://www.rmd.ac.in/dept/cse/images/rank/2018/5.jpg,IMAGE,jpg,5.jpg,/dept/cse/images/rank/2018/5.jpg,,,,,1,https://www.rmd.ac.in/dept/cse/rank.html,img
https://www.rmd.ac.in/dept/cse/images/rank/2018/6.jpg,IMAGE,jpg,6.jpg,/dept/cse/images/rank/2018/6.jpg,,,,,1,https://www.rmd.ac.in/dept/cse/rank.html,img
https://www.rmd.ac.in/dept/cse/images/rank/2018/7.jpg,IMAGE,jpg,7.jpg,/dept/cse/images/rank/2018/7.jpg,,,,,1,https://www.rmd.ac.in/dept/cse/rank.html,img
https://www.rmd.ac.in/dept/cse/images/rank/2018/8.jpg,IMAGE,jpg,8.jpg,/dept/cse/images/rank/2018/8.jpg,,,,,1,https://www.rmd.ac.in/dept/cse/rank.html,img
https://www.rmd.ac.in/dept/cse/images/rank/2018/9.jpg,IMAGE,jpg,9.jpg,/dept/cse/images/rank/2018/9.jpg,,,,,1,https://www.rmd.ac.in/dept/cse/rank.html,img
https://www.rmd.ac.in/dept/cse/images/rank/2019/1.jpg,IMAGE,jpg,1.jpg,/dept/cse/images/rank/2019/1.jpg,,,,,1,https://www.rmd.ac.in/dept/cse/rank.html,img
https://www.rmd.ac.in/dept/cse/images/rank/2019/2.jpg,IMAGE,jpg,2.jpg,/dept/cse/images/rank/2019/2.jpg,,,,,1,https://www.rmd.ac.in/dept/cse/rank.html,img
https://www.rmd.ac.in/dept/cse/images/rank/2020/1.jpeg,IMAGE,jpeg,1.jpeg,/dept/cse/images/rank/2020/1.jpeg,,,,,1,https://www.rmd.ac.in/dept/cse/rank.html,img
https://www.rmd.ac.in/dept/cse/images/rank/2021/1.jpg,IMAGE,jpg,1.jpg,/dept/cse/images/rank/2021/1.jpg,,,,,1,https://www.rmd.ac.in/dept/cse/rank.html,img
https://www.rmd.ac.in/dept/cse/images/rank/2021/2.jpg,IMAGE,jpg,2.jpg,/dept/cse/images/rank/2021/2.jpg,,,,,1,https://www.rmd.ac.in/dept/cse/rank.html,img
https://www.rmd.ac.in/dept/cse/images/rank/2021/3.jpg,IMAGE,jpg,3.jpg,/dept/cse/images/rank/2021/3.jpg,,,,,1,https://www.rmd.ac.in/dept/cse/rank.html,img
https://www.rmd.ac.in/dept/cse/images/rank/2022/1.jpg,IMAGE,jpg,1.jpg,/dept/cse/images/rank/2022/1.jpg,,,,,1,https://www.rmd.ac.in/dept/cse/rank.html,img
https://www.rmd.ac.in/dept/cse/images/rank/2022/2.jpg,IMAGE,jpg,2.jpg,/dept/cse/images/rank/2022/2.jpg,,,,,1,https://www.rmd.ac.in/dept/cse/rank.html,img
https://www.rmd.ac.in/dept/cse/images/rank/2022/3.jpg,IMAGE,jpg,3.jpg,/dept/cse/images/rank/2022/3.jpg,,,,,1,https://www.rmd.ac.in/dept/cse/rank.html,img
https://www.rmd.ac.in/dept/cse/images/rank/2023/1.jpg,IMAGE,jpg,1.jpg,/dept/cse/images/rank/2023/1.jpg,,,,,2,https://www.rmd.ac.in/ac.html,img
https://www.rmd.ac.in/dept/cse/images/rank/2023/2.jpg,IMAGE,jpg,2.jpg,/dept/cse/images/rank/2023/2.jpg,,,,,2,https://www.rmd.ac.in/ac.html,img
https://www.rmd.ac.in/dept/cse/images/rank/2023/3.jpg,IMAGE,jpg,3.jpg,/dept/cse/images/rank/2023/3.jpg,,,,,2,https://www.rmd.ac.in/ac.html,img
https://www.rmd.ac.in/dept/cse/images/reeta.jpg,IMAGE,jpg,reeta.jpg,/dept/cse/images/reeta.jpg,,,,,1,https://www.rmd.ac.in/dept/cse/faculty.html,img
https://www.rmd.ac.in/dept/cse/images/s.png,IMAGE,png,s.png,/dept/cse/images/s.png,,,,,1,https://www.rmd.ac.in/dept/cse/faculty.html,img
https://www.rmd.ac.in/dept/cse/images/sree.jpg,IMAGE,jpg,sree.jpg,/dept/cse/images/sree.jpg,,,,,1,https://www.rmd.ac.in/dept/cse/faculty.html,img
https://www.rmd.ac.in/dept/cse/images/st.jpg,IMAGE,jpg,st.jpg,/dept/cse/images/st.jpg,,,,,1,https://www.rmd.ac.in/dept/cse/faculty.html,img
https://www.rmd.ac.in/dept/cse/images/sudha.jpg,IMAGE,jpg,sudha.jpg,/dept/cse/images/sudha.jpg,,,,,1,https://www.rmd.ac.in/dept/cse/faculty.html,img
https://www.rmd.ac.in/dept/cse/images/sureka.jpg,IMAGE,jpg,sureka.jpg,/dept/cse/images/sureka.jpg,,,,,1,https://www.rmd.ac.in/dept/cse/faculty.html,img
https://www.rmd.ac.in/dept/cse/images/v.png,IMAGE,png,v.png,/dept/cse/images/v.png,,,,,1,https://www.rmd.ac.in/dept/cse/faculty.html,img
https://www.rmd.ac.in/dept/cse/images/ya.png,IMAGE,png,ya.png,/dept/cse/images/ya.png,,,,,1,https://www.rmd.ac.in/dept/cse/faculty.html,img
https://www.rmd.ac.in/dept/ece/images/rank/2022/1.jpg,IMAGE,jpg,1.jpg,/dept/ece/images/rank/2022/1.jpg,,,,,1,https://www.rmd.ac.in/ac.html,img
https://www.rmd.ac.in/dept/ece/images/rank/2022/2.jpg,IMAGE,jpg,2.jpg,/dept/ece/images/rank/2022/2.jpg,,,,,1,https://www.rmd.ac.in/ac.html,img
https://www.rmd.ac.in/dept/ece/images/rank/2022/3.jpg,IMAGE,jpg,3.jpg,/dept/ece/images/rank/2022/3.jpg,,,,,1,https://www.rmd.ac.in/ac.html,img
https://www.rmd.ac.in/dept/ece/images/rank/2022/4.jpg,IMAGE,jpg,4.jpg,/dept/ece/images/rank/2022/4.jpg,,,,,1,https://www.rmd.ac.in/ac.html,img
https://www.rmd.ac.in/dept/ece/images/rank/2022/5.jpg,IMAGE,jpg,5.jpg,/dept/ece/images/rank/2022/5.jpg,,,,,1,https://www.rmd.ac.in/ac.html,img
https://www.rmd.ac.in/dept/ece/images/rank/2022/6.jpg,IMAGE,jpg,6.jpg,/dept/ece/images/rank/2022/6.jpg,,,,,1,https://www.rmd.ac.in/ac.html,img
https://www.rmd.ac.in/dept/ece/images/rank/2022/7.jpg,IMAGE,jpg,7.jpg,/dept/ece/images/rank/2022/7.jpg,,,,,1,https://www.rmd.ac.in/ac.html,img
https://www.rmd.ac.in/dept/ece/images/rank/2022/8.jpg,IMAGE,jpg,8.jpg,/dept/ece/images/rank/2022/8.jpg,,,,,1,https://www.rmd.ac.in/ac.html,img
https://www.rmd.ac.in/dept/ece/images/rank/2022/9.jpg,IMAGE,jpg,9.jpg,/dept/ece/images/rank/2022/9.jpg,,,,,1,https://www.rmd.ac.in/ac.html,img
https://www.rmd.ac.in/dept/it/images/rank/2022/1.jpg,IMAGE,jpg,1.jpg,/dept/it/images/rank/2022/1.jpg,,,,,1,https://www.rmd.ac.in/ac.html,img
https://www.rmd.ac.in/dept/it/images/rank/2022/2.jpg,IMAGE,jpg,2.jpg,/dept/it/images/rank/2022/2.jpg,,,,,1,https://www.rmd.ac.in/ac.html,img
https://www.rmd.ac.in/dept/it/images/rank/2022/3.jpg,IMAGE,jpg,3.jpg,/dept/it/images/rank/2022/3.jpg,,,,,1,https://www.rmd.ac.in/ac.html,img
https://www.rmd.ac.in/eco/images/ecologo.jpg,IMAGE,jpg,ecologo.jpg,/eco/images/ecologo.jpg,,,,,4,https://www.rmd.ac.in/eco/,img
https://www.rmd.ac.in/eco/images/image-slider-1.jpg,IMAGE,jpg,image-slider-1.jpg,/eco/images/image-slider-1.jpg,,,,,1,https://www.rmd.ac.in/eco/,img
https://www.rmd.ac.in/eco/images/image-slider-2.jpg,IMAGE,jpg,image-slider-2.jpg,/eco/images/image-slider-2.jpg,,,,,1,https://www.rmd.ac.in/eco/,img
https://www.rmd.ac.in/eco/images/image-slider-3.jpg,IMAGE,jpg,image-slider-3.jpg,/eco/images/image-slider-3.jpg,,,,,1,https://www.rmd.ac.in/eco/,img
https://www.rmd.ac.in/eco/images/image-slider-4.jpg,IMAGE,jpg,image-slider-4.jpg,/eco/images/image-slider-4.jpg,,,,,1,https://www.rmd.ac.in/eco/,img
https://www.rmd.ac.in/eco/images/image-slider-5.jpg,IMAGE,jpg,image-slider-5.jpg,/eco/images/image-slider-5.jpg,,,,,1,https://www.rmd.ac.in/eco/,img
https://www.rmd.ac.in/eco/images/image-slider-6.jpg,IMAGE,jpg,image-slider-6.jpg,/eco/images/image-slider-6.jpg,,,,,1,https://www.rmd.ac.in/eco/,img
https://www.rmd.ac.in/eco/images/image-slider-7.jpg,IMAGE,jpg,image-slider-7.jpg,/eco/images/image-slider-7.jpg,,,,,1,https://www.rmd.ac.in/eco/,img
https://www.rmd.ac.in/eco/images/image-slider-8.jpg,IMAGE,jpg,image-slider-8.jpg,/eco/images/image-slider-8.jpg,,,,,1,https://www.rmd.ac.in/eco/,img
https://www.rmd.ac.in/eco/images/ramesh.jpg,IMAGE,jpg,ramesh.jpg,/eco/images/ramesh.jpg,,,,,1,https://www.rmd.ac.in/eco/contact.html,img
https://www.rmd.ac.in/edc/images/1.jpg,IMAGE,jpg,1.jpg,/edc/images/1.jpg,,,,,1,https://www.rmd.ac.in/edc/,img
https://www.rmd.ac.in/edc/images/16.jpg,IMAGE,jpg,16.jpg,/edc/images/16.jpg,,,,,1,https://www.rmd.ac.in/edc/photo.html,"data-attr,img"
https://www.rmd.ac.in/edc/images/17.jpg,IMAGE,jpg,17.jpg,/edc/images/17.jpg,,,,,1,https://www.rmd.ac.in/edc/photo.html,"data-attr,img"
https://www.rmd.ac.in/edc/images/18.jpg,IMAGE,jpg,18.jpg,/edc/images/18.jpg,,,,,1,https://www.rmd.ac.in/edc/photo.html,"data-attr,img"
https://www.rmd.ac.in/edc/images/19.jpg,IMAGE,jpg,19.jpg,/edc/images/19.jpg,,,,,1,https://www.rmd.ac.in/edc/photo.html,"data-attr,img"
https://www.rmd.ac.in/edc/images/2.jpg,IMAGE,jpg,2.jpg,/edc/images/2.jpg,,,,,1,https://www.rmd.ac.in/edc/,img
https://www.rmd.ac.in/edc/images/20.jpg,IMAGE,jpg,20.jpg,/edc/images/20.jpg,,,,,1,https://www.rmd.ac.in/edc/photo.html,"data-attr,img"
https://www.rmd.ac.in/edc/images/3.jpg,IMAGE,jpg,3.jpg,/edc/images/3.jpg,,,,,1,https://www.rmd.ac.in/edc/,img
https://www.rmd.ac.in/edc/images/4.jpg,IMAGE,jpg,4.jpg,/edc/images/4.jpg,,,,,1,https://www.rmd.ac.in/edc/,img
https://www.rmd.ac.in/edc/images/karthika.jpg,IMAGE,jpg,karthika.jpg,/edc/images/karthika.jpg,,,,,1,https://www.rmd.ac.in/edc/contact.html,img
https://www.rmd.ac.in/edc/images/shoba.jpg,IMAGE,jpg,shoba.jpg,/edc/images/shoba.jpg,,,,,1,https://www.rmd.ac.in/edc/contact.html,img
https://www.rmd.ac.in/examcell/images/coe.jpg,IMAGE,jpg,coe.jpg,/examcell/images/coe.jpg,,,,,1,https://www.rmd.ac.in/examcell/contact.html,img
https://www.rmd.ac.in/iedc/images/1.jpg,IMAGE,jpg,1.jpg,/iedc/images/1.jpg,,,,,1,https://www.rmd.ac.in/iedc/,img
https://www.rmd.ac.in/iedc/images/2.jpg,IMAGE,jpg,2.jpg,/iedc/images/2.jpg,,,,,1,https://www.rmd.ac.in/iedc/,img
https://www.rmd.ac.in/iedc/images/3.jpg,IMAGE,jpg,3.jpg,/iedc/images/3.jpg,,,,,1,https://www.rmd.ac.in/iedc/,img
https://www.rmd.ac.in/iedc/images/4.jpg,IMAGE,jpg,4.jpg,/iedc/images/4.jpg,,,,,1,https://www.rmd.ac.in/iedc/,img
https://www.rmd.ac.in/iedc/images/iedc-logo.png,IMAGE,png,iedc-logo.png,/iedc/images/iedc-logo.png,,,,,4,https://www.rmd.ac.in/iedc/,img
https://www.rmd.ac.in/iedc/images/ranga.jpg,IMAGE,jpg,ranga.jpg,/iedc/images/ranga.jpg,,,,,1,https://www.rmd.ac.in/iedc/contact.html,img
https://www.rmd.ac.in/iic/images/1.png,IMAGE,png,1.png,/iic/images/1.png,,,,,2,https://www.rmd.ac.in/iic/,img
https://www.rmd.ac.in/iic/images/10.jpg,IMAGE,jpg,10.jpg,/iic/images/10.jpg,,,,,1,https://www.rmd.ac.in/iic/,img
https://www.rmd.ac.in/iic/images/16.jpg,IMAGE,jpg,16.jpg,/iic/images/16.jpg,,,,,1,https://www.rmd.ac.in/iic/photo.html,"data-attr,img"
https://www.rmd.ac.in/iic/images/17.jpg,IMAGE,jpg,17.jpg,/iic/images/17.jpg,,,,,1,https://www.rmd.ac.in/iic/photo.html,"data-attr,img"
https://www.rmd.ac.in/iic/images/18.jpg,IMAGE,jpg,18.jpg,/iic/images/18.jpg,,,,,1,https://www.rmd.ac.in/iic/photo.html,"data-attr,img"
https://www.rmd.ac.in/iic/images/2.png,IMAGE,png,2.png,/iic/images/2.png,,,,,2,https://www.rmd.ac.in/iic/,img
https://www.rmd.ac.in/iic/images/3.png,IMAGE,png,3.png,/iic/images/3.png,,,,,2,https://www.rmd.ac.in/iic/,img
https://www.rmd.ac.in/iic/images/4.png,IMAGE,png,4.png,/iic/images/4.png,,,,,2,https://www.rmd.ac.in/iic/,img
https://www.rmd.ac.in/iic/images/5.jpg,IMAGE,jpg,5.jpg,/iic/images/5.jpg,,,,,1,https://www.rmd.ac.in/iic/,img
https://www.rmd.ac.in/iic/images/6.jpeg,IMAGE,jpeg,6.jpeg,/iic/images/6.jpeg,,,,,1,https://www.rmd.ac.in/iic/,img
https://www.rmd.ac.in/iic/images/7.jpg,IMAGE,jpg,7.jpg,/iic/images/7.jpg,,,,,1,https://www.rmd.ac.in/iic/,img
https://www.rmd.ac.in/iic/images/8.jpg,IMAGE,jpg,8.jpg,/iic/images/8.jpg,,,,,1,https://www.rmd.ac.in/iic/,img
https://www.rmd.ac.in/iic/images/9.jpg,IMAGE,jpg,9.jpg,/iic/images/9.jpg,,,,,1,https://www.rmd.ac.in/iic/,img
https://www.rmd.ac.in/iic/images/benila.jpg,IMAGE,jpg,benila.jpg,/iic/images/benila.jpg,,,,,1,https://www.rmd.ac.in/iic/contact.html,img
https://www.rmd.ac.in/iic/images/chart1.jpg,IMAGE,jpg,chart1.jpg,/iic/images/chart1.jpg,,,,,1,https://www.rmd.ac.in/iic/,img
https://www.rmd.ac.in/iic/images/iic-logo.png,IMAGE,png,iic-logo.png,/iic/images/iic-logo.png,,,,,3,https://www.rmd.ac.in/iic/,img
https://www.rmd.ac.in/iic/images/member/1.jpg,IMAGE,jpg,1.jpg,/iic/images/member/1.jpg,,,,,1,https://www.rmd.ac.in/iic/members.html,img
https://www.rmd.ac.in/iic/images/member/10.jpg,IMAGE,jpg,10.jpg,/iic/images/member/10.jpg,,,,,1,https://www.rmd.ac.in/iic/members.html,img
https://www.rmd.ac.in/iic/images/member/11.jpg,IMAGE,jpg,11.jpg,/iic/images/member/11.jpg,,,,,1,https://www.rmd.ac.in/iic/members.html,img
https://www.rmd.ac.in/iic/images/member/12.jpg,IMAGE,jpg,12.jpg,/iic/images/member/12.jpg,,,,,1,https://www.rmd.ac.in/iic/members.html,img
https://www.rmd.ac.in/iic/images/member/13.jpg,IMAGE,jpg,13.jpg,/iic/images/member/13.jpg,,,,,1,https://www.rmd.ac.in/iic/members.html,img
https://www.rmd.ac.in/iic/images/member/14.jpg,IMAGE,jpg,14.jpg,/iic/images/member/14.jpg,,,,,1,https://www.rmd.ac.in/iic/members.html,img
https://www.rmd.ac.in/iic/images/member/15.jpg,IMAGE,jpg,15.jpg,/iic/images/member/15.jpg,,,,,1,https://www.rmd.ac.in/iic/members.html,img
https://www.rmd.ac.in/iic/images/member/16.jpg,IMAGE,jpg,16.jpg,/iic/images/member/16.jpg,,,,,1,https://www.rmd.ac.in/iic/members.html,img
https://www.rmd.ac.in/iic/images/member/17.jpg,IMAGE,jpg,17.jpg,/iic/images/member/17.jpg,,,,,1,https://www.rmd.ac.in/iic/members.html,img
https://www.rmd.ac.in/iic/images/member/18.jpg,IMAGE,jpg,18.jpg,/iic/images/member/18.jpg,,,,,1,https://www.rmd.ac.in/iic/members.html,img
https://www.rmd.ac.in/iic/images/member/19.jpg,IMAGE,jpg,19.jpg,/iic/images/member/19.jpg,,,,,1,https://www.rmd.ac.in/iic/members.html,img
https://www.rmd.ac.in/iic/images/member/2.jpg,IMAGE,jpg,2.jpg,/iic/images/member/2.jpg,,,,,1,https://www.rmd.ac.in/iic/members.html,img
https://www.rmd.ac.in/iic/images/member/20.jpg,IMAGE,jpg,20.jpg,/iic/images/member/20.jpg,,,,,1,https://www.rmd.ac.in/iic/members.html,img
https://www.rmd.ac.in/iic/images/member/21.jpg,IMAGE,jpg,21.jpg,/iic/images/member/21.jpg,,,,,1,https://www.rmd.ac.in/iic/members.html,img
https://www.rmd.ac.in/iic/images/member/22.jpg,IMAGE,jpg,22.jpg,/iic/images/member/22.jpg,,,,,1,https://www.rmd.ac.in/iic/members.html,img
https://www.rmd.ac.in/iic/images/member/23.jpg,IMAGE,jpg,23.jpg,/iic/images/member/23.jpg,,,,,1,https://www.rmd.ac.in/iic/members.html,img
https://www.rmd.ac.in/iic/images/member/24.jpg,IMAGE,jpg,24.jpg,/iic/images/member/24.jpg,,,,,1,https://www.rmd.ac.in/iic/members.html,img
https://www.rmd.ac.in/iic/images/member/25.jpg,IMAGE,jpg,25.jpg,/iic/images/member/25.jpg,,,,,1,https://www.rmd.ac.in/iic/members.html,img
https://www.rmd.ac.in/iic/images/member/26.jpg,IMAGE,jpg,26.jpg,/iic/images/member/26.jpg,,,,,1,https://www.rmd.ac.in/iic/members.html,img
https://www.rmd.ac.in/iic/images/member/27.jpg,IMAGE,jpg,27.jpg,/iic/images/member/27.jpg,,,,,1,https://www.rmd.ac.in/iic/members.html,img
https://www.rmd.ac.in/iic/images/member/28.jpg,IMAGE,jpg,28.jpg,/iic/images/member/28.jpg,,,,,1,https://www.rmd.ac.in/iic/members.html,img
https://www.rmd.ac.in/iic/images/member/29.jpg,IMAGE,jpg,29.jpg,/iic/images/member/29.jpg,,,,,1,https://www.rmd.ac.in/iic/members.html,img
https://www.rmd.ac.in/iic/images/member/3.jpg,IMAGE,jpg,3.jpg,/iic/images/member/3.jpg,,,,,1,https://www.rmd.ac.in/iic/members.html,img
https://www.rmd.ac.in/iic/images/member/4.jpg,IMAGE,jpg,4.jpg,/iic/images/member/4.jpg,,,,,1,https://www.rmd.ac.in/iic/members.html,img
https://www.rmd.ac.in/iic/images/member/5.jpg,IMAGE,jpg,5.jpg,/iic/images/member/5.jpg,,,,,1,https://www.rmd.ac.in/iic/members.html,img
https://www.rmd.ac.in/iic/images/member/6.jpg,IMAGE,jpg,6.jpg,/iic/images/member/6.jpg,,,,,1,https://www.rmd.ac.in/iic/members.html,img
https://www.rmd.ac.in/iic/images/member/7.jpg,IMAGE,jpg,7.jpg,/iic/images/member/7.jpg,,,,,1,https://www.rmd.ac.in/iic/members.html,img
https://www.rmd.ac.in/iic/images/member/8.jpg,IMAGE,jpg,8.jpg,/iic/images/member/8.jpg,,,,,1,https://www.rmd.ac.in/iic/members.html,img
https://www.rmd.ac.in/iic/images/member/9.jpg,IMAGE,jpg,9.jpg,/iic/images/member/9.jpg,,,,,1,https://www.rmd.ac.in/iic/members.html,img
https://www.rmd.ac.in/iic/images/principal.jpeg,IMAGE,jpeg,principal.jpeg,/iic/images/principal.jpeg,,,,,1,https://www.rmd.ac.in/iic/contact.html,img
https://www.rmd.ac.in/images/Dr.%20K.%20S.%20Radha.jpg,IMAGE,jpg,Dr. K. S. Radha.jpg,/images/Dr.%20K.%20S.%20Radha.jpg,,,,,1,https://www.rmd.ac.in/clubactivities.html,img
https://www.rmd.ac.in/images/Swachhta%20Ranking%202017.jpg,IMAGE,jpg,Swachhta Ranking 2017.jpg,/images/Swachhta%20Ranking%202017.jpg,,,,,1,https://www.rmd.ac.in/,a
https://www.rmd.ac.in/images/aboutus/admission.jpg,IMAGE,jpg,admission.jpg,/images/aboutus/admission.jpg,,,,,2,https://www.rmd.ac.in/aboutus/academicprog.html,img
https://www.rmd.ac.in/images/aboutus/eligibility.jpg,IMAGE,jpg,eligibility.jpg,/images/aboutus/eligibility.jpg,,,,,1,https://www.rmd.ac.in/aboutus/eligibility.html,img
https://www.rmd.ac.in/images/aboutus/generalconditions.jpg,IMAGE,jpg,generalconditions.jpg,/images/aboutus/generalconditions.jpg,,,,,1,https://www.rmd.ac.in/aboutus/generalconditions.html,img
https://www.rmd.ac.in/images/aboutus/scho.jpg,IMAGE,jpg,scho.jpg,/images/aboutus/scho.jpg,,,,,1,https://www.rmd.ac.in/aboutus/scholarships.html,img
https://www.rmd.ac.in/images/aboutus/vision.jpg,IMAGE,jpg,vision.jpg,/images/aboutus/vision.jpg,,,,,1,https://www.rmd.ac.in/aboutus/vision.html,img
https://www.rmd.ac.in/images/aictecii.jpeg,IMAGE,jpeg,aictecii.jpeg,/images/aictecii.jpeg,,,,,1,https://www.rmd.ac.in/,a
https://www.rmd.ac.in/images/arr.gif,IMAGE,gif,arr.gif,/images/arr.gif,,,,,39,https://www.rmd.ac.in/Coding_club/activities.html,img
https://www.rmd.ac.in/images/building/1-1600.jpg,IMAGE,jpg,1-1600.jpg,/images/building/1-1600.jpg,,,,,1,https://www.rmd.ac.in/building.html,data-attr
https://www.rmd.ac.in/images/building/10-1600.jpg,IMAGE,jpg,10-1600.jpg,/images/building/10-1600.jpg,,,,,1,https://www.rmd.ac.in/building.html,data-attr
https://www.rmd.ac.in/images/building/11-1600.jpg,IMAGE,jpg,11-1600.jpg,/images/building/11-1600.jpg,,,,,1,https://www.rmd.ac.in/building.html,data-attr
https://www.rmd.ac.in/images/building/12-1600.jpg,IMAGE,jpg,12-1600.jpg,/images/building/12-1600.jpg,,,,,1,https://www.rmd.ac.in/building.html,data-attr
https://www.rmd.ac.in/images/building/13-1600.jpg,IMAGE,jpg,13-1600.jpg,/images/building/13-1600.jpg,,,,,1,https://www.rmd.ac.in/building.html,data-attr
https://www.rmd.ac.in/images/building/14-1600.jpg,IMAGE,jpg,14-1600.jpg,/images/building/14-1600.jpg,,,,,1,https://www.rmd.ac.in/building.html,data-attr
https://www.rmd.ac.in/images/building/15-1600.jpg,IMAGE,jpg,15-1600.jpg,/images/building/15-1600.jpg,,,,,1,https://www.rmd.ac.in/building.html,data-attr
https://www.rmd.ac.in/images/building/2-1600.jpg,IMAGE,jpg,2-1600.jpg,/images/building/2-1600.jpg,,,,,1,https://www.rmd.ac.in/building.html,data-attr
https://www.rmd.ac.in/images/building/3-1600.jpg,IMAGE,jpg,3-1600.jpg,/images/building/3-1600.jpg,,,,,1,https://www.rmd.ac.in/building.html,data-attr
https://www.rmd.ac.in/images/building/4-1600.jpg,IMAGE,jpg,4-1600.jpg,/images/building/4-1600.jpg,,,,,1,https://www.rmd.ac.in/building.html,data-attr
https://www.rmd.ac.in/images/building/5-1600.jpg,IMAGE,jpg,5-1600.jpg,/images/building/5-1600.jpg,,,,,1,https://www.rmd.ac.in/building.html,data-attr
https://www.rmd.ac.in/images/building/6-1600.jpg,IMAGE,jpg,6-1600.jpg,/images/building/6-1600.jpg,,,,,1,https://www.rmd.ac.in/building.html,data-attr
https://www.rmd.ac.in/images/building/7-1600.jpg,IMAGE,jpg,7-1600.jpg,/images/building/7-1600.jpg,,,,,1,https://www.rmd.ac.in/building.html,data-attr
https://www.rmd.ac.in/images/building/8-1600.jpg,IMAGE,jpg,8-1600.jpg,/images/building/8-1600.jpg,,,,,1,https://www.rmd.ac.in/building.html,data-attr
https://www.rmd.ac.in/images/building/9-1600.jpg,IMAGE,jpg,9-1600.jpg,/images/building/9-1600.jpg,,,,,1,https://www.rmd.ac.in/building.html,data-attr
https://www.rmd.ac.in/images/building/thumb-1.jpg,IMAGE,jpg,thumb-1.jpg,/images/building/thumb-1.jpg,,,,,1,https://www.rmd.ac.in/building.html,img
https://www.rmd.ac.in/images/building/thumb-10.jpg,IMAGE,jpg,thumb-10.jpg,/images/building/thumb-10.jpg,,,,,1,https://www.rmd.ac.in/building.html,img
https://www.rmd.ac.in/images/building/thumb-11.jpg,IMAGE,jpg,thumb-11.jpg,/images/building/thumb-11.jpg,,,,,1,https://www.rmd.ac.in/building.html,img
https://www.rmd.ac.in/images/building/thumb-12.jpg,IMAGE,jpg,thumb-12.jpg,/images/building/thumb-12.jpg,,,,,1,https://www.rmd.ac.in/building.html,img
https://www.rmd.ac.in/images/building/thumb-13.jpg,IMAGE,jpg,thumb-13.jpg,/images/building/thumb-13.jpg,,,,,1,https://www.rmd.ac.in/building.html,img
https://www.rmd.ac.in/images/building/thumb-14.jpg,IMAGE,jpg,thumb-14.jpg,/images/building/thumb-14.jpg,,,,,1,https://www.rmd.ac.in/building.html,img
https://www.rmd.ac.in/images/building/thumb-15.jpg,IMAGE,jpg,thumb-15.jpg,/images/building/thumb-15.jpg,,,,,1,https://www.rmd.ac.in/building.html,img
https://www.rmd.ac.in/images/building/thumb-2.jpg,IMAGE,jpg,thumb-2.jpg,/images/building/thumb-2.jpg,,,,,1,https://www.rmd.ac.in/building.html,img
https://www.rmd.ac.in/images/building/thumb-3.jpg,IMAGE,jpg,thumb-3.jpg,/images/building/thumb-3.jpg,,,,,1,https://www.rmd.ac.in/building.html,img
https://www.rmd.ac.in/images/building/thumb-4.jpg,IMAGE,jpg,thumb-4.jpg,/images/building/thumb-4.jpg,,,,,1,https://www.rmd.ac.in/building.html,img
https://www.rmd.ac.in/images/building/thumb-5.jpg,IMAGE,jpg,thumb-5.jpg,/images/building/thumb-5.jpg,,,,,1,https://www.rmd.ac.in/building.html,img
https://www.rmd.ac.in/images/building/thumb-6.jpg,IMAGE,jpg,thumb-6.jpg,/images/building/thumb-6.jpg,,,,,1,https://www.rmd.ac.in/building.html,img
https://www.rmd.ac.in/images/building/thumb-7.jpg,IMAGE,jpg,thumb-7.jpg,/images/building/thumb-7.jpg,,,,,1,https://www.rmd.ac.in/building.html,img
https://www.rmd.ac.in/images/building/thumb-8.jpg,IMAGE,jpg,thumb-8.jpg,/images/building/thumb-8.jpg,,,,,1,https://www.rmd.ac.in/building.html,img
https://www.rmd.ac.in/images/building/thumb-9.jpg,IMAGE,jpg,thumb-9.jpg,/images/building/thumb-9.jpg,,,,,1,https://www.rmd.ac.in/building.html,img
https://www.rmd.ac.in/images/campus/Clinic.jpg,IMAGE,jpg,Clinic.jpg,/images/campus/Clinic.jpg,,,,,1,https://www.rmd.ac.in/campus/hospital.html,img
https://www.rmd.ac.in/images/campus/arr.gif,IMAGE,gif,arr.gif,/images/campus/arr.gif,,,,,23,https://www.rmd.ac.in/HE/,img
https://www.rmd.ac.in/images/campus/beauty_1.jpg,IMAGE,jpg,beauty_1.jpg,/images/campus/beauty_1.jpg,,,,,1,https://www.rmd.ac.in/campus/beauty.html,img
https://www.rmd.ac.in/images/campus/bus_2.jpg,IMAGE,jpg,bus_2.jpg,/images/campus/bus_2.jpg,,,,,1,https://www.rmd.ac.in/campus/transport.html,img
https://www.rmd.ac.in/images/campus/bus_3.jpg,IMAGE,jpg,bus_3.jpg,/images/campus/bus_3.jpg,,,,,1,https://www.rmd.ac.in/campus/transport.html,img
https://www.rmd.ac.in/images/campus/gym_1.jpg,IMAGE,jpg,gym_1.jpg,/images/campus/gym_1.jpg,,,,,1,https://www.rmd.ac.in/campus/gym.html,img
https://www.rmd.ac.in/images/campus/hoster_1.jpg,IMAGE,jpg,hoster_1.jpg,/images/campus/hoster_1.jpg,,,,,1,https://www.rmd.ac.in/campus/hostel.html,img
https://www.rmd.ac.in/images/campus/hoster_2.jpg,IMAGE,jpg,hoster_2.jpg,/images/campus/hoster_2.jpg,,,,,1,https://www.rmd.ac.in/campus/hostel.html,img
https://www.rmd.ac.in/images/campus/hoster_3.jpg,IMAGE,jpg,hoster_3.jpg,/images/campus/hoster_3.jpg,,,,,1,https://www.rmd.ac.in/campus/hostel.html,img
https://www.rmd.ac.in/images/chairman%20Award.jpeg,IMAGE,jpeg,chairman Award.jpeg,/images/chairman%20Award.jpeg,,,,,1,https://www.rmd.ac.in/,a
https://www.rmd.ac.in/images/chairman1.jpg,IMAGE,jpg,chairman1.jpg,/images/chairman1.jpg,,,,,1,https://www.rmd.ac.in/aboutus/rmkgroup.html,img
https://www.rmd.ac.in/images/club/1.jpg,IMAGE,jpg,1.jpg,/images/club/1.jpg,,,,,1,https://www.rmd.ac.in/clubactivities.html,img
https://www.rmd.ac.in/images/club/10.jpg,IMAGE,jpg,10.jpg,/images/club/10.jpg,,,,,1,https://www.rmd.ac.in/clubactivities.html,img
https://www.rmd.ac.in/images/club/11.jpg,IMAGE,jpg,11.jpg,/images/club/11.jpg,,,,,1,https://www.rmd.ac.in/clubactivities.html,img
https://www.rmd.ac.in/images/club/12.jpg,IMAGE,jpg,12.jpg,/images/club/12.jpg,,,,,1,https://www.rmd.ac.in/clubactivities.html,img
https://www.rmd.ac.in/images/club/2.jpg,IMAGE,jpg,2.jpg,/images/club/2.jpg,,,,,1,https://www.rmd.ac.in/clubactivities.html,img
https://www.rmd.ac.in/images/club/3.jpg,IMAGE,jpg,3.jpg,/images/club/3.jpg,,,,,1,https://www.rmd.ac.in/clubactivities.html,img
https://www.rmd.ac.in/images/club/4.jpg,IMAGE,jpg,4.jpg,/images/club/4.jpg,,,,,1,https://www.rmd.ac.in/clubactivities.html,img
https://www.rmd.ac.in/images/club/5.jpg,IMAGE,jpg,5.jpg,/images/club/5.jpg,,,,,1,https://www.rmd.ac.in/clubactivities.html,img
https://www.rmd.ac.in/images/club/6.jpg,IMAGE,jpg,6.jpg,/images/club/6.jpg,,,,,1,https://www.rmd.ac.in/clubactivities.html,img
https://www.rmd.ac.in/images/club/7.jpg,IMAGE,jpg,7.jpg,/images/club/7.jpg,,,,,1,https://www.rmd.ac.in/clubactivities.html,img
https://www.rmd.ac.in/images/club/8.jpg,IMAGE,jpg,8.jpg,/images/club/8.jpg,,,,,1,https://www.rmd.ac.in/clubactivities.html,img
https://www.rmd.ac.in/images/club/9.jpg,IMAGE,jpg,9.jpg,/images/club/9.jpg,,,,,1,https://www.rmd.ac.in/clubactivities.html,img
https://www.rmd.ac.in/images/coe/1.jpg,IMAGE,jpg,1.jpg,/images/coe/1.jpg,,,,,1,https://www.rmd.ac.in/coe.html,img
https://www.rmd.ac.in/images/coe/10.jpg,IMAGE,jpg,10.jpg,/images/coe/10.jpg,,,,,1,https://www.rmd.ac.in/coe.html,img
https://www.rmd.ac.in/images/coe/2.jpg,IMAGE,jpg,2.jpg,/images/coe/2.jpg,,,,,1,https://www.rmd.ac.in/coe.html,img
https://www.rmd.ac.in/images/coe/3.jpg,IMAGE,jpg,3.jpg,/images/coe/3.jpg,,,,,1,https://www.rmd.ac.in/coe.html,img
https://www.rmd.ac.in/images/coe/4.jpg,IMAGE,jpg,4.jpg,/images/coe/4.jpg,,,,,1,https://www.rmd.ac.in/coe.html,img
https://www.rmd.ac.in/images/coe/5.jpg,IMAGE,jpg,5.jpg,/images/coe/5.jpg,,,,,1,https://www.rmd.ac.in/coe.html,img
https://www.rmd.ac.in/images/coe/6.jpg,IMAGE,jpg,6.jpg,/images/coe/6.jpg,,,,,1,https://www.rmd.ac.in/coe.html,img
https://www.rmd.ac.in/images/coe/7.jpg,IMAGE,jpg,7.jpg,/images/coe/7.jpg,,,,,1,https://www.rmd.ac.in/coe.html,img
https://www.rmd.ac.in/images/coe/8.jpg,IMAGE,jpg,8.jpg,/images/coe/8.jpg,,,,,1,https://www.rmd.ac.in/coe.html,img
https://www.rmd.ac.in/images/coe/9.jpg,IMAGE,jpg,9.jpg,/images/coe/9.jpg,,,,,1,https://www.rmd.ac.in/coe.html,img
https://www.rmd.ac.in/images/coe/line.jpg,IMAGE,jpg,line.jpg,/images/coe/line.jpg,,,,,5,https://www.rmd.ac.in/clubactivities.html,img
https://www.rmd.ac.in/images/coea.jpg,IMAGE,jpg,coea.jpg,/images/coea.jpg,,,,,1,https://www.rmd.ac.in/coe.html,img
https://www.rmd.ac.in/images/down.png,IMAGE,png,down.png,/images/down.png,,,,,36,https://www.rmd.ac.in/Coding_club/activities.html,img
https://www.rmd.ac.in/images/edc/edc.jpg,IMAGE,jpg,edc.jpg,/images/edc/edc.jpg,,,,,1,https://www.rmd.ac.in/edc.html,img
https://www.rmd.ac.in/images/edc/iedc.jpg,IMAGE,jpg,iedc.jpg,/images/edc/iedc.jpg,,,,,1,https://www.rmd.ac.in/edc.html,img
https://www.rmd.ac.in/images/edc/iic.jpg,IMAGE,jpg,iic.jpg,/images/edc/iic.jpg,,,,,1,https://www.rmd.ac.in/edc.html,img
https://www.rmd.ac.in/images/edc/iprpolicy.jpg,IMAGE,jpg,iprpolicy.jpg,/images/edc/iprpolicy.jpg,,,,,1,https://www.rmd.ac.in/edc.html,img
https://www.rmd.ac.in/images/edc/msme.jpg,IMAGE,jpg,msme.jpg,/images/edc/msme.jpg,,,,,1,https://www.rmd.ac.in/edc.html,img
https://www.rmd.ac.in/images/edc/startup.jpg,IMAGE,jpg,startup.jpg,/images/edc/startup.jpg,,,,,1,https://www.rmd.ac.in/edc.html,img
https://www.rmd.ac.in/images/employability.jpg,IMAGE,jpg,employability.jpg,/images/employability.jpg,,,,,1,https://www.rmd.ac.in/,a
https://www.rmd.ac.in/images/employability2021.jpeg,IMAGE,jpeg,employability2021.jpeg,/images/employability2021.jpeg,,,,,1,https://www.rmd.ac.in/,a
https://www.rmd.ac.in/images/extra/1.jpg,IMAGE,jpg,1.jpg,/images/extra/1.jpg,,,,,1,https://www.rmd.ac.in/extra.html,img
https://www.rmd.ac.in/images/extra/2.jpg,IMAGE,jpg,2.jpg,/images/extra/2.jpg,,,,,1,https://www.rmd.ac.in/extra.html,img
https://www.rmd.ac.in/images/extra/3.jpg,IMAGE,jpg,3.jpg,/images/extra/3.jpg,,,,,1,https://www.rmd.ac.in/extra.html,img
https://www.rmd.ac.in/images/foodsafety2021.jpeg,IMAGE,jpeg,foodsafety2021.jpeg,/images/foodsafety2021.jpeg,,,,,1,https://www.rmd.ac.in/,a
https://www.rmd.ac.in/images/headerlogo.png,IMAGE,png,headerlogo.png,/images/headerlogo.png,,,,,217,https://www.rmd.ac.in/,img
https://www.rmd.ac.in/images/iic-mhrd.jpg,IMAGE,jpg,iic-mhrd.jpg,/images/iic-mhrd.jpg,,,,,1,https://www.rmd.ac.in/,a
https://www.rmd.ac.in/images/iiic/1.jpg,IMAGE,jpg,1.jpg,/images/iiic/1.jpg,,,,,1,https://www.rmd.ac.in/iiic.html,img
https://www.rmd.ac.in/images/iiic/2.jpg,IMAGE,jpg,2.jpg,/images/iiic/2.jpg,,,,,1,https://www.rmd.ac.in/iiic.html,img
https://www.rmd.ac.in/images/iiic/3.jpg,IMAGE,jpg,3.jpg,/images/iiic/3.jpg,,,,,2,https://www.rmd.ac.in/academics/Knowledge_partners.html,img
https://www.rmd.ac.in/images/lab/1-1600.jpg,IMAGE,jpg,1-1600.jpg,/images/lab/1-1600.jpg,,,,,1,https://www.rmd.ac.in/lab.html,data-attr
https://www.rmd.ac.in/images/lab/10-1600.jpg,IMAGE,jpg,10-1600.jpg,/images/lab/10-1600.jpg,,,,,1,https://www.rmd.ac.in/lab.html,data-attr
https://www.rmd.ac.in/images/lab/11-1600.jpg,IMAGE,jpg,11-1600.jpg,/images/lab/11-1600.jpg,,,,,1,https://www.rmd.ac.in/lab.html,data-attr
https://www.rmd.ac.in/images/lab/12-1600.jpg,IMAGE,jpg,12-1600.jpg,/images/lab/12-1600.jpg,,,,,1,https://www.rmd.ac.in/lab.html,data-attr
https://www.rmd.ac.in/images/lab/13-1600.jpg,IMAGE,jpg,13-1600.jpg,/images/lab/13-1600.jpg,,,,,1,https://www.rmd.ac.in/lab.html,data-attr
https://www.rmd.ac.in/images/lab/14-1600.jpg,IMAGE,jpg,14-1600.jpg,/images/lab/14-1600.jpg,,,,,1,https://www.rmd.ac.in/lab.html,data-attr
https://www.rmd.ac.in/images/lab/15-1600.jpg,IMAGE,jpg,15-1600.jpg,/images/lab/15-1600.jpg,,,,,1,https://www.rmd.ac.in/lab.html,data-attr
https://www.rmd.ac.in/images/lab/16-1600.jpg,IMAGE,jpg,16-1600.jpg,/images/lab/16-1600.jpg,,,,,1,https://www.rmd.ac.in/lab.html,data-attr
https://www.rmd.ac.in/images/lab/17-1600.jpg,IMAGE,jpg,17-1600.jpg,/images/lab/17-1600.jpg,,,,,1,https://www.rmd.ac.in/lab.html,data-attr
https://www.rmd.ac.in/images/lab/18-1600.jpg,IMAGE,jpg,18-1600.jpg,/images/lab/18-1600.jpg,,,,,1,https://www.rmd.ac.in/lab.html,data-attr
https://www.rmd.ac.in/images/lab/19-1600.jpg,IMAGE,jpg,19-1600.jpg,/images/lab/19-1600.jpg,,,,,1,https://www.rmd.ac.in/lab.html,data-attr
https://www.rmd.ac.in/images/lab/2-1600.jpg,IMAGE,jpg,2-1600.jpg,/images/lab/2-1600.jpg,,,,,1,https://www.rmd.ac.in/lab.html,data-attr
https://www.rmd.ac.in/images/lab/20-1600.jpg,IMAGE,jpg,20-1600.jpg,/images/lab/20-1600.jpg,,,,,1,https://www.rmd.ac.in/lab.html,data-attr
https://www.rmd.ac.in/images/lab/21-1600.jpg,IMAGE,jpg,21-1600.jpg,/images/lab/21-1600.jpg,,,,,1,https://www.rmd.ac.in/lab.html,data-attr
https://www.rmd.ac.in/images/lab/22-1600.jpg,IMAGE,jpg,22-1600.jpg,/images/lab/22-1600.jpg,,,,,1,https://www.rmd.ac.in/lab.html,data-attr
https://www.rmd.ac.in/images/lab/23-1600.jpg,IMAGE,jpg,23-1600.jpg,/images/lab/23-1600.jpg,,,,,1,https://www.rmd.ac.in/lab.html,data-attr
https://www.rmd.ac.in/images/lab/24-1600.jpg,IMAGE,jpg,24-1600.jpg,/images/lab/24-1600.jpg,,,,,1,https://www.rmd.ac.in/lab.html,data-attr
https://www.rmd.ac.in/images/lab/25-1600.jpg,IMAGE,jpg,25-1600.jpg,/images/lab/25-1600.jpg,,,,,1,https://www.rmd.ac.in/lab.html,data-attr
https://www.rmd.ac.in/images/lab/3-1600.jpg,IMAGE,jpg,3-1600.jpg,/images/lab/3-1600.jpg,,,,,1,https://www.rmd.ac.in/lab.html,data-attr
https://www.rmd.ac.in/images/lab/4-1600.jpg,IMAGE,jpg,4-1600.jpg,/images/lab/4-1600.jpg,,,,,1,https://www.rmd.ac.in/lab.html,data-attr
https://www.rmd.ac.in/images/lab/5-1600.jpg,IMAGE,jpg,5-1600.jpg,/images/lab/5-1600.jpg,,,,,1,https://www.rmd.ac.in/lab.html,data-attr
https://www.rmd.ac.in/images/lab/6-1600.jpg,IMAGE,jpg,6-1600.jpg,/images/lab/6-1600.jpg,,,,,1,https://www.rmd.ac.in/lab.html,data-attr
https://www.rmd.ac.in/images/lab/7-1600.jpg,IMAGE,jpg,7-1600.jpg,/images/lab/7-1600.jpg,,,,,1,https://www.rmd.ac.in/lab.html,data-attr
https://www.rmd.ac.in/images/lab/8-1600.jpg,IMAGE,jpg,8-1600.jpg,/images/lab/8-1600.jpg,,,,,1,https://www.rmd.ac.in/lab.html,data-attr
https://www.rmd.ac.in/images/lab/9-1600.jpg,IMAGE,jpg,9-1600.jpg,/images/lab/9-1600.jpg,,,,,1,https://www.rmd.ac.in/lab.html,data-attr
https://www.rmd.ac.in/images/lab/thumb-1.jpg,IMAGE,jpg,thumb-1.jpg,/images/lab/thumb-1.jpg,,,,,1,https://www.rmd.ac.in/lab.html,img
https://www.rmd.ac.in/images/lab/thumb-10.jpg,IMAGE,jpg,thumb-10.jpg,/images/lab/thumb-10.jpg,,,,,1,https://www.rmd.ac.in/lab.html,img
https://www.rmd.ac.in/images/lab/thumb-11.jpg,IMAGE,jpg,thumb-11.jpg,/images/lab/thumb-11.jpg,,,,,1,https://www.rmd.ac.in/lab.html,img
https://www.rmd.ac.in/images/lab/thumb-12.jpg,IMAGE,jpg,thumb-12.jpg,/images/lab/thumb-12.jpg,,,,,1,https://www.rmd.ac.in/lab.html,img
https://www.rmd.ac.in/images/lab/thumb-13.jpg,IMAGE,jpg,thumb-13.jpg,/images/lab/thumb-13.jpg,,,,,1,https://www.rmd.ac.in/lab.html,img
https://www.rmd.ac.in/images/lab/thumb-14.jpg,IMAGE,jpg,thumb-14.jpg,/images/lab/thumb-14.jpg,,,,,1,https://www.rmd.ac.in/lab.html,img
https://www.rmd.ac.in/images/lab/thumb-15.jpg,IMAGE,jpg,thumb-15.jpg,/images/lab/thumb-15.jpg,,,,,1,https://www.rmd.ac.in/lab.html,img
https://www.rmd.ac.in/images/lab/thumb-16.jpg,IMAGE,jpg,thumb-16.jpg,/images/lab/thumb-16.jpg,,,,,1,https://www.rmd.ac.in/lab.html,img
https://www.rmd.ac.in/images/lab/thumb-17.jpg,IMAGE,jpg,thumb-17.jpg,/images/lab/thumb-17.jpg,,,,,1,https://www.rmd.ac.in/lab.html,img
https://www.rmd.ac.in/images/lab/thumb-18.jpg,IMAGE,jpg,thumb-18.jpg,/images/lab/thumb-18.jpg,,,,,1,https://www.rmd.ac.in/lab.html,img
https://www.rmd.ac.in/images/lab/thumb-19.jpg,IMAGE,jpg,thumb-19.jpg,/images/lab/thumb-19.jpg,,,,,1,https://www.rmd.ac.in/lab.html,img
https://www.rmd.ac.in/images/lab/thumb-2.jpg,IMAGE,jpg,thumb-2.jpg,/images/lab/thumb-2.jpg,,,,,1,https://www.rmd.ac.in/lab.html,img
https://www.rmd.ac.in/images/lab/thumb-20.jpg,IMAGE,jpg,thumb-20.jpg,/images/lab/thumb-20.jpg,,,,,1,https://www.rmd.ac.in/lab.html,img
https://www.rmd.ac.in/images/lab/thumb-21.jpg,IMAGE,jpg,thumb-21.jpg,/images/lab/thumb-21.jpg,,,,,1,https://www.rmd.ac.in/lab.html,img
https://www.rmd.ac.in/images/lab/thumb-22.jpg,IMAGE,jpg,thumb-22.jpg,/images/lab/thumb-22.jpg,,,,,1,https://www.rmd.ac.in/lab.html,img
https://www.rmd.ac.in/images/lab/thumb-23.jpg,IMAGE,jpg,thumb-23.jpg,/images/lab/thumb-23.jpg,,,,,1,https://www.rmd.ac.in/lab.html,img
https://www.rmd.ac.in/images/lab/thumb-24.jpg,IMAGE,jpg,thumb-24.jpg,/images/lab/thumb-24.jpg,,,,,1,https://www.rmd.ac.in/lab.html,img
https://www.rmd.ac.in/images/lab/thumb-25.jpg,IMAGE,jpg,thumb-25.jpg,/images/lab/thumb-25.jpg,,,,,1,https://www.rmd.ac.in/lab.html,img
https://www.rmd.ac.in/images/lab/thumb-3.jpg,IMAGE,jpg,thumb-3.jpg,/images/lab/thumb-3.jpg,,,,,1,https://www.rmd.ac.in/lab.html,img
https://www.rmd.ac.in/images/lab/thumb-4.jpg,IMAGE,jpg,thumb-4.jpg,/images/lab/thumb-4.jpg,,,,,1,https://www.rmd.ac.in/lab.html,img
https://www.rmd.ac.in/images/lab/thumb-5.jpg,IMAGE,jpg,thumb-5.jpg,/images/lab/thumb-5.jpg,,,,,1,https://www.rmd.ac.in/lab.html,img
https://www.rmd.ac.in/images/lab/thumb-6.jpg,IMAGE,jpg,thumb-6.jpg,/images/lab/thumb-6.jpg,,,,,1,https://www.rmd.ac.in/lab.html,img
https://www.rmd.ac.in/images/lab/thumb-7.jpg,IMAGE,jpg,thumb-7.jpg,/images/lab/thumb-7.jpg,,,,,1,https://www.rmd.ac.in/lab.html,img
https://www.rmd.ac.in/images/lab/thumb-8.jpg,IMAGE,jpg,thumb-8.jpg,/images/lab/thumb-8.jpg,,,,,1,https://www.rmd.ac.in/lab.html,img
https://www.rmd.ac.in/images/lab/thumb-9.jpg,IMAGE,jpg,thumb-9.jpg,/images/lab/thumb-9.jpg,,,,,1,https://www.rmd.ac.in/lab.html,img
https://www.rmd.ac.in/images/logo.png,IMAGE,png,logo.png,/images/logo.png,,,,,162,https://www.rmd.ac.in/ANTI-DRUG/,img
https://www.rmd.ac.in/images/logo_googleCloud.jpg,IMAGE,jpg,logo_googleCloud.jpg,/images/logo_googleCloud.jpg,,,,,1,https://www.rmd.ac.in/rmdec-googlecloud.html,img
https://www.rmd.ac.in/images/more.jpg,IMAGE,jpg,more.jpg,/images/more.jpg,,,,,1,https://www.rmd.ac.in/,img
https://www.rmd.ac.in/images/new.png,IMAGE,png,new.png,/images/new.png,,,,,1,https://www.rmd.ac.in/,img
https://www.rmd.ac.in/images/news/1.jpg,IMAGE,jpg,1.jpg,/images/news/1.jpg,,,,,1,https://www.rmd.ac.in/,img
https://www.rmd.ac.in/images/news/10.jpg,IMAGE,jpg,10.jpg,/images/news/10.jpg,,,,,1,https://www.rmd.ac.in/,img
https://www.rmd.ac.in/images/news/11.jpg,IMAGE,jpg,11.jpg,/images/news/11.jpg,,,,,1,https://www.rmd.ac.in/,img
https://www.rmd.ac.in/images/news/12.jpg,IMAGE,jpg,12.jpg,/images/news/12.jpg,,,,,1,https://www.rmd.ac.in/,img
https://www.rmd.ac.in/images/news/13.jpg,IMAGE,jpg,13.jpg,/images/news/13.jpg,,,,,1,https://www.rmd.ac.in/,img
https://www.rmd.ac.in/images/news/14.jpg,IMAGE,jpg,14.jpg,/images/news/14.jpg,,,,,1,https://www.rmd.ac.in/,img
https://www.rmd.ac.in/images/news/15.jpg,IMAGE,jpg,15.jpg,/images/news/15.jpg,,,,,1,https://www.rmd.ac.in/,img
https://www.rmd.ac.in/images/news/16.jpg,IMAGE,jpg,16.jpg,/images/news/16.jpg,,,,,1,https://www.rmd.ac.in/,img
https://www.rmd.ac.in/images/news/17.jpg,IMAGE,jpg,17.jpg,/images/news/17.jpg,,,,,1,https://www.rmd.ac.in/,img
https://www.rmd.ac.in/images/news/18.jpg,IMAGE,jpg,18.jpg,/images/news/18.jpg,,,,,1,https://www.rmd.ac.in/,img
https://www.rmd.ac.in/images/news/19.jpg,IMAGE,jpg,19.jpg,/images/news/19.jpg,,,,,1,https://www.rmd.ac.in/,img
https://www.rmd.ac.in/images/news/2.jpg,IMAGE,jpg,2.jpg,/images/news/2.jpg,,,,,1,https://www.rmd.ac.in/,img
https://www.rmd.ac.in/images/news/20.jpg,IMAGE,jpg,20.jpg,/images/news/20.jpg,,,,,1,https://www.rmd.ac.in/,img
https://www.rmd.ac.in/images/news/3.jpg,IMAGE,jpg,3.jpg,/images/news/3.jpg,,,,,1,https://www.rmd.ac.in/,img
https://www.rmd.ac.in/images/news/4.jpg,IMAGE,jpg,4.jpg,/images/news/4.jpg,,,,,1,https://www.rmd.ac.in/,img
https://www.rmd.ac.in/images/news/5.jpg,IMAGE,jpg,5.jpg,/images/news/5.jpg,,,,,1,https://www.rmd.ac.in/,img
https://www.rmd.ac.in/images/news/6.jpg,IMAGE,jpg,6.jpg,/images/news/6.jpg,,,,,1,https://www.rmd.ac.in/,img
https://www.rmd.ac.in/images/news/7.jpg,IMAGE,jpg,7.jpg,/images/news/7.jpg,,,,,1,https://www.rmd.ac.in/,img
https://www.rmd.ac.in/images/news/8.jpg,IMAGE,jpg,8.jpg,/images/news/8.jpg,,,,,1,https://www.rmd.ac.in/,img
https://www.rmd.ac.in/images/news/9.jpg,IMAGE,jpg,9.jpg,/images/news/9.jpg,,,,,1,https://www.rmd.ac.in/,img
https://www.rmd.ac.in/images/news/line.jpg,IMAGE,jpg,line.jpg,/images/news/line.jpg,,,,,1,https://www.rmd.ac.in/,img
https://www.rmd.ac.in/images/pb/1.jpg,IMAGE,jpg,1.jpg,/images/pb/1.jpg,,,,,1,https://www.rmd.ac.in/pb.html,img
https://www.rmd.ac.in/images/pb/2.jpg,IMAGE,jpg,2.jpg,/images/pb/2.jpg,,,,,1,https://www.rmd.ac.in/pb.html,img
https://www.rmd.ac.in/images/pb/4.jpg,IMAGE,jpg,4.jpg,/images/pb/4.jpg,,,,,1,https://www.rmd.ac.in/pb.html,img
https://www.rmd.ac.in/images/pb/6.jpg,IMAGE,jpg,6.jpg,/images/pb/6.jpg,,,,,1,https://www.rmd.ac.in/pb.html,img
https://www.rmd.ac.in/images/pb/7.jpg,IMAGE,jpg,7.jpg,/images/pb/7.jpg,,,,,1,https://www.rmd.ac.in/pb.html,img
https://www.rmd.ac.in/images/pb/8.jpg,IMAGE,jpg,8.jpg,/images/pb/8.jpg,,,,,1,https://www.rmd.ac.in/pb.html,img
https://www.rmd.ac.in/images/sports/1-1600.jpg,IMAGE,jpg,1-1600.jpg,/images/sports/1-1600.jpg,,,,,1,https://www.rmd.ac.in/gallery.html,data-attr
https://www.rmd.ac.in/images/sports/10-1600.jpg,IMAGE,jpg,10-1600.jpg,/images/sports/10-1600.jpg,,,,,1,https://www.rmd.ac.in/gallery.html,data-attr
https://www.rmd.ac.in/images/sports/11-1600.jpg,IMAGE,jpg,11-1600.jpg,/images/sports/11-1600.jpg,,,,,1,https://www.rmd.ac.in/gallery.html,data-attr
https://www.rmd.ac.in/images/sports/12-1600.jpg,IMAGE,jpg,12-1600.jpg,/images/sports/12-1600.jpg,,,,,1,https://www.rmd.ac.in/gallery.html,data-attr
https://www.rmd.ac.in/images/sports/13-1600.jpg,IMAGE,jpg,13-1600.jpg,/images/sports/13-1600.jpg,,,,,1,https://www.rmd.ac.in/gallery.html,data-attr
https://www.rmd.ac.in/images/sports/14-1600.jpg,IMAGE,jpg,14-1600.jpg,/images/sports/14-1600.jpg,,,,,1,https://www.rmd.ac.in/gallery.html,data-attr
https://www.rmd.ac.in/images/sports/15-1600.jpg,IMAGE,jpg,15-1600.jpg,/images/sports/15-1600.jpg,,,,,1,https://www.rmd.ac.in/gallery.html,data-attr
https://www.rmd.ac.in/images/sports/16-1600.jpg,IMAGE,jpg,16-1600.jpg,/images/sports/16-1600.jpg,,,,,1,https://www.rmd.ac.in/gallery.html,data-attr
https://www.rmd.ac.in/images/sports/17-1600.jpg,IMAGE,jpg,17-1600.jpg,/images/sports/17-1600.jpg,,,,,1,https://www.rmd.ac.in/gallery.html,data-attr
https://www.rmd.ac.in/images/sports/18-1600.jpg,IMAGE,jpg,18-1600.jpg,/images/sports/18-1600.jpg,,,,,1,https://www.rmd.ac.in/gallery.html,data-attr
https://www.rmd.ac.in/images/sports/19-1600.jpg,IMAGE,jpg,19-1600.jpg,/images/sports/19-1600.jpg,,,,,1,https://www.rmd.ac.in/gallery.html,data-attr
https://www.rmd.ac.in/images/sports/2-1600.jpg,IMAGE,jpg,2-1600.jpg,/images/sports/2-1600.jpg,,,,,1,https://www.rmd.ac.in/gallery.html,data-attr
https://www.rmd.ac.in/images/sports/20-1600.jpg,IMAGE,jpg,20-1600.jpg,/images/sports/20-1600.jpg,,,,,1,https://www.rmd.ac.in/gallery.html,data-attr
https://www.rmd.ac.in/images/sports/3-1600.jpg,IMAGE,jpg,3-1600.jpg,/images/sports/3-1600.jpg,,,,,1,https://www.rmd.ac.in/gallery.html,data-attr
https://www.rmd.ac.in/images/sports/4-1600.jpg,IMAGE,jpg,4-1600.jpg,/images/sports/4-1600.jpg,,,,,1,https://www.rmd.ac.in/gallery.html,data-attr
https://www.rmd.ac.in/images/sports/5-1600.jpg,IMAGE,jpg,5-1600.jpg,/images/sports/5-1600.jpg,,,,,1,https://www.rmd.ac.in/gallery.html,data-attr
https://www.rmd.ac.in/images/sports/6-1600.jpg,IMAGE,jpg,6-1600.jpg,/images/sports/6-1600.jpg,,,,,1,https://www.rmd.ac.in/gallery.html,data-attr
https://www.rmd.ac.in/images/sports/7-1600.jpg,IMAGE,jpg,7-1600.jpg,/images/sports/7-1600.jpg,,,,,1,https://www.rmd.ac.in/gallery.html,data-attr
https://www.rmd.ac.in/images/sports/8-1600.jpg,IMAGE,jpg,8-1600.jpg,/images/sports/8-1600.jpg,,,,,1,https://www.rmd.ac.in/gallery.html,data-attr
https://www.rmd.ac.in/images/sports/9-1600.jpg,IMAGE,jpg,9-1600.jpg,/images/sports/9-1600.jpg,,,,,1,https://www.rmd.ac.in/gallery.html,data-attr
https://www.rmd.ac.in/images/sports/thumb-1.jpg,IMAGE,jpg,thumb-1.jpg,/images/sports/thumb-1.jpg,,,,,1,https://www.rmd.ac.in/gallery.html,img
https://www.rmd.ac.in/images/sports/thumb-10.jpg,IMAGE,jpg,thumb-10.jpg,/images/sports/thumb-10.jpg,,,,,1,https://www.rmd.ac.in/gallery.html,img
https://www.rmd.ac.in/images/sports/thumb-11.jpg,IMAGE,jpg,thumb-11.jpg,/images/sports/thumb-11.jpg,,,,,1,https://www.rmd.ac.in/gallery.html,img
https://www.rmd.ac.in/images/sports/thumb-12.jpg,IMAGE,jpg,thumb-12.jpg,/images/sports/thumb-12.jpg,,,,,1,https://www.rmd.ac.in/gallery.html,img
https://www.rmd.ac.in/images/sports/thumb-13.jpg,IMAGE,jpg,thumb-13.jpg,/images/sports/thumb-13.jpg,,,,,1,https://www.rmd.ac.in/gallery.html,img
https://www.rmd.ac.in/images/sports/thumb-14.jpg,IMAGE,jpg,thumb-14.jpg,/images/sports/thumb-14.jpg,,,,,1,https://www.rmd.ac.in/gallery.html,img
https://www.rmd.ac.in/images/sports/thumb-15.jpg,IMAGE,jpg,thumb-15.jpg,/images/sports/thumb-15.jpg,,,,,1,https://www.rmd.ac.in/gallery.html,img
https://www.rmd.ac.in/images/sports/thumb-16.jpg,IMAGE,jpg,thumb-16.jpg,/images/sports/thumb-16.jpg,,,,,1,https://www.rmd.ac.in/gallery.html,img
https://www.rmd.ac.in/images/sports/thumb-17.jpg,IMAGE,jpg,thumb-17.jpg,/images/sports/thumb-17.jpg,,,,,1,https://www.rmd.ac.in/gallery.html,img
https://www.rmd.ac.in/images/sports/thumb-18.jpg,IMAGE,jpg,thumb-18.jpg,/images/sports/thumb-18.jpg,,,,,1,https://www.rmd.ac.in/gallery.html,img
https://www.rmd.ac.in/images/sports/thumb-19.jpg,IMAGE,jpg,thumb-19.jpg,/images/sports/thumb-19.jpg,,,,,1,https://www.rmd.ac.in/gallery.html,img
https://www.rmd.ac.in/images/sports/thumb-2.jpg,IMAGE,jpg,thumb-2.jpg,/images/sports/thumb-2.jpg,,,,,1,https://www.rmd.ac.in/gallery.html,img
https://www.rmd.ac.in/images/sports/thumb-20.jpg,IMAGE,jpg,thumb-20.jpg,/images/sports/thumb-20.jpg,,,,,1,https://www.rmd.ac.in/gallery.html,img
https://www.rmd.ac.in/images/sports/thumb-3.jpg,IMAGE,jpg,thumb-3.jpg,/images/sports/thumb-3.jpg,,,,,1,https://www.rmd.ac.in/gallery.html,img
https://www.rmd.ac.in/images/sports/thumb-4.jpg,IMAGE,jpg,thumb-4.jpg,/images/sports/thumb-4.jpg,,,,,1,https://www.rmd.ac.in/gallery.html,img
https://www.rmd.ac.in/images/sports/thumb-5.jpg,IMAGE,jpg,thumb-5.jpg,/images/sports/thumb-5.jpg,,,,,1,https://www.rmd.ac.in/gallery.html,img
https://www.rmd.ac.in/images/sports/thumb-6.jpg,IMAGE,jpg,thumb-6.jpg,/images/sports/thumb-6.jpg,,,,,1,https://www.rmd.ac.in/gallery.html,img
https://www.rmd.ac.in/images/sports/thumb-7.jpg,IMAGE,jpg,thumb-7.jpg,/images/sports/thumb-7.jpg,,,,,1,https://www.rmd.ac.in/gallery.html,img
https://www.rmd.ac.in/images/sports/thumb-8.jpg,IMAGE,jpg,thumb-8.jpg,/images/sports/thumb-8.jpg,,,,,1,https://www.rmd.ac.in/gallery.html,img
https://www.rmd.ac.in/images/sports/thumb-9.jpg,IMAGE,jpg,thumb-9.jpg,/images/sports/thumb-9.jpg,,,,,1,https://www.rmd.ac.in/gallery.html,img
https://www.rmd.ac.in/images/v1.jpg,IMAGE,jpg,v1.jpg,/images/v1.jpg,,,,,1,https://www.rmd.ac.in/,a
https://www.rmd.ac.in/images/v2.jpg,IMAGE,jpg,v2.jpg,/images/v2.jpg,,,,,1,https://www.rmd.ac.in/,a
https://www.rmd.ac.in/images/v3.jpg,IMAGE,jpg,v3.jpg,/images/v3.jpg,,,,,1,https://www.rmd.ac.in/,a
https://www.rmd.ac.in/img/Cha.jpg,IMAGE,jpg,Cha.jpg,/img/Cha.jpg,,,,,1,https://www.rmd.ac.in/,img
https://www.rmd.ac.in/img/Chairman.jpg,IMAGE,jpg,Chairman.jpg,/img/Chairman.jpg,,,,,2,https://www.rmd.ac.in/administration/chairman.html,img
https://www.rmd.ac.in/img/Chat.jpg,IMAGE,jpg,Chat.jpg,/img/Chat.jpg,,,,,1,https://www.rmd.ac.in/,img
https://www.rmd.ac.in/img/ChatGPT.jpg,IMAGE,jpg,ChatGPT.jpg,/img/ChatGPT.jpg,,,,,1,https://www.rmd.ac.in/,img
https://www.rmd.ac.in/img/High.jpg,IMAGE,jpg,High.jpg,/img/High.jpg,,,,,1,https://www.rmd.ac.in/,img
https://www.rmd.ac.in/img/Major.jpg,IMAGE,jpg,Major.jpg,/img/Major.jpg,,,,,1,https://www.rmd.ac.in/,img
https://www.rmd.ac.in/img/Nptel.jpg,IMAGE,jpg,Nptel.jpg,/img/Nptel.jpg,,,,,1,https://www.rmd.ac.in/,img
https://www.rmd.ac.in/img/a17.png,IMAGE,png,a17.png,/img/a17.png,,,,,2,https://www.rmd.ac.in/,css-url
https://www.rmd.ac.in/img/academicdean.jpg,IMAGE,jpg,academicdean.jpg,/img/academicdean.jpg,,,,,2,https://www.rmd.ac.in/administration/deanresearch.html,img
https://www.rmd.ac.in/img/com.jpg,IMAGE,jpg,com.jpg,/img/com.jpg,,,,,1,https://www.rmd.ac.in/,img
https://www.rmd.ac.in/img/con-1.jpg,IMAGE,jpg,con-1.jpg,/img/con-1.jpg,,,,,1,https://www.rmd.ac.in/lab.html,img
https://www.rmd.ac.in/img/loading.gif,IMAGE,gif,loading.gif,/img/loading.gif,,,,,2,https://www.rmd.ac.in/,css-url
https://www.rmd.ac.in/img/management/1.bmp,IMAGE,bmp,1.bmp,/img/management/1.bmp,,,,,1,https://www.rmd.ac.in/administration/managementteam.html,img
https://www.rmd.ac.in/img/management/2.bmp,IMAGE,bmp,2.bmp,/img/management/2.bmp,,,,,1,https://www.rmd.ac.in/administration/managementteam.html,img
https://www.rmd.ac.in/img/management/3.bmp,IMAGE,bmp,3.bmp,/img/management/3.bmp,,,,,1,https://www.rmd.ac.in/administration/managementteam.html,img
https://www.rmd.ac.in/img/management/4.bmp,IMAGE,bmp,4.bmp,/img/management/4.bmp,,,,,1,https://www.rmd.ac.in/administration/managementteam.html,img
https://www.rmd.ac.in/img/management/5.bmp,IMAGE,bmp,5.bmp,/img/management/5.bmp,,,,,1,https://www.rmd.ac.in/administration/managementteam.html,img
https://www.rmd.ac.in/img/management/6.bmp,IMAGE,bmp,6.bmp,/img/management/6.bmp,,,,,1,https://www.rmd.ac.in/administration/managementteam.html,img
https://www.rmd.ac.in/img/management/7.bmp,IMAGE,bmp,7.bmp,/img/management/7.bmp,,,,,1,https://www.rmd.ac.in/administration/managementteam.html,img
https://www.rmd.ac.in/img/mat.jpg,IMAGE,jpg,mat.jpg,/img/mat.jpg,,,,,1,https://www.rmd.ac.in/aboutus/rmkgroup.html,img
https://www.rmd.ac.in/img/poly.jpg,IMAGE,jpg,poly.jpg,/img/poly.jpg,,,,,1,https://www.rmd.ac.in/aboutus/rmkgroup.html,img
https://www.rmd.ac.in/img/res.jpg,IMAGE,jpg,res.jpg,/img/res.jpg,,,,,1,https://www.rmd.ac.in/aboutus/rmkgroup.html,img
https://www.rmd.ac.in/img/rmk.jpg,IMAGE,jpg,rmk.jpg,/img/rmk.jpg,,,,,1,https://www.rmd.ac.in/aboutus/rmkgroup.html,img
https://www.rmd.ac.in/img/rmk_logo.jpg,IMAGE,jpg,rmk_logo.jpg,/img/rmk_logo.jpg,,,,,1,https://www.rmd.ac.in/aboutus/rmkgroup.html,img
https://www.rmd.ac.in/img/rmkcet.jpg,IMAGE,jpg,rmkcet.jpg,/img/rmkcet.jpg,,,,,1,https://www.rmd.ac.in/aboutus/rmkgroup.html,img
https://www.rmd.ac.in/img/rmkcetlogo_03.jpg,IMAGE,jpg,rmkcetlogo_03.jpg,/img/rmkcetlogo_03.jpg,,,,,1,https://www.rmd.ac.in/aboutus/rmkgroup.html,img
https://www.rmd.ac.in/img/rmkms.jpg,IMAGE,jpg,rmkms.jpg,/img/rmkms.jpg,,,,,1,https://www.rmd.ac.in/aboutus/rmkgroup.html,img
https://www.rmd.ac.in/img/rmkrs.jpg,IMAGE,jpg,rmkrs.jpg,/img/rmkrs.jpg,,,,,1,https://www.rmd.ac.in/aboutus/rmkgroup.html,img
https://www.rmd.ac.in/img/rmksch_tvd.jpg,IMAGE,jpg,rmksch_tvd.jpg,/img/rmksch_tvd.jpg,,,,,1,https://www.rmd.ac.in/aboutus/rmkgroup.html,img
https://www.rmd.ac.in/img/sch_t.jpg,IMAGE,jpg,sch_t.jpg,/img/sch_t.jpg,,,,,1,https://www.rmd.ac.in/aboutus/rmkgroup.html,img
https://www.rmd.ac.in/img/sdpc.jpg,IMAGE,jpg,sdpc.jpg,/img/sdpc.jpg,,,,,1,https://www.rmd.ac.in/aboutus/rmkgroup.html,img
https://www.rmd.ac.in/img/slide1.jpg,IMAGE,jpg,slide1.jpg,/img/slide1.jpg,,,,,1,https://www.rmd.ac.in/lab.html,img
https://www.rmd.ac.in/img/slide11.JPG,IMAGE,jpg,slide11.JPG,/img/slide11.JPG,,,,,1,https://www.rmd.ac.in/,img
https://www.rmd.ac.in/img/slide2.jpg,IMAGE,jpg,slide2.jpg,/img/slide2.jpg,,,,,1,https://www.rmd.ac.in/lab.html,img
https://www.rmd.ac.in/img/slide3.jpg,IMAGE,jpg,slide3.jpg,/img/slide3.jpg,,,,,1,https://www.rmd.ac.in/lab.html,img
https://www.rmd.ac.in/img/slide4.jpg,IMAGE,jpg,slide4.jpg,/img/slide4.jpg,,,,,1,https://www.rmd.ac.in/lab.html,img
https://www.rmd.ac.in/img/vc.jpg,IMAGE,jpg,vc.jpg,/img/vc.jpg,,,,,2,https://www.rmd.ac.in/administration/vc.html,img
https://www.rmd.ac.in/img23/Runner-up.jpeg,IMAGE,jpeg,Runner-up.jpeg,/img23/Runner-up.jpeg,,,,,1,https://www.rmd.ac.in/,a
https://www.rmd.ac.in/library/images/1-1600.jpg,IMAGE,jpg,1-1600.jpg,/library/images/1-1600.jpg,,,,,1,https://www.rmd.ac.in/library/photo.html,data-attr
https://www.rmd.ac.in/library/images/1.jpg,IMAGE,jpg,1.jpg,/library/images/1.jpg,,,,,1,https://www.rmd.ac.in/library/digital.html,img
https://www.rmd.ac.in/library/images/10-1600.jpg,IMAGE,jpg,10-1600.jpg,/library/images/10-1600.jpg,,,,,1,https://www.rmd.ac.in/library/photo.html,data-attr
https://www.rmd.ac.in/library/images/10.jpg,IMAGE,jpg,10.jpg,/library/images/10.jpg,,,,,1,https://www.rmd.ac.in/library/digital.html,img
https://www.rmd.ac.in/library/images/11-1600.jpg,IMAGE,jpg,11-1600.jpg,/library/images/11-1600.jpg,,,,,1,https://www.rmd.ac.in/library/photo.html,data-attr
https://www.rmd.ac.in/library/images/12-1600.jpg,IMAGE,jpg,12-1600.jpg,/library/images/12-1600.jpg,,,,,1,https://www.rmd.ac.in/library/photo.html,data-attr
https://www.rmd.ac.in/library/images/13-1600.jpg,IMAGE,jpg,13-1600.jpg,/library/images/13-1600.jpg,,,,,1,https://www.rmd.ac.in/library/photo.html,data-attr
https://www.rmd.ac.in/library/images/14-1600.jpg,IMAGE,jpg,14-1600.jpg,/library/images/14-1600.jpg,,,,,1,https://www.rmd.ac.in/library/photo.html,data-attr
https://www.rmd.ac.in/library/images/15-1600.jpg,IMAGE,jpg,15-1600.jpg,/library/images/15-1600.jpg,,,,,1,https://www.rmd.ac.in/library/photo.html,data-attr
https://www.rmd.ac.in/library/images/16-1600.jpg,IMAGE,jpg,16-1600.jpg,/library/images/16-1600.jpg,,,,,1,https://www.rmd.ac.in/library/photo.html,data-attr
https://www.rmd.ac.in/library/images/2-1600.jpg,IMAGE,jpg,2-1600.jpg,/library/images/2-1600.jpg,,,,,1,https://www.rmd.ac.in/library/photo.html,data-attr
https://www.rmd.ac.in/library/images/2.jpg,IMAGE,jpg,2.jpg,/library/images/2.jpg,,,,,1,https://www.rmd.ac.in/library/digital.html,img
https://www.rmd.ac.in/library/images/3-1600.jpg,IMAGE,jpg,3-1600.jpg,/library/images/3-1600.jpg,,,,,1,https://www.rmd.ac.in/library/photo.html,data-attr
https://www.rmd.ac.in/library/images/3.jpg,IMAGE,jpg,3.jpg,/library/images/3.jpg,,,,,1,https://www.rmd.ac.in/library/digital.html,img
https://www.rmd.ac.in/library/images/4-1600.jpg,IMAGE,jpg,4-1600.jpg,/library/images/4-1600.jpg,,,,,1,https://www.rmd.ac.in/library/photo.html,data-attr
https://www.rmd.ac.in/library/images/4.jpg,IMAGE,jpg,4.jpg,/library/images/4.jpg,,,,,1,https://www.rmd.ac.in/library/digital.html,img
https://www.rmd.ac.in/library/images/5-1600.jpg,IMAGE,jpg,5-1600.jpg,/library/images/5-1600.jpg,,,,,1,https://www.rmd.ac.in/library/photo.html,data-attr
https://www.rmd.ac.in/library/images/5.jpg,IMAGE,jpg,5.jpg,/library/images/5.jpg,,,,,1,https://www.rmd.ac.in/library/digital.html,img
https://www.rmd.ac.in/library/images/6-1600.jpg,IMAGE,jpg,6-1600.jpg,/library/images/6-1600.jpg,,,,,1,https://www.rmd.ac.in/library/photo.html,data-attr
https://www.rmd.ac.in/library/images/6.jpg,IMAGE,jpg,6.jpg,/library/images/6.jpg,,,,,1,https://www.rmd.ac.in/library/digital.html,img
https://www.rmd.ac.in/library/images/7-1600.jpg,IMAGE,jpg,7-1600.jpg,/library/images/7-1600.jpg,,,,,1,https://www.rmd.ac.in/library/photo.html,data-attr
https://www.rmd.ac.in/library/images/7.jpg,IMAGE,jpg,7.jpg,/library/images/7.jpg,,,,,1,https://www.rmd.ac.in/library/digital.html,img
https://www.rmd.ac.in/library/images/8-1600.jpg,IMAGE,jpg,8-1600.jpg,/library/images/8-1600.jpg,,,,,1,https://www.rmd.ac.in/library/photo.html,data-attr
https://www.rmd.ac.in/library/images/8.jpg,IMAGE,jpg,8.jpg,/library/images/8.jpg,,,,,1,https://www.rmd.ac.in/library/digital.html,img
https://www.rmd.ac.in/library/images/9-1600.jpg,IMAGE,jpg,9-1600.jpg,/library/images/9-1600.jpg,,,,,1,https://www.rmd.ac.in/library/photo.html,data-attr
https://www.rmd.ac.in/library/images/9.jpg,IMAGE,jpg,9.jpg,/library/images/9.jpg,,,,,1,https://www.rmd.ac.in/library/digital.html,img
https://www.rmd.ac.in/library/images/arr.gif,IMAGE,gif,arr.gif,/library/images/arr.gif,,,,,2,https://www.rmd.ac.in/library/libservices.html,img
https://www.rmd.ac.in/library/images/automation.jpg,IMAGE,jpg,automation.jpg,/library/images/automation.jpg,,,,,1,https://www.rmd.ac.in/library/,img
https://www.rmd.ac.in/library/images/down.png,IMAGE,png,down.png,/library/images/down.png,,,,,1,https://www.rmd.ac.in/library/pr.html,img
https://www.rmd.ac.in/library/images/image-slider-1.JPG,IMAGE,jpg,image-slider-1.JPG,/library/images/image-slider-1.JPG,,,,,1,https://www.rmd.ac.in/library/,img
https://www.rmd.ac.in/library/images/image-slider-10.JPG,IMAGE,jpg,image-slider-10.JPG,/library/images/image-slider-10.JPG,,,,,1,https://www.rmd.ac.in/library/,img
https://www.rmd.ac.in/library/images/image-slider-2.JPG,IMAGE,jpg,image-slider-2.JPG,/library/images/image-slider-2.JPG,,,,,1,https://www.rmd.ac.in/library/,img
https://www.rmd.ac.in/library/images/image-slider-3.JPG,IMAGE,jpg,image-slider-3.JPG,/library/images/image-slider-3.JPG,,,,,1,https://www.rmd.ac.in/library/,img
https://www.rmd.ac.in/library/images/image-slider-4.JPG,IMAGE,jpg,image-slider-4.JPG,/library/images/image-slider-4.JPG,,,,,1,https://www.rmd.ac.in/library/,img
https://www.rmd.ac.in/library/images/image-slider-5.JPG,IMAGE,jpg,image-slider-5.JPG,/library/images/image-slider-5.JPG,,,,,1,https://www.rmd.ac.in/library/,img
https://www.rmd.ac.in/library/images/image-slider-6.JPG,IMAGE,jpg,image-slider-6.JPG,/library/images/image-slider-6.JPG,,,,,1,https://www.rmd.ac.in/library/,img
https://www.rmd.ac.in/library/images/image-slider-7.JPG,IMAGE,jpg,image-slider-7.JPG,/library/images/image-slider-7.JPG,,,,,1,https://www.rmd.ac.in/library/,img
https://www.rmd.ac.in/library/images/image-slider-8.JPG,IMAGE,jpg,image-slider-8.JPG,/library/images/image-slider-8.JPG,,,,,1,https://www.rmd.ac.in/library/,img
https://www.rmd.ac.in/library/images/image-slider-9.JPG,IMAGE,jpg,image-slider-9.JPG,/library/images/image-slider-9.JPG,,,,,1,https://www.rmd.ac.in/library/,img
https://www.rmd.ac.in/library/images/rules.jpg,IMAGE,jpg,rules.jpg,/library/images/rules.jpg,,,,,1,https://www.rmd.ac.in/library/librules.html,img
https://www.rmd.ac.in/library/images/thumb-1.jpg,IMAGE,jpg,thumb-1.jpg,/library/images/thumb-1.jpg,,,,,1,https://www.rmd.ac.in/library/photo.html,img
https://www.rmd.ac.in/library/images/thumb-10.jpg,IMAGE,jpg,thumb-10.jpg,/library/images/thumb-10.jpg,,,,,1,https://www.rmd.ac.in/library/photo.html,img
https://www.rmd.ac.in/library/images/thumb-11.jpg,IMAGE,jpg,thumb-11.jpg,/library/images/thumb-11.jpg,,,,,1,https://www.rmd.ac.in/library/photo.html,img
https://www.rmd.ac.in/library/images/thumb-12.jpg,IMAGE,jpg,thumb-12.jpg,/library/images/thumb-12.jpg,,,,,1,https://www.rmd.ac.in/library/photo.html,img
https://www.rmd.ac.in/library/images/thumb-13.jpg,IMAGE,jpg,thumb-13.jpg,/library/images/thumb-13.jpg,,,,,1,https://www.rmd.ac.in/library/photo.html,img
https://www.rmd.ac.in/library/images/thumb-14.jpg,IMAGE,jpg,thumb-14.jpg,/library/images/thumb-14.jpg,,,,,1,https://www.rmd.ac.in/library/photo.html,img
https://www.rmd.ac.in/library/images/thumb-15.jpg,IMAGE,jpg,thumb-15.jpg,/library/images/thumb-15.jpg,,,,,1,https://www.rmd.ac.in/library/photo.html,img
https://www.rmd.ac.in/library/images/thumb-16.jpg,IMAGE,jpg,thumb-16.jpg,/library/images/thumb-16.jpg,,,,,1,https://www.rmd.ac.in/library/photo.html,img
https://www.rmd.ac.in/library/images/thumb-2.jpg,IMAGE,jpg,thumb-2.jpg,/library/images/thumb-2.jpg,,,,,1,https://www.rmd.ac.in/library/photo.html,img
https://www.rmd.ac.in/library/images/thumb-3.jpg,IMAGE,jpg,thumb-3.jpg,/library/images/thumb-3.jpg,,,,,1,https://www.rmd.ac.in/library/photo.html,img
https://www.rmd.ac.in/library/images/thumb-4.jpg,IMAGE,jpg,thumb-4.jpg,/library/images/thumb-4.jpg,,,,,1,https://www.rmd.ac.in/library/photo.html,img
https://www.rmd.ac.in/library/images/thumb-5.jpg,IMAGE,jpg,thumb-5.jpg,/library/images/thumb-5.jpg,,,,,1,https://www.rmd.ac.in/library/photo.html,img
https://www.rmd.ac.in/library/images/thumb-6.jpg,IMAGE,jpg,thumb-6.jpg,/library/images/thumb-6.jpg,,,,,1,https://www.rmd.ac.in/library/photo.html,img
https://www.rmd.ac.in/library/images/thumb-7.jpg,IMAGE,jpg,thumb-7.jpg,/library/images/thumb-7.jpg,,,,,1,https://www.rmd.ac.in/library/photo.html,img
https://www.rmd.ac.in/library/images/thumb-8.jpg,IMAGE,jpg,thumb-8.jpg,/library/images/thumb-8.jpg,,,,,1,https://www.rmd.ac.in/library/photo.html,img
https://www.rmd.ac.in/library/images/thumb-9.jpg,IMAGE,jpg,thumb-9.jpg,/library/images/thumb-9.jpg,,,,,1,https://www.rmd.ac.in/library/photo.html,img
https://www.rmd.ac.in/math/images/Dr.%20S.%20Rajakumari.jpg,IMAGE,jpg,Dr. S. Rajakumari.jpg,/math/images/Dr.%20S.%20Rajakumari.jpg,,,,,1,https://www.rmd.ac.in/math/contact.html,img
https://www.rmd.ac.in/math/images/math.jpg,IMAGE,jpg,math.jpg,/math/images/math.jpg,,,,,4,https://www.rmd.ac.in/math/,img
https://www.rmd.ac.in/math/images/saravanan.jpg,IMAGE,jpg,saravanan.jpg,/math/images/saravanan.jpg,,,,,1,https://www.rmd.ac.in/math/contact.html,img
https://www.rmd.ac.in/msme/images/1.jpg,IMAGE,jpg,1.jpg,/msme/images/1.jpg,,,,,1,https://www.rmd.ac.in/msme/photo.html,"data-attr,img"
https://www.rmd.ac.in/msme/images/2.jpg,IMAGE,jpg,2.jpg,/msme/images/2.jpg,,,,,1,https://www.rmd.ac.in/msme/photo.html,"data-attr,img"
https://www.rmd.ac.in/msme/images/cm.jpg,IMAGE,jpg,cm.jpg,/msme/images/cm.jpg,,,,,1,https://www.rmd.ac.in/msme/,img
https://www.rmd.ac.in/msme/images/coe/1.jpg,IMAGE,jpg,1.jpg,/msme/images/coe/1.jpg,,,,,1,https://www.rmd.ac.in/msme/,img
https://www.rmd.ac.in/msme/images/coe/10.jpg,IMAGE,jpg,10.jpg,/msme/images/coe/10.jpg,,,,,1,https://www.rmd.ac.in/msme/,img
https://www.rmd.ac.in/msme/images/coe/2.jpg,IMAGE,jpg,2.jpg,/msme/images/coe/2.jpg,,,,,1,https://www.rmd.ac.in/msme/,img
https://www.rmd.ac.in/msme/images/coe/3.jpg,IMAGE,jpg,3.jpg,/msme/images/coe/3.jpg,,,,,1,https://www.rmd.ac.in/msme/,img
https://www.rmd.ac.in/msme/images/coe/4.jpg,IMAGE,jpg,4.jpg,/msme/images/coe/4.jpg,,,,,1,https://www.rmd.ac.in/msme/,img
https://www.rmd.ac.in/msme/images/coe/5.jpg,IMAGE,jpg,5.jpg,/msme/images/coe/5.jpg,,,,,1,https://www.rmd.ac.in/msme/,img
https://www.rmd.ac.in/msme/images/coe/6.jpg,IMAGE,jpg,6.jpg,/msme/images/coe/6.jpg,,,,,1,https://www.rmd.ac.in/msme/,img
https://www.rmd.ac.in/msme/images/coe/7.jpg,IMAGE,jpg,7.jpg,/msme/images/coe/7.jpg,,,,,1,https://www.rmd.ac.in/msme/,img
https://www.rmd.ac.in/msme/images/coe/8.jpg,IMAGE,jpg,8.jpg,/msme/images/coe/8.jpg,,,,,1,https://www.rmd.ac.in/msme/,img
https://www.rmd.ac.in/msme/images/coe/9.jpg,IMAGE,jpg,9.jpg,/msme/images/coe/9.jpg,,,,,1,https://www.rmd.ac.in/msme/,img
https://www.rmd.ac.in/msme/images/jhon.png,IMAGE,png,jhon.png,/msme/images/jhon.png,,,,,1,https://www.rmd.ac.in/msme/,img
https://www.rmd.ac.in/msme/images/msme-logo.png,IMAGE,png,msme-logo.png,/msme/images/msme-logo.png,,,,,2,https://www.rmd.ac.in/msme/about.html,img
https://www.rmd.ac.in/msme/images/nss.jpg,IMAGE,jpg,nss.jpg,/msme/images/nss.jpg,,,,,2,https://www.rmd.ac.in/msme/,img
https://www.rmd.ac.in/msme/images/ranga.jpg,IMAGE,jpg,ranga.jpg,/msme/images/ranga.jpg,,,,,1,https://www.rmd.ac.in/msme/contact.html,img
https://www.rmd.ac.in/naac/images/1.jpg,IMAGE,jpg,1.jpg,/naac/images/1.jpg,,,,,1,https://www.rmd.ac.in/naac/,img
https://www.rmd.ac.in/new.gif,IMAGE,gif,new.gif,/new.gif,,,,,2,https://www.rmd.ac.in/,img
https://www.rmd.ac.in/newimages/alumni.png,IMAGE,png,alumni.png,/newimages/alumni.png,,,,,1,https://www.rmd.ac.in/,img
https://www.rmd.ac.in/newimages/creditcard.png,IMAGE,png,creditcard.png,/newimages/creditcard.png,,,,,1,https://www.rmd.ac.in/,img
https://www.rmd.ac.in/newimages/keyman.png,IMAGE,png,keyman.png,/newimages/keyman.png,,,,,1,https://www.rmd.ac.in/,img
https://www.rmd.ac.in/newimages/pay.png,IMAGE,png,pay.png,/newimages/pay.png,,,,,1,https://www.rmd.ac.in/,img
https://www.rmd.ac.in/newimages/professor.png,IMAGE,png,professor.png,/newimages/professor.png,,,,,1,https://www.rmd.ac.in/,img
https://www.rmd.ac.in/newimages/scholar.png,IMAGE,png,scholar.png,/newimages/scholar.png,,,,,1,https://www.rmd.ac.in/,img
https://www.rmd.ac.in/newimages/science.png,IMAGE,png,science.png,/newimages/science.png,,,,,1,https://www.rmd.ac.in/,img
https://www.rmd.ac.in/news/2020/workshop.jpeg,IMAGE,jpeg,workshop.jpeg,/news/2020/workshop.jpeg,,,,,1,https://www.rmd.ac.in/,a
https://www.rmd.ac.in/nss/images/1-1600.jpg,IMAGE,jpg,1-1600.jpg,/nss/images/1-1600.jpg,,,,,1,https://www.rmd.ac.in/nss/photo.html,data-attr
https://www.rmd.ac.in/nss/images/10-1600.jpg,IMAGE,jpg,10-1600.jpg,/nss/images/10-1600.jpg,,,,,1,https://www.rmd.ac.in/nss/photo.html,data-attr
https://www.rmd.ac.in/nss/images/11-1600.jpg,IMAGE,jpg,11-1600.jpg,/nss/images/11-1600.jpg,,,,,1,https://www.rmd.ac.in/nss/photo.html,data-attr
https://www.rmd.ac.in/nss/images/12-1600.jpg,IMAGE,jpg,12-1600.jpg,/nss/images/12-1600.jpg,,,,,1,https://www.rmd.ac.in/nss/photo.html,data-attr
https://www.rmd.ac.in/nss/images/13-1600.jpg,IMAGE,jpg,13-1600.jpg,/nss/images/13-1600.jpg,,,,,1,https://www.rmd.ac.in/nss/photo.html,data-attr
https://www.rmd.ac.in/nss/images/14-1600.jpg,IMAGE,jpg,14-1600.jpg,/nss/images/14-1600.jpg,,,,,1,https://www.rmd.ac.in/nss/photo.html,data-attr
https://www.rmd.ac.in/nss/images/15-1600.jpg,IMAGE,jpg,15-1600.jpg,/nss/images/15-1600.jpg,,,,,1,https://www.rmd.ac.in/nss/photo.html,data-attr
https://www.rmd.ac.in/nss/images/16-1600.jpg,IMAGE,jpg,16-1600.jpg,/nss/images/16-1600.jpg,,,,,1,https://www.rmd.ac.in/nss/photo.html,data-attr
https://www.rmd.ac.in/nss/images/17-1600.jpg,IMAGE,jpg,17-1600.jpg,/nss/images/17-1600.jpg,,,,,1,https://www.rmd.ac.in/nss/photo.html,data-attr
https://www.rmd.ac.in/nss/images/18-1600.jpg,IMAGE,jpg,18-1600.jpg,/nss/images/18-1600.jpg,,,,,1,https://www.rmd.ac.in/nss/photo.html,data-attr
https://www.rmd.ac.in/nss/images/19-1600.jpg,IMAGE,jpg,19-1600.jpg,/nss/images/19-1600.jpg,,,,,1,https://www.rmd.ac.in/nss/photo.html,data-attr
https://www.rmd.ac.in/nss/images/2-1600.jpg,IMAGE,jpg,2-1600.jpg,/nss/images/2-1600.jpg,,,,,1,https://www.rmd.ac.in/nss/photo.html,data-attr
https://www.rmd.ac.in/nss/images/20-1600.jpg,IMAGE,jpg,20-1600.jpg,/nss/images/20-1600.jpg,,,,,1,https://www.rmd.ac.in/nss/photo.html,data-attr
https://www.rmd.ac.in/nss/images/3-1600.jpg,IMAGE,jpg,3-1600.jpg,/nss/images/3-1600.jpg,,,,,1,https://www.rmd.ac.in/nss/photo.html,data-attr
https://www.rmd.ac.in/nss/images/4-1600.jpg,IMAGE,jpg,4-1600.jpg,/nss/images/4-1600.jpg,,,,,1,https://www.rmd.ac.in/nss/photo.html,data-attr
https://www.rmd.ac.in/nss/images/5-1600.jpg,IMAGE,jpg,5-1600.jpg,/nss/images/5-1600.jpg,,,,,1,https://www.rmd.ac.in/nss/photo.html,data-attr
https://www.rmd.ac.in/nss/images/6-1600.jpg,IMAGE,jpg,6-1600.jpg,/nss/images/6-1600.jpg,,,,,1,https://www.rmd.ac.in/nss/photo.html,data-attr
https://www.rmd.ac.in/nss/images/7-1600.jpg,IMAGE,jpg,7-1600.jpg,/nss/images/7-1600.jpg,,,,,1,https://www.rmd.ac.in/nss/photo.html,data-attr
https://www.rmd.ac.in/nss/images/8-1600.jpg,IMAGE,jpg,8-1600.jpg,/nss/images/8-1600.jpg,,,,,1,https://www.rmd.ac.in/nss/photo.html,data-attr
https://www.rmd.ac.in/nss/images/9-1600.jpg,IMAGE,jpg,9-1600.jpg,/nss/images/9-1600.jpg,,,,,1,https://www.rmd.ac.in/nss/photo.html,data-attr
https://www.rmd.ac.in/nss/images/Mr.%20G.%20Arul%20Jothi.jpg,IMAGE,jpg,Mr. G. Arul Jothi.jpg,/nss/images/Mr.%20G.%20Arul%20Jothi.jpg,,,,,1,https://www.rmd.ac.in/nss/contact.html,img
https://www.rmd.ac.in/nss/images/image-slider-1.jpg,IMAGE,jpg,image-slider-1.jpg,/nss/images/image-slider-1.jpg,,,,,1,https://www.rmd.ac.in/nss/,img
https://www.rmd.ac.in/nss/images/image-slider-2.jpg,IMAGE,jpg,image-slider-2.jpg,/nss/images/image-slider-2.jpg,,,,,1,https://www.rmd.ac.in/nss/,img
https://www.rmd.ac.in/nss/images/image-slider-3.jpg,IMAGE,jpg,image-slider-3.jpg,/nss/images/image-slider-3.jpg,,,,,1,https://www.rmd.ac.in/nss/,img
https://www.rmd.ac.in/nss/images/image-slider-4.jpg,IMAGE,jpg,image-slider-4.jpg,/nss/images/image-slider-4.jpg,,,,,1,https://www.rmd.ac.in/nss/,img
https://www.rmd.ac.in/nss/images/image-slider-5.jpg,IMAGE,jpg,image-slider-5.jpg,/nss/images/image-slider-5.jpg,,,,,1,https://www.rmd.ac.in/nss/,img
https://www.rmd.ac.in/nss/images/image-slider-6.jpg,IMAGE,jpg,image-slider-6.jpg,/nss/images/image-slider-6.jpg,,,,,1,https://www.rmd.ac.in/nss/,img
https://www.rmd.ac.in/nss/images/image-slider-7.jpg,IMAGE,jpg,image-slider-7.jpg,/nss/images/image-slider-7.jpg,,,,,1,https://www.rmd.ac.in/nss/,img
https://www.rmd.ac.in/nss/images/image-slider-8.jpg,IMAGE,jpg,image-slider-8.jpg,/nss/images/image-slider-8.jpg,,,,,1,https://www.rmd.ac.in/nss/,img
https://www.rmd.ac.in/nss/images/image-slider-9.jpg,IMAGE,jpg,image-slider-9.jpg,/nss/images/image-slider-9.jpg,,,,,1,https://www.rmd.ac.in/nss/,img
https://www.rmd.ac.in/nss/images/nss.jpg,IMAGE,jpg,nss.jpg,/nss/images/nss.jpg,,,,,4,https://www.rmd.ac.in/nss/,img
https://www.rmd.ac.in/nss/images/thumb-1.jpg,IMAGE,jpg,thumb-1.jpg,/nss/images/thumb-1.jpg,,,,,1,https://www.rmd.ac.in/nss/photo.html,img
https://www.rmd.ac.in/nss/images/thumb-10.jpg,IMAGE,jpg,thumb-10.jpg,/nss/images/thumb-10.jpg,,,,,1,https://www.rmd.ac.in/nss/photo.html,img
https://www.rmd.ac.in/nss/images/thumb-11.jpg,IMAGE,jpg,thumb-11.jpg,/nss/images/thumb-11.jpg,,,,,1,https://www.rmd.ac.in/nss/photo.html,img
https://www.rmd.ac.in/nss/images/thumb-12.jpg,IMAGE,jpg,thumb-12.jpg,/nss/images/thumb-12.jpg,,,,,1,https://www.rmd.ac.in/nss/photo.html,img
https://www.rmd.ac.in/nss/images/thumb-13.jpg,IMAGE,jpg,thumb-13.jpg,/nss/images/thumb-13.jpg,,,,,1,https://www.rmd.ac.in/nss/photo.html,img
https://www.rmd.ac.in/nss/images/thumb-14.jpg,IMAGE,jpg,thumb-14.jpg,/nss/images/thumb-14.jpg,,,,,1,https://www.rmd.ac.in/nss/photo.html,img
https://www.rmd.ac.in/nss/images/thumb-15.jpg,IMAGE,jpg,thumb-15.jpg,/nss/images/thumb-15.jpg,,,,,1,https://www.rmd.ac.in/nss/photo.html,img
https://www.rmd.ac.in/nss/images/thumb-16.jpg,IMAGE,jpg,thumb-16.jpg,/nss/images/thumb-16.jpg,,,,,1,https://www.rmd.ac.in/nss/photo.html,img
https://www.rmd.ac.in/nss/images/thumb-17.jpg,IMAGE,jpg,thumb-17.jpg,/nss/images/thumb-17.jpg,,,,,1,https://www.rmd.ac.in/nss/photo.html,img
https://www.rmd.ac.in/nss/images/thumb-18.jpg,IMAGE,jpg,thumb-18.jpg,/nss/images/thumb-18.jpg,,,,,1,https://www.rmd.ac.in/nss/photo.html,img
https://www.rmd.ac.in/nss/images/thumb-19.jpg,IMAGE,jpg,thumb-19.jpg,/nss/images/thumb-19.jpg,,,,,1,https://www.rmd.ac.in/nss/photo.html,img
https://www.rmd.ac.in/nss/images/thumb-2.jpg,IMAGE,jpg,thumb-2.jpg,/nss/images/thumb-2.jpg,,,,,1,https://www.rmd.ac.in/nss/photo.html,img
https://www.rmd.ac.in/nss/images/thumb-20.jpg,IMAGE,jpg,thumb-20.jpg,/nss/images/thumb-20.jpg,,,,,1,https://www.rmd.ac.in/nss/photo.html,img
https://www.rmd.ac.in/nss/images/thumb-3.jpg,IMAGE,jpg,thumb-3.jpg,/nss/images/thumb-3.jpg,,,,,1,https://www.rmd.ac.in/nss/photo.html,img
https://www.rmd.ac.in/nss/images/thumb-4.jpg,IMAGE,jpg,thumb-4.jpg,/nss/images/thumb-4.jpg,,,,,1,https://www.rmd.ac.in/nss/photo.html,img
https://www.rmd.ac.in/nss/images/thumb-5.jpg,IMAGE,jpg,thumb-5.jpg,/nss/images/thumb-5.jpg,,,,,1,https://www.rmd.ac.in/nss/photo.html,img
https://www.rmd.ac.in/nss/images/thumb-6.jpg,IMAGE,jpg,thumb-6.jpg,/nss/images/thumb-6.jpg,,,,,1,https://www.rmd.ac.in/nss/photo.html,img
https://www.rmd.ac.in/nss/images/thumb-7.jpg,IMAGE,jpg,thumb-7.jpg,/nss/images/thumb-7.jpg,,,,,1,https://www.rmd.ac.in/nss/photo.html,img
https://www.rmd.ac.in/nss/images/thumb-8.jpg,IMAGE,jpg,thumb-8.jpg,/nss/images/thumb-8.jpg,,,,,1,https://www.rmd.ac.in/nss/photo.html,img
https://www.rmd.ac.in/nss/images/thumb-9.jpg,IMAGE,jpg,thumb-9.jpg,/nss/images/thumb-9.jpg,,,,,1,https://www.rmd.ac.in/nss/photo.html,img
https://www.rmd.ac.in/pdf/17%20GUEST%20LECTURE%20II%20YEAR.jpg,IMAGE,jpg,17 GUEST LECTURE II YEAR.jpg,/pdf/17%20GUEST%20LECTURE%20II%20YEAR.jpg,,,,,1,https://www.rmd.ac.in/newsevents.html,a
https://www.rmd.ac.in/pdf/1703345360461.jpg,IMAGE,jpg,1703345360461.jpg,/pdf/1703345360461.jpg,,,,,1,https://www.rmd.ac.in/,a
https://www.rmd.ac.in/pdf/21AM702%20-%20COMPUTER%20VISION.jpg,IMAGE,jpg,21AM702 - COMPUTER VISION.jpg,/pdf/21AM702%20-%20COMPUTER%20VISION.jpg,,,,,1,https://www.rmd.ac.in/newsevents.html,a
https://www.rmd.ac.in/pdf/22CS005.jpeg,IMAGE,jpeg,22CS005.jpeg,/pdf/22CS005.jpeg,,,,,1,https://www.rmd.ac.in/newsevents.html,a
https://www.rmd.ac.in/pdf/22CS918.jpeg,IMAGE,jpeg,22CS918.jpeg,/pdf/22CS918.jpeg,,,,,1,https://www.rmd.ac.in/newsevents.html,a
https://www.rmd.ac.in/pdf/31.8.24%20Baskar%203rd%20yr%20GL%20FN.jpg,IMAGE,jpg,31.8.24 Baskar 3rd yr GL FN.jpg,/pdf/31.8.24%20Baskar%203rd%20yr%20GL%20FN.jpg,,,,,1,https://www.rmd.ac.in/newsevents.html,a
https://www.rmd.ac.in/pdf/31.8.24%20anandh%203rd%20yr%20GL%20AN.jpg,IMAGE,jpg,31.8.24 anandh 3rd yr GL AN.jpg,/pdf/31.8.24%20anandh%203rd%20yr%20GL%20AN.jpg,,,,,1,https://www.rmd.ac.in/newsevents.html,a
https://www.rmd.ac.in/pdf/DST-SERB_17_11_23.JPG,IMAGE,jpg,DST-SERB_17_11_23.JPG,/pdf/DST-SERB_17_11_23.JPG,,,,,1,https://www.rmd.ac.in/,a
https://www.rmd.ac.in/pdf/DST-SERB_18_11_23.jpeg,IMAGE,jpeg,DST-SERB_18_11_23.jpeg,/pdf/DST-SERB_18_11_23.jpeg,,,,,1,https://www.rmd.ac.in/,a
https://www.rmd.ac.in/pdf/Embedded%20Systems-An%20Industry%20Perspective.jpeg,IMAGE,jpeg,Embedded Systems-An Industry Perspective.jpeg,/pdf/Embedded%20Systems-An%20Industry%20Perspective.jpeg,,,,,1,https://www.rmd.ac.in/newsevents.html,a
https://www.rmd.ac.in/pdf/FDP%20AIML%20ODD%20SEM%2030-05-24.jpg,IMAGE,jpg,FDP AIML ODD SEM 30-05-24.jpg,/pdf/FDP%20AIML%20ODD%20SEM%2030-05-24.jpg,,,,,1,https://www.rmd.ac.in/newsevents.html,a
"https://www.rmd.ac.in/pdf/FPGA%20ARCHITECTURE%20JULY%2011,24.jpeg",IMAGE,jpeg,"FPGA ARCHITECTURE JULY 11,24.jpeg","/pdf/FPGA%20ARCHITECTURE%20JULY%2011,24.jpeg",,,,,1,https://www.rmd.ac.in/newsevents.html,a
https://www.rmd.ac.in/pdf/GL%20ODD%20SEM%2024-25%20II%20year%20DAA.jpg,IMAGE,jpg,GL ODD SEM 24-25 II year DAA.jpg,/pdf/GL%20ODD%20SEM%2024-25%20II%20year%20DAA.jpg,,,,,1,https://www.rmd.ac.in/newsevents.html,a
https://www.rmd.ac.in/pdf/GL%20ODD%20SEM%2024-25%20II%20year.jpg,IMAGE,jpg,GL ODD SEM 24-25 II year.jpg,/pdf/GL%20ODD%20SEM%2024-25%20II%20year.jpg,,,,,1,https://www.rmd.ac.in/newsevents.html,a
https://www.rmd.ac.in/pdf/GL%20ODD%20SEM%2024-25%20IV%20year%20cloud.jpg,IMAGE,jpg,GL ODD SEM 24-25 IV year cloud.jpg,/pdf/GL%20ODD%20SEM%2024-25%20IV%20year%20cloud.jpg,,,,,1,https://www.rmd.ac.in/newsevents.html,a
https://www.rmd.ac.in/pdf/GL_03_08_2024.jpg,IMAGE,jpg,GL_03_08_2024.jpg,/pdf/GL_03_08_2024.jpg,,,,,1,https://www.rmd.ac.in/newsevents.html,a
https://www.rmd.ac.in/pdf/Guest%20Lecture%2010-02-24%20II%20year%20AIML.jpg,IMAGE,jpg,Guest Lecture 10-02-24 II year AIML.jpg,/pdf/Guest%20Lecture%2010-02-24%20II%20year%20AIML.jpg,,,,,1,https://www.rmd.ac.in/newsevents.html,a
https://www.rmd.ac.in/pdf/Guest%20Lecture%2010-02-24%20III%20year%20AIML.jpg,IMAGE,jpg,Guest Lecture 10-02-24 III year AIML.jpg,/pdf/Guest%20Lecture%2010-02-24%20III%20year%20AIML.jpg,,,,,1,https://www.rmd.ac.in/newsevents.html,a
https://www.rmd.ac.in/pdf/Guest%20Lecture%20on%2009-02-24.jpg,IMAGE,jpg,Guest Lecture on 09-02-24.jpg,/pdf/Guest%20Lecture%20on%2009-02-24.jpg,,,,,1,https://www.rmd.ac.in/newsevents.html,a
https://www.rmd.ac.in/pdf/Guest%20lecture%2003-02-2024%20even%2023-24%20POSTER.jpg,IMAGE,jpg,Guest lecture 03-02-2024 even 23-24 POSTER.jpg,/pdf/Guest%20lecture%2003-02-2024%20even%2023-24%20POSTER.jpg,,,,,1,https://www.rmd.ac.in/newsevents.html,a
https://www.rmd.ac.in/pdf/Guest%20lecture%20II%20year%20ECE.jpeg,IMAGE,jpeg,Guest lecture II year ECE.jpeg,/pdf/Guest%20lecture%20II%20year%20ECE.jpeg,,,,,1,https://www.rmd.ac.in/newsevents.html,a
https://www.rmd.ac.in/pdf/ICC_18_11_23.jpeg,IMAGE,jpeg,ICC_18_11_23.jpeg,/pdf/ICC_18_11_23.jpeg,,,,,1,https://www.rmd.ac.in/,a
https://www.rmd.ac.in/pdf/IMG-20240405-WA0041.jpg,IMAGE,jpg,IMG-20240405-WA0041.jpg,/pdf/IMG-20240405-WA0041.jpg,,,,,1,https://www.rmd.ac.in/newsevents.html,a
https://www.rmd.ac.in/pdf/IMG-20240810-WA0000.jpg,IMAGE,jpg,IMG-20240810-WA0000.jpg,/pdf/IMG-20240810-WA0000.jpg,,,,,1,https://www.rmd.ac.in/newsevents.html,a
https://www.rmd.ac.in/pdf/IMG-20240813-WA0007.jpg,IMAGE,jpg,IMG-20240813-WA0007.jpg,/pdf/IMG-20240813-WA0007.jpg,,,,,1,https://www.rmd.ac.in/newsevents.html,a
https://www.rmd.ac.in/pdf/IMG-20240816-WA0001.jpg,IMAGE,jpg,IMG-20240816-WA0001.jpg,/pdf/IMG-20240816-WA0001.jpg,,,,,1,https://www.rmd.ac.in/newsevents.html,a
https://www.rmd.ac.in/pdf/IMG-20250212-WA0043.jpg,IMAGE,jpg,IMG-20250212-WA0043.jpg,/pdf/IMG-20250212-WA0043.jpg,,,,,1,https://www.rmd.ac.in/,a
https://www.rmd.ac.in/pdf/ISTE_BNY_FDP_FUND_RMD_ECE.png,IMAGE,png,ISTE_BNY_FDP_FUND_RMD_ECE.png,/pdf/ISTE_BNY_FDP_FUND_RMD_ECE.png,,,,,1,https://www.rmd.ac.in/,a
https://www.rmd.ac.in/pdf/Innovation%20Challenge.jpg,IMAGE,jpg,Innovation Challenge.jpg,/pdf/Innovation%20Challenge.jpg,,,,,1,https://www.rmd.ac.in/newsevents.html,a
https://www.rmd.ac.in/pdf/Intangible%20Innovation%20Technical%20Debate.jpeg,IMAGE,jpeg,Intangible Innovation Technical Debate.jpeg,/pdf/Intangible%20Innovation%20Technical%20Debate.jpeg,,,,,1,https://www.rmd.ac.in/newsevents.html,a
https://www.rmd.ac.in/pdf/Mou_18_04_2024.jpeg,IMAGE,jpeg,Mou_18_04_2024.jpeg,/pdf/Mou_18_04_2024.jpeg,,,,,1,https://www.rmd.ac.in/newsevents.html,a
https://www.rmd.ac.in/pdf/PROFESSIONAL%20ETHICS%2012%20JULY%2024.jpeg,IMAGE,jpeg,PROFESSIONAL ETHICS 12 JULY 24.jpeg,/pdf/PROFESSIONAL%20ETHICS%2012%20JULY%2024.jpeg,,,,,1,https://www.rmd.ac.in/newsevents.html,a
https://www.rmd.ac.in/pdf/Poster_%20Making.jpeg,IMAGE,jpeg,Poster_ Making.jpeg,/pdf/Poster_%20Making.jpeg,,,,,1,https://www.rmd.ac.in/newsevents.html,a
https://www.rmd.ac.in/pdf/RMDEC%20CSBS%20GL%2020.8.2024.png,IMAGE,png,RMDEC CSBS GL 20.8.2024.png,/pdf/RMDEC%20CSBS%20GL%2020.8.2024.png,,,,,1,https://www.rmd.ac.in/newsevents.html,a
"https://www.rmd.ac.in/pdf/RTL%20DESIGN%20WITH%20VERILOG%20FDP%20JULY%2012,%2024.jpeg",IMAGE,jpeg,"RTL DESIGN WITH VERILOG FDP JULY 12, 24.jpeg","/pdf/RTL%20DESIGN%20WITH%20VERILOG%20FDP%20JULY%2012,%2024.jpeg",,,,,1,https://www.rmd.ac.in/newsevents.html,a
"https://www.rmd.ac.in/pdf/SENSORS%20AND%20ACTUATORS%20JULY%2013,%2024.jpeg",IMAGE,jpeg,"SENSORS AND ACTUATORS JULY 13, 24.jpeg","/pdf/SENSORS%20AND%20ACTUATORS%20JULY%2013,%2024.jpeg",,,,,1,https://www.rmd.ac.in/newsevents.html,a
https://www.rmd.ac.in/pdf/Student%20Achievement.png,IMAGE,png,Student Achievement.png,/pdf/Student%20Achievement.png,,,,,1,https://www.rmd.ac.in/,a
https://www.rmd.ac.in/pdf/WhatsApp%20Image%202024-04-12.jpeg,IMAGE,jpeg,WhatsApp Image 2024-04-12.jpeg,/pdf/WhatsApp%20Image%202024-04-12.jpeg,,,,,1,https://www.rmd.ac.in/newsevents.html,a
https://www.rmd.ac.in/pdf/WhatsApp%20Image%202024-09-22%20at%201.18.12%20PM.jpeg,IMAGE,jpeg,WhatsApp Image 2024-09-22 at 1.18.12 PM.jpeg,/pdf/WhatsApp%20Image%202024-09-22%20at%201.18.12%20PM.jpeg,,,,,1,https://www.rmd.ac.in/newsevents.html,a
https://www.rmd.ac.in/pdf/ftp2024-08-20.jpeg,IMAGE,jpeg,ftp2024-08-20.jpeg,/pdf/ftp2024-08-20.jpeg,,,,,1,https://www.rmd.ac.in/newsevents.html,a
https://www.rmd.ac.in/pdf/project_expo_2024.jpeg,IMAGE,jpeg,project_expo_2024.jpeg,/pdf/project_expo_2024.jpeg,,,,,1,https://www.rmd.ac.in/newsevents.html,a
https://www.rmd.ac.in/pdf/upsc_topper.jpeg,IMAGE,jpeg,upsc_topper.jpeg,/pdf/upsc_topper.jpeg,,,,,1,https://www.rmd.ac.in/,a
https://www.rmd.ac.in/placement/images/AGALYA.jpeg,IMAGE,jpeg,AGALYA.jpeg,/placement/images/AGALYA.jpeg,,,,,1,https://www.rmd.ac.in/placement/placement.html,img
https://www.rmd.ac.in/placement/images/Alekhya.jpg,IMAGE,jpg,Alekhya.jpg,/placement/images/Alekhya.jpg,,,,,1,https://www.rmd.ac.in/placement/crc.html,img
https://www.rmd.ac.in/placement/images/Anitha.jpg,IMAGE,jpg,Anitha.jpg,/placement/images/Anitha.jpg,,,,,1,https://www.rmd.ac.in/placement/crc.html,img
https://www.rmd.ac.in/placement/images/Bharathi.jpg,IMAGE,jpg,Bharathi.jpg,/placement/images/Bharathi.jpg,,,,,1,https://www.rmd.ac.in/placement/pc.html,img
https://www.rmd.ac.in/placement/images/Chart9.png,IMAGE,png,Chart9.png,/placement/images/Chart9.png,,,,,1,https://www.rmd.ac.in/placement/ps.html,img
https://www.rmd.ac.in/placement/images/GOKUL.jpg,IMAGE,jpg,GOKUL.jpg,/placement/images/GOKUL.jpg,,,,,1,https://www.rmd.ac.in/placement/placement.html,img
https://www.rmd.ac.in/placement/images/Muthuvairavan.png,IMAGE,png,Muthuvairavan.png,/placement/images/Muthuvairavan.png,,,,,1,https://www.rmd.ac.in/placement/pc.html,img
https://www.rmd.ac.in/placement/images/Nagabalan.jpg,IMAGE,jpg,Nagabalan.jpg,/placement/images/Nagabalan.jpg,,,,,1,https://www.rmd.ac.in/placement/crc.html,img
https://www.rmd.ac.in/placement/images/Rahul.jpeg,IMAGE,jpeg,Rahul.jpeg,/placement/images/Rahul.jpeg,,,,,2,https://www.rmd.ac.in/placement/pd.html,img
https://www.rmd.ac.in/placement/images/SH.jpg,IMAGE,jpg,SH.jpg,/placement/images/SH.jpg,,,,,1,https://www.rmd.ac.in/placement/pc.html,img
https://www.rmd.ac.in/placement/images/SIBIKANNA.jpeg,IMAGE,jpeg,SIBIKANNA.jpeg,/placement/images/SIBIKANNA.jpeg,,,,,1,https://www.rmd.ac.in/placement/placement.html,img
https://www.rmd.ac.in/placement/images/Saravanan.jpg,IMAGE,jpg,Saravanan.jpg,/placement/images/Saravanan.jpg,,,,,1,https://www.rmd.ac.in/placement/crc.html,img
https://www.rmd.ac.in/placement/images/Sathish.jpg,IMAGE,jpg,Sathish.jpg,/placement/images/Sathish.jpg,,,,,1,https://www.rmd.ac.in/placement/pc.html,img
https://www.rmd.ac.in/placement/images/VELMURUGAN.png,IMAGE,png,VELMURUGAN.png,/placement/images/VELMURUGAN.png,,,,,1,https://www.rmd.ac.in/placement/pc.html,img
https://www.rmd.ac.in/placement/images/begum.jpg,IMAGE,jpg,begum.jpg,/placement/images/begum.jpg,,,,,1,https://www.rmd.ac.in/placement/crc.html,img
https://www.rmd.ac.in/placement/images/chraisteo.jpg,IMAGE,jpg,chraisteo.jpg,/placement/images/chraisteo.jpg,,,,,2,https://www.rmd.ac.in/placement/pd.html,img
https://www.rmd.ac.in/placement/images/emc.jpg,IMAGE,jpg,emc.jpg,/placement/images/emc.jpg,,,,,1,https://www.rmd.ac.in/placement/ic.html,img
https://www.rmd.ac.in/placement/images/guest/1.jpg,IMAGE,jpg,1.jpg,/placement/images/guest/1.jpg,,,,,1,https://www.rmd.ac.in/placement/guests.html,img
https://www.rmd.ac.in/placement/images/guest/10.jpg,IMAGE,jpg,10.jpg,/placement/images/guest/10.jpg,,,,,1,https://www.rmd.ac.in/placement/guests.html,img
https://www.rmd.ac.in/placement/images/guest/11.jpg,IMAGE,jpg,11.jpg,/placement/images/guest/11.jpg,,,,,1,https://www.rmd.ac.in/placement/guests.html,img
https://www.rmd.ac.in/placement/images/guest/12.jpg,IMAGE,jpg,12.jpg,/placement/images/guest/12.jpg,,,,,1,https://www.rmd.ac.in/placement/guests.html,img
https://www.rmd.ac.in/placement/images/guest/13.jpg,IMAGE,jpg,13.jpg,/placement/images/guest/13.jpg,,,,,1,https://www.rmd.ac.in/placement/guests.html,img
https://www.rmd.ac.in/placement/images/guest/14.jpg,IMAGE,jpg,14.jpg,/placement/images/guest/14.jpg,,,,,1,https://www.rmd.ac.in/placement/guests.html,img
https://www.rmd.ac.in/placement/images/guest/15.jpg,IMAGE,jpg,15.jpg,/placement/images/guest/15.jpg,,,,,1,https://www.rmd.ac.in/placement/guests.html,img
https://www.rmd.ac.in/placement/images/guest/16.jpg,IMAGE,jpg,16.jpg,/placement/images/guest/16.jpg,,,,,1,https://www.rmd.ac.in/placement/guests.html,img
https://www.rmd.ac.in/placement/images/guest/17.jpg,IMAGE,jpg,17.jpg,/placement/images/guest/17.jpg,,,,,1,https://www.rmd.ac.in/placement/guests.html,img
https://www.rmd.ac.in/placement/images/guest/18.jpg,IMAGE,jpg,18.jpg,/placement/images/guest/18.jpg,,,,,1,https://www.rmd.ac.in/placement/guests.html,img
https://www.rmd.ac.in/placement/images/guest/19.jpg,IMAGE,jpg,19.jpg,/placement/images/guest/19.jpg,,,,,1,https://www.rmd.ac.in/placement/guests.html,img
https://www.rmd.ac.in/placement/images/guest/2.jpg,IMAGE,jpg,2.jpg,/placement/images/guest/2.jpg,,,,,1,https://www.rmd.ac.in/placement/guests.html,img
https://www.rmd.ac.in/placement/images/guest/20.jpg,IMAGE,jpg,20.jpg,/placement/images/guest/20.jpg,,,,,1,https://www.rmd.ac.in/placement/guests.html,img
https://www.rmd.ac.in/placement/images/guest/21.jpg,IMAGE,jpg,21.jpg,/placement/images/guest/21.jpg,,,,,1,https://www.rmd.ac.in/placement/guests.html,img
https://www.rmd.ac.in/placement/images/guest/22.jpg,IMAGE,jpg,22.jpg,/placement/images/guest/22.jpg,,,,,1,https://www.rmd.ac.in/placement/guests.html,img
https://www.rmd.ac.in/placement/images/guest/23.jpg,IMAGE,jpg,23.jpg,/placement/images/guest/23.jpg,,,,,1,https://www.rmd.ac.in/placement/guests.html,img
https://www.rmd.ac.in/placement/images/guest/24.jpg,IMAGE,jpg,24.jpg,/placement/images/guest/24.jpg,,,,,1,https://www.rmd.ac.in/placement/guests.html,img
https://www.rmd.ac.in/placement/images/guest/25.jpg,IMAGE,jpg,25.jpg,/placement/images/guest/25.jpg,,,,,1,https://www.rmd.ac.in/placement/guests.html,img
https://www.rmd.ac.in/placement/images/guest/26.jpg,IMAGE,jpg,26.jpg,/placement/images/guest/26.jpg,,,,,1,https://www.rmd.ac.in/placement/guests.html,img
https://www.rmd.ac.in/placement/images/guest/27.jpg,IMAGE,jpg,27.jpg,/placement/images/guest/27.jpg,,,,,1,https://www.rmd.ac.in/placement/guests.html,img
https://www.rmd.ac.in/placement/images/guest/28.jpg,IMAGE,jpg,28.jpg,/placement/images/guest/28.jpg,,,,,1,https://www.rmd.ac.in/placement/guests.html,img
https://www.rmd.ac.in/placement/images/guest/29.jpg,IMAGE,jpg,29.jpg,/placement/images/guest/29.jpg,,,,,1,https://www.rmd.ac.in/placement/guests.html,img
https://www.rmd.ac.in/placement/images/guest/3.jpg,IMAGE,jpg,3.jpg,/placement/images/guest/3.jpg,,,,,1,https://www.rmd.ac.in/placement/guests.html,img
https://www.rmd.ac.in/placement/images/guest/30.jpg,IMAGE,jpg,30.jpg,/placement/images/guest/30.jpg,,,,,1,https://www.rmd.ac.in/placement/guests.html,img
https://www.rmd.ac.in/placement/images/guest/31.jpg,IMAGE,jpg,31.jpg,/placement/images/guest/31.jpg,,,,,1,https://www.rmd.ac.in/placement/guests.html,img
https://www.rmd.ac.in/placement/images/guest/32.jpg,IMAGE,jpg,32.jpg,/placement/images/guest/32.jpg,,,,,1,https://www.rmd.ac.in/placement/guests.html,img
https://www.rmd.ac.in/placement/images/guest/33.jpg,IMAGE,jpg,33.jpg,/placement/images/guest/33.jpg,,,,,1,https://www.rmd.ac.in/placement/guests.html,img
https://www.rmd.ac.in/placement/images/guest/34.jpg,IMAGE,jpg,34.jpg,/placement/images/guest/34.jpg,,,,,1,https://www.rmd.ac.in/placement/guests.html,img
https://www.rmd.ac.in/placement/images/guest/35.jpg,IMAGE,jpg,35.jpg,/placement/images/guest/35.jpg,,,,,1,https://www.rmd.ac.in/placement/guests.html,img
https://www.rmd.ac.in/placement/images/guest/36.jpg,IMAGE,jpg,36.jpg,/placement/images/guest/36.jpg,,,,,1,https://www.rmd.ac.in/placement/guests.html,img
https://www.rmd.ac.in/placement/images/guest/37.jpg,IMAGE,jpg,37.jpg,/placement/images/guest/37.jpg,,,,,1,https://www.rmd.ac.in/placement/guests.html,img
https://www.rmd.ac.in/placement/images/guest/38.jpg,IMAGE,jpg,38.jpg,/placement/images/guest/38.jpg,,,,,1,https://www.rmd.ac.in/placement/guests.html,img
https://www.rmd.ac.in/placement/images/guest/39.jpg,IMAGE,jpg,39.jpg,/placement/images/guest/39.jpg,,,,,1,https://www.rmd.ac.in/placement/guests.html,img
https://www.rmd.ac.in/placement/images/guest/4.jpg,IMAGE,jpg,4.jpg,/placement/images/guest/4.jpg,,,,,1,https://www.rmd.ac.in/placement/guests.html,img
https://www.rmd.ac.in/placement/images/guest/40.jpg,IMAGE,jpg,40.jpg,/placement/images/guest/40.jpg,,,,,1,https://www.rmd.ac.in/placement/guests.html,img
https://www.rmd.ac.in/placement/images/guest/41.jpg,IMAGE,jpg,41.jpg,/placement/images/guest/41.jpg,,,,,1,https://www.rmd.ac.in/placement/guests.html,img
https://www.rmd.ac.in/placement/images/guest/42.jpg,IMAGE,jpg,42.jpg,/placement/images/guest/42.jpg,,,,,1,https://www.rmd.ac.in/placement/guests.html,img
https://www.rmd.ac.in/placement/images/guest/43.jpg,IMAGE,jpg,43.jpg,/placement/images/guest/43.jpg,,,,,1,https://www.rmd.ac.in/placement/guests.html,img
https://www.rmd.ac.in/placement/images/guest/44.jpg,IMAGE,jpg,44.jpg,/placement/images/guest/44.jpg,,,,,1,https://www.rmd.ac.in/placement/guests.html,img
https://www.rmd.ac.in/placement/images/guest/45.jpg,IMAGE,jpg,45.jpg,/placement/images/guest/45.jpg,,,,,1,https://www.rmd.ac.in/placement/guests.html,img
https://www.rmd.ac.in/placement/images/guest/46.jpg,IMAGE,jpg,46.jpg,/placement/images/guest/46.jpg,,,,,1,https://www.rmd.ac.in/placement/guests.html,img
https://www.rmd.ac.in/placement/images/guest/47.jpg,IMAGE,jpg,47.jpg,/placement/images/guest/47.jpg,,,,,1,https://www.rmd.ac.in/placement/guests.html,img
https://www.rmd.ac.in/placement/images/guest/48.jpg,IMAGE,jpg,48.jpg,/placement/images/guest/48.jpg,,,,,1,https://www.rmd.ac.in/placement/guests.html,img
https://www.rmd.ac.in/placement/images/guest/5.jpg,IMAGE,jpg,5.jpg,/placement/images/guest/5.jpg,,,,,1,https://www.rmd.ac.in/placement/guests.html,img
https://www.rmd.ac.in/placement/images/guest/6.jpg,IMAGE,jpg,6.jpg,/placement/images/guest/6.jpg,,,,,1,https://www.rmd.ac.in/placement/guests.html,img
https://www.rmd.ac.in/placement/images/guest/7.jpg,IMAGE,jpg,7.jpg,/placement/images/guest/7.jpg,,,,,1,https://www.rmd.ac.in/placement/guests.html,img
https://www.rmd.ac.in/placement/images/guest/8.jpg,IMAGE,jpg,8.jpg,/placement/images/guest/8.jpg,,,,,1,https://www.rmd.ac.in/placement/guests.html,img
https://www.rmd.ac.in/placement/images/guest/9.jpg,IMAGE,jpg,9.jpg,/placement/images/guest/9.jpg,,,,,1,https://www.rmd.ac.in/placement/guests.html,img
https://www.rmd.ac.in/placement/images/lights.jpg,IMAGE,jpg,lights.jpg,/placement/images/lights.jpg,,,,,1,https://www.rmd.ac.in/placement/placement.html,img
https://www.rmd.ac.in/placement/images/srinivasan.jpg,IMAGE,jpg,srinivasan.jpg,/placement/images/srinivasan.jpg,,,,,1,https://www.rmd.ac.in/placement/crc.html,img
https://www.rmd.ac.in/rendezvous24/Rushhour.jpg,IMAGE,jpg,Rushhour.jpg,/rendezvous24/Rushhour.jpg,,,,,1,https://www.rmd.ac.in/rendezvous24/events.html,img
https://www.rmd.ac.in/rendezvous24/assets/img/Header.jpg,IMAGE,jpg,Header.jpg,/rendezvous24/assets/img/Header.jpg,,,,,6,https://www.rmd.ac.in/rendezvous24/,icon
https://www.rmd.ac.in/rendezvous24/check.png,IMAGE,png,check.png,/rendezvous24/check.png,,,,,1,https://www.rmd.ac.in/rendezvous24/rules.html,img
https://www.rmd.ac.in/rendezvous24/decrypt.jpg,IMAGE,jpg,decrypt.jpg,/rendezvous24/decrypt.jpg,,,,,1,https://www.rmd.ac.in/rendezvous24/events.html,img
https://www.rmd.ac.in/rendezvous24/jigsawimg.jpg,IMAGE,jpg,jigsawimg.jpg,/rendezvous24/jigsawimg.jpg,,,,,1,https://www.rmd.ac.in/rendezvous24/events.html,img
https://www.rmd.ac.in/rendezvous24/logo.png,IMAGE,png,logo.png,/rendezvous24/logo.png,,,,,6,https://www.rmd.ac.in/rendezvous24/,img
https://www.rmd.ac.in/rendezvous24/paper.jpg,IMAGE,jpg,paper.jpg,/rendezvous24/paper.jpg,,,,,1,https://www.rmd.ac.in/rendezvous24/events.html,img
https://www.rmd.ac.in/rendezvous24/poster.jpg,IMAGE,jpg,poster.jpg,/rendezvous24/poster.jpg,,,,,1,https://www.rmd.ac.in/rendezvous24/,img
https://www.rmd.ac.in/rendezvous24/sherlock.jpg,IMAGE,jpg,sherlock.jpg,/rendezvous24/sherlock.jpg,,,,,1,https://www.rmd.ac.in/rendezvous24/events.html,img
https://www.rmd.ac.in/rendezvous24/tech_book.jpg,IMAGE,jpg,tech_book.jpg,/rendezvous24/tech_book.jpg,,,,,1,https://www.rmd.ac.in/rendezvous24/events.html,img
https://www.rmd.ac.in/research/images/1.png,IMAGE,png,1.png,/research/images/1.png,,,,,1,https://www.rmd.ac.in/research/research_team.html,img
https://www.rmd.ac.in/research/images/2.png,IMAGE,png,2.png,/research/images/2.png,,,,,1,https://www.rmd.ac.in/research/research_team.html,img
https://www.rmd.ac.in/research/images/3.png,IMAGE,png,3.png,/research/images/3.png,,,,,1,https://www.rmd.ac.in/research/research_team.html,img
https://www.rmd.ac.in/research/images/4.png,IMAGE,png,4.png,/research/images/4.png,,,,,1,https://www.rmd.ac.in/research/research_team.html,img
https://www.rmd.ac.in/research/images/5.png,IMAGE,png,5.png,/research/images/5.png,,,,,1,https://www.rmd.ac.in/research/research_team.html,img
https://www.rmd.ac.in/research/images/Dr.%20R.%20Priya.jpg,IMAGE,jpg,Dr. R. Priya.jpg,/research/images/Dr.%20R.%20Priya.jpg,,,,,1,https://www.rmd.ac.in/research/contact.html,img
https://www.rmd.ac.in/research/images/h-index-3.png,IMAGE,png,h-index-3.png,/research/images/h-index-3.png,,,,,1,https://www.rmd.ac.in/research/research.html,img
https://www.rmd.ac.in/research/images/test1.png,IMAGE,png,test1.png,/research/images/test1.png,,,,,1,https://www.rmd.ac.in/research/research.html,img
https://www.rmd.ac.in/research/images/test2.png,IMAGE,png,test2.png,/research/images/test2.png,,,,,1,https://www.rmd.ac.in/research/research.html,img
https://www.rmd.ac.in/research/images/view.jpg,IMAGE,jpg,view.jpg,/research/images/view.jpg,,,,,2,https://www.rmd.ac.in/research/Patent_Grand.html,img
https://www.rmd.ac.in/rmdec_ieee_student_branch/college_logo.png,IMAGE,png,college_logo.png,/rmdec_ieee_student_branch/college_logo.png,,,,,1,https://www.rmd.ac.in/rmdec_ieee_student_branch/,img
https://www.rmd.ac.in/sankeethika2k24/2-1600.jpg,IMAGE,jpg,2-1600.jpg,/sankeethika2k24/2-1600.jpg,,,,,1,https://www.rmd.ac.in/sankeethika2k24/,img
https://www.rmd.ac.in/sankeethika2k24/banner.png,IMAGE,png,banner.png,/sankeethika2k24/banner.png,,,,,1,https://www.rmd.ac.in/sankeethika2k24/poster.html,"a,img"
https://www.rmd.ac.in/sankeethika2k24/s.jpg,IMAGE,jpg,s.jpg,/sankeethika2k24/s.jpg,,,,,1,https://www.rmd.ac.in/sankeethika2k24/,icon
https://www.rmd.ac.in/sports/images/1-1600.jpg,IMAGE,jpg,1-1600.jpg,/sports/images/1-1600.jpg,,,,,1,https://www.rmd.ac.in/sports/photo.html,data-attr
https://www.rmd.ac.in/sports/images/10-1600.jpg,IMAGE,jpg,10-1600.jpg,/sports/images/10-1600.jpg,,,,,1,https://www.rmd.ac.in/sports/photo.html,data-attr
https://www.rmd.ac.in/sports/images/10.png,IMAGE,png,10.png,/sports/images/10.png,,,,,1,https://www.rmd.ac.in/sports/events.html,img
https://www.rmd.ac.in/sports/images/11-1600.jpg,IMAGE,jpg,11-1600.jpg,/sports/images/11-1600.jpg,,,,,1,https://www.rmd.ac.in/sports/photo.html,data-attr
https://www.rmd.ac.in/sports/images/11.JPG,IMAGE,jpg,11.JPG,/sports/images/11.JPG,,,,,1,https://www.rmd.ac.in/sports/events.html,img
https://www.rmd.ac.in/sports/images/12-1600.jpg,IMAGE,jpg,12-1600.jpg,/sports/images/12-1600.jpg,,,,,1,https://www.rmd.ac.in/sports/photo.html,data-attr
https://www.rmd.ac.in/sports/images/12.JPG,IMAGE,jpg,12.JPG,/sports/images/12.JPG,,,,,1,https://www.rmd.ac.in/sports/events.html,img
https://www.rmd.ac.in/sports/images/13-1600.jpg,IMAGE,jpg,13-1600.jpg,/sports/images/13-1600.jpg,,,,,1,https://www.rmd.ac.in/sports/photo.html,data-attr
https://www.rmd.ac.in/sports/images/13.JPG,IMAGE,jpg,13.JPG,/sports/images/13.JPG,,,,,1,https://www.rmd.ac.in/sports/events.html,img
https://www.rmd.ac.in/sports/images/14-1600.jpg,IMAGE,jpg,14-1600.jpg,/sports/images/14-1600.jpg,,,,,1,https://www.rmd.ac.in/sports/photo.html,data-attr
https://www.rmd.ac.in/sports/images/14.JPG,IMAGE,jpg,14.JPG,/sports/images/14.JPG,,,,,1,https://www.rmd.ac.in/sports/,img
https://www.rmd.ac.in/sports/images/15-1600.jpg,IMAGE,jpg,15-1600.jpg,/sports/images/15-1600.jpg,,,,,1,https://www.rmd.ac.in/sports/photo.html,data-attr
https://www.rmd.ac.in/sports/images/15.JPG,IMAGE,jpg,15.JPG,/sports/images/15.JPG,,,,,1,https://www.rmd.ac.in/sports/,img
https://www.rmd.ac.in/sports/images/16-1600.jpg,IMAGE,jpg,16-1600.jpg,/sports/images/16-1600.jpg,,,,,1,https://www.rmd.ac.in/sports/photo.html,data-attr
https://www.rmd.ac.in/sports/images/16.JPG,IMAGE,jpg,16.JPG,/sports/images/16.JPG,,,,,1,https://www.rmd.ac.in/sports/,img
https://www.rmd.ac.in/sports/images/17-1600.jpg,IMAGE,jpg,17-1600.jpg,/sports/images/17-1600.jpg,,,,,1,https://www.rmd.ac.in/sports/photo.html,data-attr
https://www.rmd.ac.in/sports/images/17.JPG,IMAGE,jpg,17.JPG,/sports/images/17.JPG,,,,,1,https://www.rmd.ac.in/sports/,img
https://www.rmd.ac.in/sports/images/18-1600.jpg,IMAGE,jpg,18-1600.jpg,/sports/images/18-1600.jpg,,,,,1,https://www.rmd.ac.in/sports/photo.html,data-attr
https://www.rmd.ac.in/sports/images/19-1600.jpg,IMAGE,jpg,19-1600.jpg,/sports/images/19-1600.jpg,,,,,1,https://www.rmd.ac.in/sports/photo.html,data-attr
https://www.rmd.ac.in/sports/images/19.JPG,IMAGE,jpg,19.JPG,/sports/images/19.JPG,,,,,1,https://www.rmd.ac.in/sports/,img
https://www.rmd.ac.in/sports/images/2-1600.jpg,IMAGE,jpg,2-1600.jpg,/sports/images/2-1600.jpg,,,,,1,https://www.rmd.ac.in/sports/photo.html,data-attr
https://www.rmd.ac.in/sports/images/20-1600.jpg,IMAGE,jpg,20-1600.jpg,/sports/images/20-1600.jpg,,,,,1,https://www.rmd.ac.in/sports/photo.html,data-attr
https://www.rmd.ac.in/sports/images/20.JPG,IMAGE,jpg,20.JPG,/sports/images/20.JPG,,,,,1,https://www.rmd.ac.in/sports/,img
https://www.rmd.ac.in/sports/images/21-1600.jpg,IMAGE,jpg,21-1600.jpg,/sports/images/21-1600.jpg,,,,,1,https://www.rmd.ac.in/sports/photo.html,data-attr
https://www.rmd.ac.in/sports/images/22-1600.jpg,IMAGE,jpg,22-1600.jpg,/sports/images/22-1600.jpg,,,,,1,https://www.rmd.ac.in/sports/photo.html,data-attr
https://www.rmd.ac.in/sports/images/22.JPG,IMAGE,jpg,22.JPG,/sports/images/22.JPG,,,,,1,https://www.rmd.ac.in/sports/,img
https://www.rmd.ac.in/sports/images/23-1600.jpg,IMAGE,jpg,23-1600.jpg,/sports/images/23-1600.jpg,,,,,1,https://www.rmd.ac.in/sports/photo.html,data-attr
https://www.rmd.ac.in/sports/images/23.JPG,IMAGE,jpg,23.JPG,/sports/images/23.JPG,,,,,1,https://www.rmd.ac.in/sports/,img
https://www.rmd.ac.in/sports/images/24-1600.jpg,IMAGE,jpg,24-1600.jpg,/sports/images/24-1600.jpg,,,,,1,https://www.rmd.ac.in/sports/photo.html,data-attr
https://www.rmd.ac.in/sports/images/25-1600.jpg,IMAGE,jpg,25-1600.jpg,/sports/images/25-1600.jpg,,,,,1,https://www.rmd.ac.in/sports/photo.html,data-attr
https://www.rmd.ac.in/sports/images/26-1600.jpg,IMAGE,jpg,26-1600.jpg,/sports/images/26-1600.jpg,,,,,1,https://www.rmd.ac.in/sports/photo.html,data-attr
https://www.rmd.ac.in/sports/images/27-1600.jpg,IMAGE,jpg,27-1600.jpg,/sports/images/27-1600.jpg,,,,,1,https://www.rmd.ac.in/sports/photo.html,data-attr
https://www.rmd.ac.in/sports/images/28-1600.jpg,IMAGE,jpg,28-1600.jpg,/sports/images/28-1600.jpg,,,,,1,https://www.rmd.ac.in/sports/photo.html,data-attr
https://www.rmd.ac.in/sports/images/29-1600.jpg,IMAGE,jpg,29-1600.jpg,/sports/images/29-1600.jpg,,,,,1,https://www.rmd.ac.in/sports/photo.html,data-attr
https://www.rmd.ac.in/sports/images/3-1600.png,IMAGE,png,3-1600.png,/sports/images/3-1600.png,,,,,1,https://www.rmd.ac.in/sports/photo.html,data-attr
https://www.rmd.ac.in/sports/images/30-1600.jpg,IMAGE,jpg,30-1600.jpg,/sports/images/30-1600.jpg,,,,,1,https://www.rmd.ac.in/sports/photo.html,data-attr
https://www.rmd.ac.in/sports/images/4-1600.png,IMAGE,png,4-1600.png,/sports/images/4-1600.png,,,,,1,https://www.rmd.ac.in/sports/photo.html,data-attr
https://www.rmd.ac.in/sports/images/5-1600.jpg,IMAGE,jpg,5-1600.jpg,/sports/images/5-1600.jpg,,,,,1,https://www.rmd.ac.in/sports/photo.html,data-attr
https://www.rmd.ac.in/sports/images/5.JPG,IMAGE,jpg,5.JPG,/sports/images/5.JPG,,,,,1,https://www.rmd.ac.in/sports/events.html,img
https://www.rmd.ac.in/sports/images/6-1600.jpg,IMAGE,jpg,6-1600.jpg,/sports/images/6-1600.jpg,,,,,1,https://www.rmd.ac.in/sports/photo.html,data-attr
https://www.rmd.ac.in/sports/images/6.JPG,IMAGE,jpg,6.JPG,/sports/images/6.JPG,,,,,1,https://www.rmd.ac.in/sports/events.html,img
https://www.rmd.ac.in/sports/images/7-1600.png,IMAGE,png,7-1600.png,/sports/images/7-1600.png,,,,,1,https://www.rmd.ac.in/sports/photo.html,data-attr
https://www.rmd.ac.in/sports/images/7.JPG,IMAGE,jpg,7.JPG,/sports/images/7.JPG,,,,,1,https://www.rmd.ac.in/sports/events.html,img
https://www.rmd.ac.in/sports/images/74.JPG,IMAGE,jpg,74.JPG,/sports/images/74.JPG,,,,,2,https://www.rmd.ac.in/sports/awards.html,img
https://www.rmd.ac.in/sports/images/75.JPG,IMAGE,jpg,75.JPG,/sports/images/75.JPG,,,,,2,https://www.rmd.ac.in/sports/awards.html,img
https://www.rmd.ac.in/sports/images/76.JPG,IMAGE,jpg,76.JPG,/sports/images/76.JPG,,,,,2,https://www.rmd.ac.in/sports/awards.html,img
https://www.rmd.ac.in/sports/images/77.JPG,IMAGE,jpg,77.JPG,/sports/images/77.JPG,,,,,2,https://www.rmd.ac.in/sports/awards.html,img
https://www.rmd.ac.in/sports/images/78.JPG,IMAGE,jpg,78.JPG,/sports/images/78.JPG,,,,,2,https://www.rmd.ac.in/sports/awards.html,img
https://www.rmd.ac.in/sports/images/79.JPG,IMAGE,jpg,79.JPG,/sports/images/79.JPG,,,,,2,https://www.rmd.ac.in/sports/awards.html,img
https://www.rmd.ac.in/sports/images/8-1600.jpg,IMAGE,jpg,8-1600.jpg,/sports/images/8-1600.jpg,,,,,1,https://www.rmd.ac.in/sports/photo.html,data-attr
https://www.rmd.ac.in/sports/images/8.JPG,IMAGE,jpg,8.JPG,/sports/images/8.JPG,,,,,1,https://www.rmd.ac.in/sports/events.html,img
https://www.rmd.ac.in/sports/images/80.JPG,IMAGE,jpg,80.JPG,/sports/images/80.JPG,,,,,2,https://www.rmd.ac.in/sports/awards.html,img
https://www.rmd.ac.in/sports/images/9-1600.jpg,IMAGE,jpg,9-1600.jpg,/sports/images/9-1600.jpg,,,,,1,https://www.rmd.ac.in/sports/photo.html,data-attr
https://www.rmd.ac.in/sports/images/9.JPG,IMAGE,jpg,9.JPG,/sports/images/9.JPG,,,,,1,https://www.rmd.ac.in/sports/events.html,img
https://www.rmd.ac.in/sports/images/JEYASHREE.JPG,IMAGE,jpg,JEYASHREE.JPG,/sports/images/JEYASHREE.JPG,,,,,1,https://www.rmd.ac.in/sports/faculty.html,img
https://www.rmd.ac.in/sports/images/Objective.JPG,IMAGE,jpg,Objective.JPG,/sports/images/Objective.JPG,,,,,1,https://www.rmd.ac.in/sports/objectives.html,img
https://www.rmd.ac.in/sports/images/Year/2014-2015%202.JPG,IMAGE,jpg,2014-2015 2.JPG,/sports/images/Year/2014-2015%202.JPG,,,,,1,https://www.rmd.ac.in/sports/2014-2015.html,"data-attr,img"
https://www.rmd.ac.in/sports/images/Year/2014-2015.JPG,IMAGE,jpg,2014-2015.JPG,/sports/images/Year/2014-2015.JPG,,,,,1,https://www.rmd.ac.in/sports/2014-2015.html,"data-attr,img"
https://www.rmd.ac.in/sports/images/Year/2015-2016%202.JPG,IMAGE,jpg,2015-2016 2.JPG,/sports/images/Year/2015-2016%202.JPG,,,,,1,https://www.rmd.ac.in/sports/2015-2016.html,"data-attr,img"
https://www.rmd.ac.in/sports/images/Year/2015-2016%203.JPG,IMAGE,jpg,2015-2016 3.JPG,/sports/images/Year/2015-2016%203.JPG,,,,,1,https://www.rmd.ac.in/sports/2015-2016.html,"data-attr,img"
https://www.rmd.ac.in/sports/images/Year/2015-2016%204.JPG,IMAGE,jpg,2015-2016 4.JPG,/sports/images/Year/2015-2016%204.JPG,,,,,1,https://www.rmd.ac.in/sports/2015-2016.html,"data-attr,img"
https://www.rmd.ac.in/sports/images/Year/2015-2016.JPG,IMAGE,jpg,2015-2016.JPG,/sports/images/Year/2015-2016.JPG,,,,,1,https://www.rmd.ac.in/sports/2015-2016.html,"data-attr,img"
https://www.rmd.ac.in/sports/images/Year/2016-2017%202.JPG,IMAGE,jpg,2016-2017 2.JPG,/sports/images/Year/2016-2017%202.JPG,,,,,1,https://www.rmd.ac.in/sports/2016-2017.html,"data-attr,img"
https://www.rmd.ac.in/sports/images/Year/2016-2017%203.JPG,IMAGE,jpg,2016-2017 3.JPG,/sports/images/Year/2016-2017%203.JPG,,,,,1,https://www.rmd.ac.in/sports/2016-2017.html,"data-attr,img"
https://www.rmd.ac.in/sports/images/Year/2016-2017.JPG,IMAGE,jpg,2016-2017.JPG,/sports/images/Year/2016-2017.JPG,,,,,1,https://www.rmd.ac.in/sports/2016-2017.html,"data-attr,img"
https://www.rmd.ac.in/sports/images/Year/2017-2018%202.JPG,IMAGE,jpg,2017-2018 2.JPG,/sports/images/Year/2017-2018%202.JPG,,,,,1,https://www.rmd.ac.in/sports/2017-2018.html,"data-attr,img"
https://www.rmd.ac.in/sports/images/Year/2017-2018%203.JPG,IMAGE,jpg,2017-2018 3.JPG,/sports/images/Year/2017-2018%203.JPG,,,,,1,https://www.rmd.ac.in/sports/2017-2018.html,"data-attr,img"
https://www.rmd.ac.in/sports/images/Year/2017-2018.JPG,IMAGE,jpg,2017-2018.JPG,/sports/images/Year/2017-2018.JPG,,,,,1,https://www.rmd.ac.in/sports/2017-2018.html,"data-attr,img"
https://www.rmd.ac.in/sports/images/Year/2018-2019%202.JPG,IMAGE,jpg,2018-2019 2.JPG,/sports/images/Year/2018-2019%202.JPG,,,,,1,https://www.rmd.ac.in/sports/2018-2019.html,"data-attr,img"
https://www.rmd.ac.in/sports/images/Year/2018-2019.JPG,IMAGE,jpg,2018-2019.JPG,/sports/images/Year/2018-2019.JPG,,,,,1,https://www.rmd.ac.in/sports/2018-2019.html,"data-attr,img"
https://www.rmd.ac.in/sports/images/Year/2019-2020%202.JPG,IMAGE,jpg,2019-2020 2.JPG,/sports/images/Year/2019-2020%202.JPG,,,,,1,https://www.rmd.ac.in/sports/2019-2020.html,"data-attr,img"
https://www.rmd.ac.in/sports/images/Year/2019-2020%203.JPG,IMAGE,jpg,2019-2020 3.JPG,/sports/images/Year/2019-2020%203.JPG,,,,,1,https://www.rmd.ac.in/sports/2019-2020.html,"data-attr,img"
https://www.rmd.ac.in/sports/images/Year/2019-2020%204.JPG,IMAGE,jpg,2019-2020 4.JPG,/sports/images/Year/2019-2020%204.JPG,,,,,1,https://www.rmd.ac.in/sports/2019-2020.html,"data-attr,img"
https://www.rmd.ac.in/sports/images/Year/2019-2020.JPG,IMAGE,jpg,2019-2020.JPG,/sports/images/Year/2019-2020.JPG,,,,,1,https://www.rmd.ac.in/sports/2019-2020.html,"data-attr,img"
https://www.rmd.ac.in/sports/images/arr.gif,IMAGE,gif,arr.gif,/sports/images/arr.gif,,,,,1,https://www.rmd.ac.in/sports/objectives.html,img
https://www.rmd.ac.in/sports/images/murugesan.jpg,IMAGE,jpg,murugesan.jpg,/sports/images/murugesan.jpg,,,,,1,https://www.rmd.ac.in/sports/faculty.html,img
https://www.rmd.ac.in/sports/images/objectives.jpg,IMAGE,jpg,objectives.jpg,/sports/images/objectives.jpg,,,,,1,https://www.rmd.ac.in/sports/objectives.html,img
https://www.rmd.ac.in/sports/images/senthil.jpg,IMAGE,jpg,senthil.jpg,/sports/images/senthil.jpg,,,,,1,https://www.rmd.ac.in/sports/faculty.html,img
https://www.rmd.ac.in/sports/images/thumb-1.jpg,IMAGE,jpg,thumb-1.jpg,/sports/images/thumb-1.jpg,,,,,1,https://www.rmd.ac.in/sports/photo.html,img
https://www.rmd.ac.in/sports/images/thumb-10.jpg,IMAGE,jpg,thumb-10.jpg,/sports/images/thumb-10.jpg,,,,,1,https://www.rmd.ac.in/sports/photo.html,img
https://www.rmd.ac.in/sports/images/thumb-11.jpg,IMAGE,jpg,thumb-11.jpg,/sports/images/thumb-11.jpg,,,,,1,https://www.rmd.ac.in/sports/photo.html,img
https://www.rmd.ac.in/sports/images/thumb-12.jpg,IMAGE,jpg,thumb-12.jpg,/sports/images/thumb-12.jpg,,,,,1,https://www.rmd.ac.in/sports/photo.html,img
https://www.rmd.ac.in/sports/images/thumb-13.jpg,IMAGE,jpg,thumb-13.jpg,/sports/images/thumb-13.jpg,,,,,1,https://www.rmd.ac.in/sports/photo.html,img
https://www.rmd.ac.in/sports/images/thumb-14.jpg,IMAGE,jpg,thumb-14.jpg,/sports/images/thumb-14.jpg,,,,,1,https://www.rmd.ac.in/sports/photo.html,img
https://www.rmd.ac.in/sports/images/thumb-15.jpg,IMAGE,jpg,thumb-15.jpg,/sports/images/thumb-15.jpg,,,,,1,https://www.rmd.ac.in/sports/photo.html,img
https://www.rmd.ac.in/sports/images/thumb-16.jpg,IMAGE,jpg,thumb-16.jpg,/sports/images/thumb-16.jpg,,,,,1,https://www.rmd.ac.in/sports/photo.html,img
https://www.rmd.ac.in/sports/images/thumb-17.jpg,IMAGE,jpg,thumb-17.jpg,/sports/images/thumb-17.jpg,,,,,1,https://www.rmd.ac.in/sports/photo.html,img
https://www.rmd.ac.in/sports/images/thumb-18.jpg,IMAGE,jpg,thumb-18.jpg,/sports/images/thumb-18.jpg,,,,,1,https://www.rmd.ac.in/sports/photo.html,img
https://www.rmd.ac.in/sports/images/thumb-19.jpg,IMAGE,jpg,thumb-19.jpg,/sports/images/thumb-19.jpg,,,,,1,https://www.rmd.ac.in/sports/photo.html,img
https://www.rmd.ac.in/sports/images/thumb-2.jpg,IMAGE,jpg,thumb-2.jpg,/sports/images/thumb-2.jpg,,,,,1,https://www.rmd.ac.in/sports/photo.html,img
https://www.rmd.ac.in/sports/images/thumb-20.jpg,IMAGE,jpg,thumb-20.jpg,/sports/images/thumb-20.jpg,,,,,1,https://www.rmd.ac.in/sports/photo.html,img
https://www.rmd.ac.in/sports/images/thumb-21.jpg,IMAGE,jpg,thumb-21.jpg,/sports/images/thumb-21.jpg,,,,,1,https://www.rmd.ac.in/sports/photo.html,img
https://www.rmd.ac.in/sports/images/thumb-22.jpg,IMAGE,jpg,thumb-22.jpg,/sports/images/thumb-22.jpg,,,,,1,https://www.rmd.ac.in/sports/photo.html,img
https://www.rmd.ac.in/sports/images/thumb-23.jpg,IMAGE,jpg,thumb-23.jpg,/sports/images/thumb-23.jpg,,,,,1,https://www.rmd.ac.in/sports/photo.html,img
https://www.rmd.ac.in/sports/images/thumb-24.jpg,IMAGE,jpg,thumb-24.jpg,/sports/images/thumb-24.jpg,,,,,1,https://www.rmd.ac.in/sports/photo.html,img
https://www.rmd.ac.in/sports/images/thumb-25.jpg,IMAGE,jpg,thumb-25.jpg,/sports/images/thumb-25.jpg,,,,,1,https://www.rmd.ac.in/sports/photo.html,img
https://www.rmd.ac.in/sports/images/thumb-26.jpg,IMAGE,jpg,thumb-26.jpg,/sports/images/thumb-26.jpg,,,,,1,https://www.rmd.ac.in/sports/photo.html,img
https://www.rmd.ac.in/sports/images/thumb-27.jpg,IMAGE,jpg,thumb-27.jpg,/sports/images/thumb-27.jpg,,,,,1,https://www.rmd.ac.in/sports/photo.html,img
https://www.rmd.ac.in/sports/images/thumb-28.jpg,IMAGE,jpg,thumb-28.jpg,/sports/images/thumb-28.jpg,,,,,1,https://www.rmd.ac.in/sports/photo.html,img
https://www.rmd.ac.in/sports/images/thumb-29.jpg,IMAGE,jpg,thumb-29.jpg,/sports/images/thumb-29.jpg,,,,,1,https://www.rmd.ac.in/sports/photo.html,img
https://www.rmd.ac.in/sports/images/thumb-3.png,IMAGE,png,thumb-3.png,/sports/images/thumb-3.png,,,,,1,https://www.rmd.ac.in/sports/photo.html,img
https://www.rmd.ac.in/sports/images/thumb-30.jpg,IMAGE,jpg,thumb-30.jpg,/sports/images/thumb-30.jpg,,,,,1,https://www.rmd.ac.in/sports/photo.html,img
https://www.rmd.ac.in/sports/images/thumb-4.png,IMAGE,png,thumb-4.png,/sports/images/thumb-4.png,,,,,1,https://www.rmd.ac.in/sports/photo.html,img
https://www.rmd.ac.in/sports/images/thumb-5.jpg,IMAGE,jpg,thumb-5.jpg,/sports/images/thumb-5.jpg,,,,,1,https://www.rmd.ac.in/sports/photo.html,img
https://www.rmd.ac.in/sports/images/thumb-6.jpg,IMAGE,jpg,thumb-6.jpg,/sports/images/thumb-6.jpg,,,,,1,https://www.rmd.ac.in/sports/photo.html,img
https://www.rmd.ac.in/sports/images/thumb-7.png,IMAGE,png,thumb-7.png,/sports/images/thumb-7.png,,,,,1,https://www.rmd.ac.in/sports/photo.html,img
https://www.rmd.ac.in/sports/images/thumb-8.jpg,IMAGE,jpg,thumb-8.jpg,/sports/images/thumb-8.jpg,,,,,1,https://www.rmd.ac.in/sports/photo.html,img
https://www.rmd.ac.in/sports/images/thumb-9.jpg,IMAGE,jpg,thumb-9.jpg,/sports/images/thumb-9.jpg,,,,,1,https://www.rmd.ac.in/sports/photo.html,img
https://www.rmd.ac.in/wec/images/1-1600.jpg,IMAGE,jpg,1-1600.jpg,/wec/images/1-1600.jpg,,,,,1,https://www.rmd.ac.in/wec/photo.html,data-attr
https://www.rmd.ac.in/wec/images/10-1600.jpg,IMAGE,jpg,10-1600.jpg,/wec/images/10-1600.jpg,,,,,1,https://www.rmd.ac.in/wec/photo.html,data-attr
https://www.rmd.ac.in/wec/images/11-1600.jpg,IMAGE,jpg,11-1600.jpg,/wec/images/11-1600.jpg,,,,,1,https://www.rmd.ac.in/wec/photo.html,data-attr
https://www.rmd.ac.in/wec/images/12-1600.jpg,IMAGE,jpg,12-1600.jpg,/wec/images/12-1600.jpg,,,,,1,https://www.rmd.ac.in/wec/photo.html,data-attr
https://www.rmd.ac.in/wec/images/13-1600.jpg,IMAGE,jpg,13-1600.jpg,/wec/images/13-1600.jpg,,,,,1,https://www.rmd.ac.in/wec/photo.html,data-attr
https://www.rmd.ac.in/wec/images/14-1600.jpg,IMAGE,jpg,14-1600.jpg,/wec/images/14-1600.jpg,,,,,1,https://www.rmd.ac.in/wec/photo.html,data-attr
https://www.rmd.ac.in/wec/images/15-1600.jpg,IMAGE,jpg,15-1600.jpg,/wec/images/15-1600.jpg,,,,,1,https://www.rmd.ac.in/wec/photo.html,data-attr
https://www.rmd.ac.in/wec/images/16-1600.jpg,IMAGE,jpg,16-1600.jpg,/wec/images/16-1600.jpg,,,,,1,https://www.rmd.ac.in/wec/photo.html,data-attr
https://www.rmd.ac.in/wec/images/17-1600.jpg,IMAGE,jpg,17-1600.jpg,/wec/images/17-1600.jpg,,,,,1,https://www.rmd.ac.in/wec/photo.html,data-attr
https://www.rmd.ac.in/wec/images/18-1600.jpg,IMAGE,jpg,18-1600.jpg,/wec/images/18-1600.jpg,,,,,1,https://www.rmd.ac.in/wec/photo.html,data-attr
https://www.rmd.ac.in/wec/images/19-1600.jpg,IMAGE,jpg,19-1600.jpg,/wec/images/19-1600.jpg,,,,,1,https://www.rmd.ac.in/wec/photo.html,data-attr
https://www.rmd.ac.in/wec/images/2-1600.jpg,IMAGE,jpg,2-1600.jpg,/wec/images/2-1600.jpg,,,,,1,https://www.rmd.ac.in/wec/photo.html,data-attr
https://www.rmd.ac.in/wec/images/20-1600.jpg,IMAGE,jpg,20-1600.jpg,/wec/images/20-1600.jpg,,,,,1,https://www.rmd.ac.in/wec/photo.html,data-attr
https://www.rmd.ac.in/wec/images/21-1600.jpg,IMAGE,jpg,21-1600.jpg,/wec/images/21-1600.jpg,,,,,1,https://www.rmd.ac.in/wec/photo.html,data-attr
https://www.rmd.ac.in/wec/images/22-1600.jpg,IMAGE,jpg,22-1600.jpg,/wec/images/22-1600.jpg,,,,,1,https://www.rmd.ac.in/wec/photo.html,data-attr
https://www.rmd.ac.in/wec/images/23-1600.jpg,IMAGE,jpg,23-1600.jpg,/wec/images/23-1600.jpg,,,,,1,https://www.rmd.ac.in/wec/photo.html,data-attr
https://www.rmd.ac.in/wec/images/24-1600.jpg,IMAGE,jpg,24-1600.jpg,/wec/images/24-1600.jpg,,,,,1,https://www.rmd.ac.in/wec/photo.html,data-attr
https://www.rmd.ac.in/wec/images/25-1600.jpg,IMAGE,jpg,25-1600.jpg,/wec/images/25-1600.jpg,,,,,1,https://www.rmd.ac.in/wec/photo.html,data-attr
https://www.rmd.ac.in/wec/images/26-1600.jpg,IMAGE,jpg,26-1600.jpg,/wec/images/26-1600.jpg,,,,,1,https://www.rmd.ac.in/wec/photo.html,data-attr
https://www.rmd.ac.in/wec/images/27-1600.jpg,IMAGE,jpg,27-1600.jpg,/wec/images/27-1600.jpg,,,,,1,https://www.rmd.ac.in/wec/photo.html,data-attr
https://www.rmd.ac.in/wec/images/3-1600.jpg,IMAGE,jpg,3-1600.jpg,/wec/images/3-1600.jpg,,,,,1,https://www.rmd.ac.in/wec/photo.html,data-attr
https://www.rmd.ac.in/wec/images/4-1600.jpg,IMAGE,jpg,4-1600.jpg,/wec/images/4-1600.jpg,,,,,1,https://www.rmd.ac.in/wec/photo.html,data-attr
https://www.rmd.ac.in/wec/images/5-1600.jpg,IMAGE,jpg,5-1600.jpg,/wec/images/5-1600.jpg,,,,,1,https://www.rmd.ac.in/wec/photo.html,data-attr
https://www.rmd.ac.in/wec/images/6-1600.jpg,IMAGE,jpg,6-1600.jpg,/wec/images/6-1600.jpg,,,,,1,https://www.rmd.ac.in/wec/photo.html,data-attr
https://www.rmd.ac.in/wec/images/7-1600.jpg,IMAGE,jpg,7-1600.jpg,/wec/images/7-1600.jpg,,,,,1,https://www.rmd.ac.in/wec/photo.html,data-attr
https://www.rmd.ac.in/wec/images/8-1600.jpg,IMAGE,jpg,8-1600.jpg,/wec/images/8-1600.jpg,,,,,1,https://www.rmd.ac.in/wec/photo.html,data-attr
https://www.rmd.ac.in/wec/images/9-1600.jpg,IMAGE,jpg,9-1600.jpg,/wec/images/9-1600.jpg,,,,,1,https://www.rmd.ac.in/wec/photo.html,data-attr
https://www.rmd.ac.in/wec/images/Priya.jpg,IMAGE,jpg,Priya.jpg,/wec/images/Priya.jpg,,,,,1,https://www.rmd.ac.in/wec/contact.html,img
https://www.rmd.ac.in/wec/images/ecologo.jpg,IMAGE,jpg,ecologo.jpg,/wec/images/ecologo.jpg,,,,,3,https://www.rmd.ac.in/wec/aboutwec.html,img
https://www.rmd.ac.in/wec/images/image-slider-1.jpg,IMAGE,jpg,image-slider-1.jpg,/wec/images/image-slider-1.jpg,,,,,1,https://www.rmd.ac.in/wec/,img
https://www.rmd.ac.in/wec/images/image-slider-2.jpg,IMAGE,jpg,image-slider-2.jpg,/wec/images/image-slider-2.jpg,,,,,1,https://www.rmd.ac.in/wec/,img
https://www.rmd.ac.in/wec/images/image-slider-3.jpg,IMAGE,jpg,image-slider-3.jpg,/wec/images/image-slider-3.jpg,,,,,1,https://www.rmd.ac.in/wec/,img
https://www.rmd.ac.in/wec/images/image-slider-4.jpg,IMAGE,jpg,image-slider-4.jpg,/wec/images/image-slider-4.jpg,,,,,1,https://www.rmd.ac.in/wec/,img
https://www.rmd.ac.in/wec/images/image-slider-5.jpg,IMAGE,jpg,image-slider-5.jpg,/wec/images/image-slider-5.jpg,,,,,1,https://www.rmd.ac.in/wec/,img
https://www.rmd.ac.in/wec/images/image-slider-6.jpg,IMAGE,jpg,image-slider-6.jpg,/wec/images/image-slider-6.jpg,,,,,1,https://www.rmd.ac.in/wec/,img
https://www.rmd.ac.in/wec/images/image-slider-7.jpg,IMAGE,jpg,image-slider-7.jpg,/wec/images/image-slider-7.jpg,,,,,1,https://www.rmd.ac.in/wec/,img
https://www.rmd.ac.in/wec/images/image-slider-8.jpg,IMAGE,jpg,image-slider-8.jpg,/wec/images/image-slider-8.jpg,,,,,1,https://www.rmd.ac.in/wec/,img
https://www.rmd.ac.in/wec/images/thumb-1.jpg,IMAGE,jpg,thumb-1.jpg,/wec/images/thumb-1.jpg,,,,,1,https://www.rmd.ac.in/wec/photo.html,img
https://www.rmd.ac.in/wec/images/thumb-10.jpg,IMAGE,jpg,thumb-10.jpg,/wec/images/thumb-10.jpg,,,,,1,https://www.rmd.ac.in/wec/photo.html,img
https://www.rmd.ac.in/wec/images/thumb-11.jpg,IMAGE,jpg,thumb-11.jpg,/wec/images/thumb-11.jpg,,,,,1,https://www.rmd.ac.in/wec/photo.html,img
https://www.rmd.ac.in/wec/images/thumb-12.jpg,IMAGE,jpg,thumb-12.jpg,/wec/images/thumb-12.jpg,,,,,1,https://www.rmd.ac.in/wec/photo.html,img
https://www.rmd.ac.in/wec/images/thumb-13.jpg,IMAGE,jpg,thumb-13.jpg,/wec/images/thumb-13.jpg,,,,,1,https://www.rmd.ac.in/wec/photo.html,img
https://www.rmd.ac.in/wec/images/thumb-14.jpg,IMAGE,jpg,thumb-14.jpg,/wec/images/thumb-14.jpg,,,,,1,https://www.rmd.ac.in/wec/photo.html,img
https://www.rmd.ac.in/wec/images/thumb-15.jpg,IMAGE,jpg,thumb-15.jpg,/wec/images/thumb-15.jpg,,,,,1,https://www.rmd.ac.in/wec/photo.html,img
https://www.rmd.ac.in/wec/images/thumb-16.jpg,IMAGE,jpg,thumb-16.jpg,/wec/images/thumb-16.jpg,,,,,1,https://www.rmd.ac.in/wec/photo.html,img
https://www.rmd.ac.in/wec/images/thumb-17.jpg,IMAGE,jpg,thumb-17.jpg,/wec/images/thumb-17.jpg,,,,,1,https://www.rmd.ac.in/wec/photo.html,img
https://www.rmd.ac.in/wec/images/thumb-18.jpg,IMAGE,jpg,thumb-18.jpg,/wec/images/thumb-18.jpg,,,,,1,https://www.rmd.ac.in/wec/photo.html,img
https://www.rmd.ac.in/wec/images/thumb-19.jpg,IMAGE,jpg,thumb-19.jpg,/wec/images/thumb-19.jpg,,,,,1,https://www.rmd.ac.in/wec/photo.html,img
https://www.rmd.ac.in/wec/images/thumb-2.jpg,IMAGE,jpg,thumb-2.jpg,/wec/images/thumb-2.jpg,,,,,1,https://www.rmd.ac.in/wec/photo.html,img
https://www.rmd.ac.in/wec/images/thumb-20.jpg,IMAGE,jpg,thumb-20.jpg,/wec/images/thumb-20.jpg,,,,,1,https://www.rmd.ac.in/wec/photo.html,img
https://www.rmd.ac.in/wec/images/thumb-21.jpg,IMAGE,jpg,thumb-21.jpg,/wec/images/thumb-21.jpg,,,,,1,https://www.rmd.ac.in/wec/photo.html,img
https://www.rmd.ac.in/wec/images/thumb-22.jpg,IMAGE,jpg,thumb-22.jpg,/wec/images/thumb-22.jpg,,,,,1,https://www.rmd.ac.in/wec/photo.html,img
https://www.rmd.ac.in/wec/images/thumb-23.jpg,IMAGE,jpg,thumb-23.jpg,/wec/images/thumb-23.jpg,,,,,1,https://www.rmd.ac.in/wec/photo.html,img
https://www.rmd.ac.in/wec/images/thumb-24.jpg,IMAGE,jpg,thumb-24.jpg,/wec/images/thumb-24.jpg,,,,,1,https://www.rmd.ac.in/wec/photo.html,img
https://www.rmd.ac.in/wec/images/thumb-25.jpg,IMAGE,jpg,thumb-25.jpg,/wec/images/thumb-25.jpg,,,,,1,https://www.rmd.ac.in/wec/photo.html,img
https://www.rmd.ac.in/wec/images/thumb-26.jpg,IMAGE,jpg,thumb-26.jpg,/wec/images/thumb-26.jpg,,,,,1,https://www.rmd.ac.in/wec/photo.html,img
https://www.rmd.ac.in/wec/images/thumb-27.jpg,IMAGE,jpg,thumb-27.jpg,/wec/images/thumb-27.jpg,,,,,1,https://www.rmd.ac.in/wec/photo.html,img
https://www.rmd.ac.in/wec/images/thumb-3.jpg,IMAGE,jpg,thumb-3.jpg,/wec/images/thumb-3.jpg,,,,,1,https://www.rmd.ac.in/wec/photo.html,img
https://www.rmd.ac.in/wec/images/thumb-4.jpg,IMAGE,jpg,thumb-4.jpg,/wec/images/thumb-4.jpg,,,,,1,https://www.rmd.ac.in/wec/photo.html,img
https://www.rmd.ac.in/wec/images/thumb-5.jpg,IMAGE,jpg,thumb-5.jpg,/wec/images/thumb-5.jpg,,,,,1,https://www.rmd.ac.in/wec/photo.html,img
https://www.rmd.ac.in/wec/images/thumb-6.jpg,IMAGE,jpg,thumb-6.jpg,/wec/images/thumb-6.jpg,,,,,1,https://www.rmd.ac.in/wec/photo.html,img
https://www.rmd.ac.in/wec/images/thumb-7.jpg,IMAGE,jpg,thumb-7.jpg,/wec/images/thumb-7.jpg,,,,,1,https://www.rmd.ac.in/wec/photo.html,img
https://www.rmd.ac.in/wec/images/thumb-8.jpg,IMAGE,jpg,thumb-8.jpg,/wec/images/thumb-8.jpg,,,,,1,https://www.rmd.ac.in/wec/photo.html,img
https://www.rmd.ac.in/wec/images/thumb-9.jpg,IMAGE,jpg,thumb-9.jpg,/wec/images/thumb-9.jpg,,,,,1,https://www.rmd.ac.in/wec/photo.html,img
https://www.rmd.ac.in/yoga/images/murugesan.jpg,IMAGE,jpg,murugesan.jpg,/yoga/images/murugesan.jpg,,,,,1,https://www.rmd.ac.in/yoga/contact.html,img
https://www.rmd.ac.in/yoga/images/senthil.jpg,IMAGE,jpg,senthil.jpg,/yoga/images/senthil.jpg,,,,,1,https://www.rmd.ac.in/yoga/contact.html,img
https://www.rmd.ac.in/yoga/images/sivasankari.jpg,IMAGE,jpg,sivasankari.jpg,/yoga/images/sivasankari.jpg,,,,,1,https://www.rmd.ac.in/yoga/contact.html,img
https://www.rmd.ac.in/yoga/images/yoga.jpg,IMAGE,jpg,yoga.jpg,/yoga/images/yoga.jpg,,,,,4,https://www.rmd.ac.in/yoga/,img
https://www.rmd.ac.in/yrc/images/1-1600.jpg,IMAGE,jpg,1-1600.jpg,/yrc/images/1-1600.jpg,,,,,1,https://www.rmd.ac.in/yrc/photo.html,data-attr
https://www.rmd.ac.in/yrc/images/10-1600.jpg,IMAGE,jpg,10-1600.jpg,/yrc/images/10-1600.jpg,,,,,1,https://www.rmd.ac.in/yrc/photo.html,data-attr
https://www.rmd.ac.in/yrc/images/11-1600.jpg,IMAGE,jpg,11-1600.jpg,/yrc/images/11-1600.jpg,,,,,1,https://www.rmd.ac.in/yrc/photo.html,data-attr
https://www.rmd.ac.in/yrc/images/12-1600.jpg,IMAGE,jpg,12-1600.jpg,/yrc/images/12-1600.jpg,,,,,1,https://www.rmd.ac.in/yrc/photo.html,data-attr
https://www.rmd.ac.in/yrc/images/13-1600.jpg,IMAGE,jpg,13-1600.jpg,/yrc/images/13-1600.jpg,,,,,1,https://www.rmd.ac.in/yrc/photo.html,data-attr
https://www.rmd.ac.in/yrc/images/14-1600.jpg,IMAGE,jpg,14-1600.jpg,/yrc/images/14-1600.jpg,,,,,1,https://www.rmd.ac.in/yrc/photo.html,data-attr
https://www.rmd.ac.in/yrc/images/15-1600.jpg,IMAGE,jpg,15-1600.jpg,/yrc/images/15-1600.jpg,,,,,1,https://www.rmd.ac.in/yrc/photo.html,data-attr
https://www.rmd.ac.in/yrc/images/16-1600.jpg,IMAGE,jpg,16-1600.jpg,/yrc/images/16-1600.jpg,,,,,1,https://www.rmd.ac.in/yrc/photo.html,data-attr
https://www.rmd.ac.in/yrc/images/2-1600.jpg,IMAGE,jpg,2-1600.jpg,/yrc/images/2-1600.jpg,,,,,1,https://www.rmd.ac.in/yrc/photo.html,data-attr
https://www.rmd.ac.in/yrc/images/3-1600.jpg,IMAGE,jpg,3-1600.jpg,/yrc/images/3-1600.jpg,,,,,1,https://www.rmd.ac.in/yrc/photo.html,data-attr
https://www.rmd.ac.in/yrc/images/4-1600.jpg,IMAGE,jpg,4-1600.jpg,/yrc/images/4-1600.jpg,,,,,1,https://www.rmd.ac.in/yrc/photo.html,data-attr
https://www.rmd.ac.in/yrc/images/5-1600.jpg,IMAGE,jpg,5-1600.jpg,/yrc/images/5-1600.jpg,,,,,1,https://www.rmd.ac.in/yrc/photo.html,data-attr
https://www.rmd.ac.in/yrc/images/6-1600.jpg,IMAGE,jpg,6-1600.jpg,/yrc/images/6-1600.jpg,,,,,1,https://www.rmd.ac.in/yrc/photo.html,data-attr
https://www.rmd.ac.in/yrc/images/7-1600.jpg,IMAGE,jpg,7-1600.jpg,/yrc/images/7-1600.jpg,,,,,1,https://www.rmd.ac.in/yrc/photo.html,data-attr
https://www.rmd.ac.in/yrc/images/8-1600.jpg,IMAGE,jpg,8-1600.jpg,/yrc/images/8-1600.jpg,,,,,1,https://www.rmd.ac.in/yrc/photo.html,data-attr
https://www.rmd.ac.in/yrc/images/9-1600.jpg,IMAGE,jpg,9-1600.jpg,/yrc/images/9-1600.jpg,,,,,1,https://www.rmd.ac.in/yrc/photo.html,data-attr
https://www.rmd.ac.in/yrc/images/image-slider-1.jpg,IMAGE,jpg,image-slider-1.jpg,/yrc/images/image-slider-1.jpg,,,,,1,https://www.rmd.ac.in/yrc/,img
https://www.rmd.ac.in/yrc/images/image-slider-2.jpg,IMAGE,jpg,image-slider-2.jpg,/yrc/images/image-slider-2.jpg,,,,,1,https://www.rmd.ac.in/yrc/,img
https://www.rmd.ac.in/yrc/images/image-slider-3.jpg,IMAGE,jpg,image-slider-3.jpg,/yrc/images/image-slider-3.jpg,,,,,1,https://www.rmd.ac.in/yrc/,img
https://www.rmd.ac.in/yrc/images/image-slider-4.jpg,IMAGE,jpg,image-slider-4.jpg,/yrc/images/image-slider-4.jpg,,,,,1,https://www.rmd.ac.in/yrc/,img
https://www.rmd.ac.in/yrc/images/image-slider-5.jpg,IMAGE,jpg,image-slider-5.jpg,/yrc/images/image-slider-5.jpg,,,,,1,https://www.rmd.ac.in/yrc/,img
https://www.rmd.ac.in/yrc/images/image-slider-6.jpg,IMAGE,jpg,image-slider-6.jpg,/yrc/images/image-slider-6.jpg,,,,,1,https://www.rmd.ac.in/yrc/,img
https://www.rmd.ac.in/yrc/images/image-slider-7.jpg,IMAGE,jpg,image-slider-7.jpg,/yrc/images/image-slider-7.jpg,,,,,1,https://www.rmd.ac.in/yrc/,img
https://www.rmd.ac.in/yrc/images/image-slider-8.jpg,IMAGE,jpg,image-slider-8.jpg,/yrc/images/image-slider-8.jpg,,,,,1,https://www.rmd.ac.in/yrc/,img
https://www.rmd.ac.in/yrc/images/kamal.jpg,IMAGE,jpg,kamal.jpg,/yrc/images/kamal.jpg,,,,,1,https://www.rmd.ac.in/yrc/contact.html,img
https://www.rmd.ac.in/yrc/images/thumb-1.jpg,IMAGE,jpg,thumb-1.jpg,/yrc/images/thumb-1.jpg,,,,,1,https://www.rmd.ac.in/yrc/photo.html,img
https://www.rmd.ac.in/yrc/images/thumb-10.jpg,IMAGE,jpg,thumb-10.jpg,/yrc/images/thumb-10.jpg,,,,,1,https://www.rmd.ac.in/yrc/photo.html,img
https://www.rmd.ac.in/yrc/images/thumb-11.jpg,IMAGE,jpg,thumb-11.jpg,/yrc/images/thumb-11.jpg,,,,,1,https://www.rmd.ac.in/yrc/photo.html,img
https://www.rmd.ac.in/yrc/images/thumb-12.jpg,IMAGE,jpg,thumb-12.jpg,/yrc/images/thumb-12.jpg,,,,,1,https://www.rmd.ac.in/yrc/photo.html,img
https://www.rmd.ac.in/yrc/images/thumb-13.jpg,IMAGE,jpg,thumb-13.jpg,/yrc/images/thumb-13.jpg,,,,,1,https://www.rmd.ac.in/yrc/photo.html,img
https://www.rmd.ac.in/yrc/images/thumb-14.jpg,IMAGE,jpg,thumb-14.jpg,/yrc/images/thumb-14.jpg,,,,,1,https://www.rmd.ac.in/yrc/photo.html,img
https://www.rmd.ac.in/yrc/images/thumb-15.jpg,IMAGE,jpg,thumb-15.jpg,/yrc/images/thumb-15.jpg,,,,,1,https://www.rmd.ac.in/yrc/photo.html,img
https://www.rmd.ac.in/yrc/images/thumb-16.jpg,IMAGE,jpg,thumb-16.jpg,/yrc/images/thumb-16.jpg,,,,,1,https://www.rmd.ac.in/yrc/photo.html,img
https://www.rmd.ac.in/yrc/images/thumb-2.jpg,IMAGE,jpg,thumb-2.jpg,/yrc/images/thumb-2.jpg,,,,,1,https://www.rmd.ac.in/yrc/photo.html,img
https://www.rmd.ac.in/yrc/images/thumb-3.jpg,IMAGE,jpg,thumb-3.jpg,/yrc/images/thumb-3.jpg,,,,,1,https://www.rmd.ac.in/yrc/photo.html,img
https://www.rmd.ac.in/yrc/images/thumb-4.jpg,IMAGE,jpg,thumb-4.jpg,/yrc/images/thumb-4.jpg,,,,,1,https://www.rmd.ac.in/yrc/photo.html,img
https://www.rmd.ac.in/yrc/images/thumb-5.jpg,IMAGE,jpg,thumb-5.jpg,/yrc/images/thumb-5.jpg,,,,,1,https://www.rmd.ac.in/yrc/photo.html,img
https://www.rmd.ac.in/yrc/images/thumb-6.jpg,IMAGE,jpg,thumb-6.jpg,/yrc/images/thumb-6.jpg,,,,,1,https://www.rmd.ac.in/yrc/photo.html,img
https://www.rmd.ac.in/yrc/images/thumb-7.jpg,IMAGE,jpg,thumb-7.jpg,/yrc/images/thumb-7.jpg,,,,,1,https://www.rmd.ac.in/yrc/photo.html,img
https://www.rmd.ac.in/yrc/images/thumb-8.jpg,IMAGE,jpg,thumb-8.jpg,/yrc/images/thumb-8.jpg,,,,,1,https://www.rmd.ac.in/yrc/photo.html,img
https://www.rmd.ac.in/yrc/images/thumb-9.jpg,IMAGE,jpg,thumb-9.jpg,/yrc/images/thumb-9.jpg,,,,,1,https://www.rmd.ac.in/yrc/photo.html,img
https://www.rmd.ac.in/yrc/images/yrc.jpg,IMAGE,jpg,yrc.jpg,/yrc/images/yrc.jpg,,,,,5,https://www.rmd.ac.in/yrc/,img
https://www.rmd.ac.in/Grievance/css/demo.css,OTHER,css,demo.css,/Grievance/css/demo.css,text/css,2022,200,,11,https://www.rmd.ac.in/Grievance/,stylesheet
https://www.rmd.ac.in/Grievance/css/sidebar-accordion.css,OTHER,css,sidebar-accordion.css,/Grievance/css/sidebar-accordion.css,text/css,1189,200,,11,https://www.rmd.ac.in/Grievance/,stylesheet
https://www.rmd.ac.in/Grievance/js/sidebar-accordion.js,OTHER,js,sidebar-accordion.js,/Grievance/js/sidebar-accordion.js,text/javascript,472,200,,11,https://www.rmd.ac.in/Grievance/,script
https://www.rmd.ac.in/ICIETDW_24/assets/css/index.css,OTHER,css,index.css,/ICIETDW_24/assets/css/index.css,text/css,2142,200,,8,https://www.rmd.ac.in/ICIETDW_24/,stylesheet
https://www.rmd.ac.in/ICIETDW_24/assets/css/keynote.css,OTHER,css,keynote.css,/ICIETDW_24/assets/css/keynote.css,text/css,180,200,,1,https://www.rmd.ac.in/ICIETDW_24/keynote.html,stylesheet
https://www.rmd.ac.in/ICIETDW_24/assets/css/venue.css,OTHER,css,venue.css,/ICIETDW_24/assets/css/venue.css,text/css,38,200,,1,https://www.rmd.ac.in/ICIETDW_24/comittee.html,stylesheet
https://www.rmd.ac.in/ICIETDW_24/style.css,OTHER,css,style.css,/ICIETDW_24/style.css,text/css,831,200,,2,https://www.rmd.ac.in/ICIETDW_24/,stylesheet
https://www.rmd.ac.in/Onlinecourse/css/demo.css,OTHER,css,demo.css,/Onlinecourse/css/demo.css,text/css,2022,200,,6,https://www.rmd.ac.in/Onlinecourse/,stylesheet
https://www.rmd.ac.in/Onlinecourse/css/sidebar-accordion.css,OTHER,css,sidebar-accordion.css,/Onlinecourse/css/sidebar-accordion.css,text/css,1189,200,,6,https://www.rmd.ac.in/Onlinecourse/,stylesheet
https://www.rmd.ac.in/Onlinecourse/js/sidebar-accordion.js,OTHER,js,sidebar-accordion.js,/Onlinecourse/js/sidebar-accordion.js,text/javascript,472,200,,4,https://www.rmd.ac.in/Onlinecourse/,script
https://www.rmd.ac.in/Techcrescenza'24/script.js,OTHER,js,script.js,/Techcrescenza'24/script.js,,,,,1,https://www.rmd.ac.in/Techcrescenza'24/,script
https://www.rmd.ac.in/Techcrescenza'24/styles.css,OTHER,css,styles.css,/Techcrescenza'24/styles.css,,,,,1,https://www.rmd.ac.in/Techcrescenza'24/,stylesheet
https://www.rmd.ac.in/Techcrescenza'24/stylesheet.css,OTHER,css,stylesheet.css,/Techcrescenza'24/stylesheet.css,,,,,1,https://www.rmd.ac.in/Techcrescenza'24/,stylesheet
https://www.rmd.ac.in/campus/roadmap.swf,OTHER,swf,roadmap.swf,/campus/roadmap.swf,,,,,1,https://www.rmd.ac.in/campus/transport.html,embed
https://www.rmd.ac.in/css/animate.css,OTHER,css,animate.css,/css/animate.css,,,,,379,https://www.rmd.ac.in/,stylesheet
https://www.rmd.ac.in/css/bootstrap.min.css,OTHER,css,bootstrap.min.css,/css/bootstrap.min.css,,,,,379,https://www.rmd.ac.in/,stylesheet
https://www.rmd.ac.in/css/colorbox.css,OTHER,css,colorbox.css,/css/colorbox.css,,,,,379,https://www.rmd.ac.in/,stylesheet
https://www.rmd.ac.in/css/generic.css,OTHER,css,generic.css,/css/generic.css,,,,,1,https://www.rmd.ac.in/,stylesheet
https://www.rmd.ac.in/css/js-image-slider.css,OTHER,css,js-image-slider.css,/css/js-image-slider.css,,,,,78,https://www.rmd.ac.in/,stylesheet
https://www.rmd.ac.in/css/owl.carousel.css,OTHER,css,owl.carousel.css,/css/owl.carousel.css,,,,,379,https://www.rmd.ac.in/,stylesheet
https://www.rmd.ac.in/css/owl.theme.css,OTHER,css,owl.theme.css,/css/owl.theme.css,,,,,379,https://www.rmd.ac.in/,stylesheet
https://www.rmd.ac.in/css/responsive.css,OTHER,css,responsive.css,/css/responsive.css,,,,,379,https://www.rmd.ac.in/,stylesheet
https://www.rmd.ac.in/css/style.css,OTHER,css,style.css,/css/style.css,,,,,379,https://www.rmd.ac.in/,stylesheet
https://www.rmd.ac.in/dept/cse/iv_files/js,OTHER,,js,/dept/cse/iv_files/js,,,,,1,https://www.rmd.ac.in/dept/cse/iv.html,script
https://www.rmd.ac.in/dept/js/waypoints.min.js,OTHER,js,waypoints.min.js,/dept/js/waypoints.min.js,,,,,53,https://www.rmd.ac.in/dept/cse/activities.html,script
https://www.rmd.ac.in/dist/css/lightgallery.css,OTHER,css,lightgallery.css,/dist/css/lightgallery.css,,,,,32,https://www.rmd.ac.in/Startup/photo.html,stylesheet
https://www.rmd.ac.in/dist/js/lg-autoplay.js,OTHER,js,lg-autoplay.js,/dist/js/lg-autoplay.js,,,,,25,https://www.rmd.ac.in/Startup/photo.html,script
https://www.rmd.ac.in/dist/js/lg-fullscreen.js,OTHER,js,lg-fullscreen.js,/dist/js/lg-fullscreen.js,,,,,25,https://www.rmd.ac.in/Startup/photo.html,script
https://www.rmd.ac.in/dist/js/lg-hash.js,OTHER,js,lg-hash.js,/dist/js/lg-hash.js,,,,,25,https://www.rmd.ac.in/Startup/photo.html,script
https://www.rmd.ac.in/dist/js/lg-pager.js,OTHER,js,lg-pager.js,/dist/js/lg-pager.js,,,,,25,https://www.rmd.ac.in/Startup/photo.html,script
https://www.rmd.ac.in/dist/js/lg-thumbnail.js,OTHER,js,lg-thumbnail.js,/dist/js/lg-thumbnail.js,,,,,25,https://www.rmd.ac.in/Startup/photo.html,script
https://www.rmd.ac.in/dist/js/lg-video.js,OTHER,js,lg-video.js,/dist/js/lg-video.js,,,,,25,https://www.rmd.ac.in/Startup/photo.html,script
https://www.rmd.ac.in/dist/js/lg-zoom.js,OTHER,js,lg-zoom.js,/dist/js/lg-zoom.js,,,,,25,https://www.rmd.ac.in/Startup/photo.html,script
https://www.rmd.ac.in/dist/js/lightgallery.js,OTHER,js,lightgallery.js,/dist/js/lightgallery.js,,,,,25,https://www.rmd.ac.in/Startup/photo.html,script
https://www.rmd.ac.in/examcell/css/demo.css,OTHER,css,demo.css,/examcell/css/demo.css,,,,,13,https://www.rmd.ac.in/examcell/,stylesheet
https://www.rmd.ac.in/examcell/css/sidebar-accordion.css,OTHER,css,sidebar-accordion.css,/examcell/css/sidebar-accordion.css,,,,,13,https://www.rmd.ac.in/examcell/,stylesheet
https://www.rmd.ac.in/examcell/js/sidebar-accordion.js,OTHER,js,sidebar-accordion.js,/examcell/js/sidebar-accordion.js,,,,,13,https://www.rmd.ac.in/examcell/,script
https://www.rmd.ac.in/js/bootstrap.min.js,OTHER,js,bootstrap.min.js,/js/bootstrap.min.js,,,,,378,https://www.rmd.ac.in/,script
https://www.rmd.ac.in/js/custom.js,OTHER,js,custom.js,/js/custom.js,,,,,378,https://www.rmd.ac.in/,script
https://www.rmd.ac.in/js/gmap3.min.js,OTHER,js,gmap3.min.js,/js/gmap3.min.js,,,,,378,https://www.rmd.ac.in/,script
https://www.rmd.ac.in/js/ini.isotope.js,OTHER,js,ini.isotope.js,/js/ini.isotope.js,,,,,378,https://www.rmd.ac.in/,script
https://www.rmd.ac.in/js/isotope.js,OTHER,js,isotope.js,/js/isotope.js,,,,,378,https://www.rmd.ac.in/,script
https://www.rmd.ac.in/js/jquery.colorbox.js,OTHER,js,jquery.colorbox.js,/js/jquery.colorbox.js,,,,,378,https://www.rmd.ac.in/,script
https://www.rmd.ac.in/js/jquery.counterup.min.js,OTHER,js,jquery.counterup.min.js,/js/jquery.counterup.min.js,,,,,378,https://www.rmd.ac.in/,script
https://www.rmd.ac.in/js/jquery.js,OTHER,js,jquery.js,/js/jquery.js,,,,,378,https://www.rmd.ac.in/,script
https://www.rmd.ac.in/js/js-image-slider.js,OTHER,js,js-image-slider.js,/js/js-image-slider.js,,,,,78,https://www.rmd.ac.in/,script
https://www.rmd.ac.in/js/jssor.slider.min.js,OTHER,js,jssor.slider.min.js,/js/jssor.slider.min.js,,,,,4,https://www.rmd.ac.in/,script
https://www.rmd.ac.in/js/owl.carousel.min.js,OTHER,js,owl.carousel.min.js,/js/owl.carousel.min.js,,,,,378,https://www.rmd.ac.in/,script
https://www.rmd.ac.in/js/waypoints.min.js,OTHER,js,waypoints.min.js,/js/waypoints.min.js,,,,,325,https://www.rmd.ac.in/,script
https://www.rmd.ac.in/lib/jquery.mousewheel.min.js,OTHER,js,jquery.mousewheel.min.js,/lib/jquery.mousewheel.min.js,,,,,25,https://www.rmd.ac.in/Startup/photo.html,script
https://www.rmd.ac.in/popup/bootstrap-theme.min.css,OTHER,css,bootstrap-theme.min.css,/popup/bootstrap-theme.min.css,,,,,379,https://www.rmd.ac.in/,stylesheet
https://www.rmd.ac.in/popup/jquery.min.js,OTHER,js,jquery.min.js,/popup/jquery.min.js,,,,,379,https://www.rmd.ac.in/,script
https://www.rmd.ac.in/rendezvous24/assets/css/main.css,OTHER,css,main.css,/rendezvous24/assets/css/main.css,,,,,6,https://www.rmd.ac.in/rendezvous24/,stylesheet
https://www.rmd.ac.in/rendezvous24/assets/js/main.js,OTHER,js,main.js,/rendezvous24/assets/js/main.js,,,,,6,https://www.rmd.ac.in/rendezvous24/,script
https://www.rmd.ac.in/rendezvous24/assets/vendor/aos/aos.css,OTHER,css,aos.css,/rendezvous24/assets/vendor/aos/aos.css,,,,,6,https://www.rmd.ac.in/rendezvous24/,stylesheet
https://www.rmd.ac.in/rendezvous24/assets/vendor/aos/aos.js,OTHER,js,aos.js,/rendezvous24/assets/vendor/aos/aos.js,,,,,6,https://www.rmd.ac.in/rendezvous24/,script
https://www.rmd.ac.in/rendezvous24/assets/vendor/bootstrap-icons/bootstrap-icons.css,OTHER,css,bootstrap-icons.css,/rendezvous24/assets/vendor/bootstrap-icons/bootstrap-icons.css,,,,,6,https://www.rmd.ac.in/rendezvous24/,stylesheet
https://www.rmd.ac.in/rendezvous24/assets/vendor/bootstrap/css/bootstrap.min.css,OTHER,css,bootstrap.min.css,/rendezvous24/assets/vendor/bootstrap/css/bootstrap.min.css,,,,,6,https://www.rmd.ac.in/rendezvous24/,stylesheet
https://www.rmd.ac.in/rendezvous24/assets/vendor/bootstrap/js/bootstrap.bundle.min.js,OTHER,js,bootstrap.bundle.min.js,/rendezvous24/assets/vendor/bootstrap/js/bootstrap.bundle.min.js,,,,,6,https://www.rmd.ac.in/rendezvous24/,script
https://www.rmd.ac.in/rendezvous24/assets/vendor/glightbox/css/glightbox.min.css,OTHER,css,glightbox.min.css,/rendezvous24/assets/vendor/glightbox/css/glightbox.min.css,,,,,6,https://www.rmd.ac.in/rendezvous24/,stylesheet
https://www.rmd.ac.in/rendezvous24/assets/vendor/glightbox/js/glightbox.min.js,OTHER,js,glightbox.min.js,/rendezvous24/assets/vendor/glightbox/js/glightbox.min.js,,,,,6,https://www.rmd.ac.in/rendezvous24/,script
https://www.rmd.ac.in/rendezvous24/assets/vendor/php-email-form/validate.js,OTHER,js,validate.js,/rendezvous24/assets/vendor/php-email-form/validate.js,,,,,6,https://www.rmd.ac.in/rendezvous24/,script
https://www.rmd.ac.in/rendezvous24/assets/vendor/swiper/swiper-bundle.min.css,OTHER,css,swiper-bundle.min.css,/rendezvous24/assets/vendor/swiper/swiper-bundle.min.css,,,,,6,https://www.rmd.ac.in/rendezvous24/,stylesheet
https://www.rmd.ac.in/rendezvous24/assets/vendor/swiper/swiper-bundle.min.js,OTHER,js,swiper-bundle.min.js,/rendezvous24/assets/vendor/swiper/swiper-bundle.min.js,,,,,6,https://www.rmd.ac.in/rendezvous24/,script
https://www.rmd.ac.in/rendezvous24/my_about.css,OTHER,css,my_about.css,/rendezvous24/my_about.css,,,,,1,https://www.rmd.ac.in/rendezvous24/about.html,stylesheet
https://www.rmd.ac.in/rendezvous24/my_contact.css,OTHER,css,my_contact.css,/rendezvous24/my_contact.css,,,,,1,https://www.rmd.ac.in/rendezvous24/contact.html,stylesheet
https://www.rmd.ac.in/rendezvous24/my_events.css,OTHER,css,my_events.css,/rendezvous24/my_events.css,,,,,1,https://www.rmd.ac.in/rendezvous24/events.html,stylesheet
https://www.rmd.ac.in/rendezvous24/my_index.css,OTHER,css,my_index.css,/rendezvous24/my_index.css,,,,,1,https://www.rmd.ac.in/rendezvous24/,stylesheet
https://www.rmd.ac.in/rendezvous24/my_rendezvous.css,OTHER,css,my_rendezvous.css,/rendezvous24/my_rendezvous.css,,,,,6,https://www.rmd.ac.in/rendezvous24/,stylesheet
https://www.rmd.ac.in/rendezvous24/my_rules.css,OTHER,css,my_rules.css,/rendezvous24/my_rules.css,,,,,1,https://www.rmd.ac.in/rendezvous24/rules.html,stylesheet
https://www.rmd.ac.in/rendezvous24/my_transport.css,OTHER,css,my_transport.css,/rendezvous24/my_transport.css,,,,,1,https://www.rmd.ac.in/rendezvous24/transport.html,stylesheet
https://www.rmd.ac.in/rendezvous24/path/to/font-awesome/css/font-awesome.min.css,OTHER,css,font-awesome.min.css,/rendezvous24/path/to/font-awesome/css/font-awesome.min.css,,,,,1,https://www.rmd.ac.in/rendezvous24/rules.html,stylesheet
https://www.rmd.ac.in/research/css/demo.css,OTHER,css,demo.css,/research/css/demo.css,,,,,20,https://www.rmd.ac.in/research/Code_of_Ethics.html,stylesheet
https://www.rmd.ac.in/research/css/sidebar-accordion.css,OTHER,css,sidebar-accordion.css,/research/css/sidebar-accordion.css,,,,,20,https://www.rmd.ac.in/research/Code_of_Ethics.html,stylesheet
https://www.rmd.ac.in/research/js/sidebar-accordion.js,OTHER,js,sidebar-accordion.js,/research/js/sidebar-accordion.js,,,,,20,https://www.rmd.ac.in/research/Code_of_Ethics.html,script
https://www.rmd.ac.in/rmdec_ieee_student_branch/style.css,OTHER,css,style.css,/rmdec_ieee_student_branch/style.css,,,,,1,https://www.rmd.ac.in/rmdec_ieee_student_branch/,stylesheet
https://www.rmd.ac.in/roadmap.swf,OTHER,swf,roadmap.swf,/roadmap.swf,,,,,378,https://www.rmd.ac.in/,a
https://www.rmd.ac.in/sankeethika2k24/script.js,OTHER,js,script.js,/sankeethika2k24/script.js,,,,,1,https://www.rmd.ac.in/sankeethika2k24/,script
https://www.rmd.ac.in/sankeethika2k24/style.css,OTHER,css,style.css,/sankeethika2k24/style.css,,,,,1,https://www.rmd.ac.in/sankeethika2k24/,stylesheet
https://www.rmd.ac.in/template/tabcontent.css,OTHER,css,tabcontent.css,/template/tabcontent.css,,,,,1,https://www.rmd.ac.in/,stylesheet
https://www.rmd.ac.in/template/tabcontent.js,OTHER,js,tabcontent.js,/template/tabcontent.js,,,,,1,https://www.rmd.ac.in/,script
https://www.rmd.ac.in/Ariia/ariia19-20.pdf,PDF,pdf,ariia19-20.pdf,/Ariia/ariia19-20.pdf,application/pdf,57379,200,,1,https://www.rmd.ac.in/Ariia/ariia.html,a
https://www.rmd.ac.in/Ariia/ariia20-21.pdf,PDF,pdf,ariia20-21.pdf,/Ariia/ariia20-21.pdf,application/pdf,839732,200,,1,https://www.rmd.ac.in/Ariia/ariia.html,a
https://www.rmd.ac.in/Coding_club/20-21/2020-2021%20Even%20Sem.pdf,PDF,pdf,2020-2021 Even Sem.pdf,/Coding_club/20-21/2020-2021%20Even%20Sem.pdf,application/pdf,151210,200,,1,https://www.rmd.ac.in/Coding_club/activities.html,a
https://www.rmd.ac.in/Coding_club/20-21/2020-2021%20Odd%20Sem.pdf,PDF,pdf,2020-2021 Odd Sem.pdf,/Coding_club/20-21/2020-2021%20Odd%20Sem.pdf,application/pdf,164579,200,,1,https://www.rmd.ac.in/Coding_club/activities.html,a
https://www.rmd.ac.in/Coding_club/21-22/2021-2022%20%20Even%20Sem.pdf,PDF,pdf,2021-2022  Even Sem.pdf,/Coding_club/21-22/2021-2022%20%20Even%20Sem.pdf,application/pdf,928189,200,,1,https://www.rmd.ac.in/Coding_club/activities.html,a
https://www.rmd.ac.in/Coding_club/21-22/2021-2022%20Odd%20Sem.pdf,PDF,pdf,2021-2022 Odd Sem.pdf,/Coding_club/21-22/2021-2022%20Odd%20Sem.pdf,application/pdf,389412,200,,1,https://www.rmd.ac.in/Coding_club/activities.html,a
https://www.rmd.ac.in/Coding_club/22-23/2022-2023%20%20Even%20Sem.pdf,PDF,pdf,2022-2023  Even Sem.pdf,/Coding_club/22-23/2022-2023%20%20Even%20Sem.pdf,application/pdf,550715,200,,1,https://www.rmd.ac.in/Coding_club/activities.html,a
https://www.rmd.ac.in/Coding_club/22-23/2022-2023%20Odd%20Sem.pdf,PDF,pdf,2022-2023 Odd Sem.pdf,/Coding_club/22-23/2022-2023%20Odd%20Sem.pdf,application/pdf,676679,200,,1,https://www.rmd.ac.in/Coding_club/activities.html,a
https://www.rmd.ac.in/Coding_club/23-24/2023-2024%20Odd%20sem.pdf,PDF,pdf,2023-2024 Odd sem.pdf,/Coding_club/23-24/2023-2024%20Odd%20sem.pdf,application/pdf,1111574,200,,1,https://www.rmd.ac.in/Coding_club/activities.html,a
https://www.rmd.ac.in/Cultural_club/20-21/05.06.2021%20POETRY%20WRITING.pdf,PDF,pdf,05.06.2021 POETRY WRITING.pdf,/Cultural_club/20-21/05.06.2021%20POETRY%20WRITING.pdf,application/pdf,637873,200,,1,https://www.rmd.ac.in/Cultural_club/activities.html,a
https://www.rmd.ac.in/Cultural_club/20-21/15.05.2021%20MIME%20COMPETITION.pdf,PDF,pdf,15.05.2021 MIME COMPETITION.pdf,/Cultural_club/20-21/15.05.2021%20MIME%20COMPETITION.pdf,application/pdf,617487,200,,1,https://www.rmd.ac.in/Cultural_club/activities.html,a
https://www.rmd.ac.in/Cultural_club/20-21/24.04.2021%20PAINING%20COMPETTION.pdf,PDF,pdf,24.04.2021 PAINING COMPETTION.pdf,/Cultural_club/20-21/24.04.2021%20PAINING%20COMPETTION.pdf,application/pdf,530535,200,,1,https://www.rmd.ac.in/Cultural_club/activities.html,a
https://www.rmd.ac.in/Cultural_club/21-22/1.06.2022%20DANCE%20COMPETITION.pdf,PDF,pdf,1.06.2022 DANCE COMPETITION.pdf,/Cultural_club/21-22/1.06.2022%20DANCE%20COMPETITION.pdf,application/pdf,577397,200,,1,https://www.rmd.ac.in/Cultural_club/activities.html,a
https://www.rmd.ac.in/Cultural_club/21-22/18-05-2022%20MIME%20COMPETITION.pdf,PDF,pdf,18-05-2022 MIME COMPETITION.pdf,/Cultural_club/21-22/18-05-2022%20MIME%20COMPETITION.pdf,application/pdf,572674,200,,1,https://www.rmd.ac.in/Cultural_club/activities.html,a
https://www.rmd.ac.in/Cultural_club/21-22/24.12.2022%20ESSAY%20COMPETITION.pdf,PDF,pdf,24.12.2022 ESSAY COMPETITION.pdf,/Cultural_club/21-22/24.12.2022%20ESSAY%20COMPETITION.pdf,application/pdf,606135,200,,1,https://www.rmd.ac.in/Cultural_club/activities.html,a
https://www.rmd.ac.in/Cultural_club/21-22/27.11.2021%20PAINTING%20COMPETIITON.pdf,PDF,pdf,27.11.2021 PAINTING COMPETIITON.pdf,/Cultural_club/21-22/27.11.2021%20PAINTING%20COMPETIITON.pdf,application/pdf,740403,200,,1,https://www.rmd.ac.in/Cultural_club/activities.html,a
https://www.rmd.ac.in/Cultural_club/21-22/30.01.2022%20POETRY%20WRTING%20COMPETTIION.pdf,PDF,pdf,30.01.2022 POETRY WRTING COMPETTIION.pdf,/Cultural_club/21-22/30.01.2022%20POETRY%20WRTING%20COMPETTIION.pdf,application/pdf,529015,200,,1,https://www.rmd.ac.in/Cultural_club/activities.html,a
https://www.rmd.ac.in/Cultural_club/22-23/08.04.2023%20GROUP%20SINGING.pdf,PDF,pdf,08.04.2023 GROUP SINGING.pdf,/Cultural_club/22-23/08.04.2023%20GROUP%20SINGING.pdf,application/pdf,1072867,200,,1,https://www.rmd.ac.in/Cultural_club/activities.html,a
https://www.rmd.ac.in/Cultural_club/22-23/08.04.2023%20SOLO%20SINGING%20COMPETITION.pdf,PDF,pdf,08.04.2023 SOLO SINGING COMPETITION.pdf,/Cultural_club/22-23/08.04.2023%20SOLO%20SINGING%20COMPETITION.pdf,application/pdf,865536,200,,1,https://www.rmd.ac.in/Cultural_club/activities.html,a
https://www.rmd.ac.in/Cultural_club/22-23/24.01.2023%20ADZAP%20COMPETITION.pdf,PDF,pdf,24.01.2023 ADZAP COMPETITION.pdf,/Cultural_club/22-23/24.01.2023%20ADZAP%20COMPETITION.pdf,application/pdf,625611,200,,1,https://www.rmd.ac.in/Cultural_club/activities.html,a
https://www.rmd.ac.in/Cultural_club/22-23/24.11.%202022%20MIME%20COMPETITION.pdf,PDF,pdf,24.11. 2022 MIME COMPETITION.pdf,/Cultural_club/22-23/24.11.%202022%20MIME%20COMPETITION.pdf,application/pdf,884809,200,,1,https://www.rmd.ac.in/Cultural_club/activities.html,a
https://www.rmd.ac.in/Cultural_club/23-24/19.10.2023%20ADZAP%20COMPETITION.pdf,PDF,pdf,19.10.2023 ADZAP COMPETITION.pdf,/Cultural_club/23-24/19.10.2023%20ADZAP%20COMPETITION.pdf,application/pdf,856270,200,,1,https://www.rmd.ac.in/Cultural_club/activities.html,a
https://www.rmd.ac.in/Cultural_club/23-24/3.11.2023%20SOLO%20DANCE%20COMPETITION.pdf,PDF,pdf,3.11.2023 SOLO DANCE COMPETITION.pdf,/Cultural_club/23-24/3.11.2023%20SOLO%20DANCE%20COMPETITION.pdf,application/pdf,769348,200,,1,https://www.rmd.ac.in/Cultural_club/activities.html,a
https://www.rmd.ac.in/Cultural_club/24-25/GROUP%20DANCE%20COMPETITION.pdf,PDF,pdf,GROUP DANCE COMPETITION.pdf,/Cultural_club/24-25/GROUP%20DANCE%20COMPETITION.pdf,application/pdf,945032,200,,1,https://www.rmd.ac.in/Cultural_club/activities.html,a
https://www.rmd.ac.in/Cultural_club/24-25/SOLO%20DANCE%20COMPETITION.pdf,PDF,pdf,SOLO DANCE COMPETITION.pdf,/Cultural_club/24-25/SOLO%20DANCE%20COMPETITION.pdf,application/pdf,450443,200,,1,https://www.rmd.ac.in/Cultural_club/activities.html,a
https://www.rmd.ac.in/Cultural_club/25-26/SKIT%20COMPETITION.pdf,PDF,pdf,SKIT COMPETITION.pdf,/Cultural_club/25-26/SKIT%20COMPETITION.pdf,application/pdf,806794,200,,1,https://www.rmd.ac.in/Cultural_club/activities.html,a
https://www.rmd.ac.in/Cultural_club/25-26/SOLO%20DANCE%20COMPETITION.pdf,PDF,pdf,SOLO DANCE COMPETITION.pdf,/Cultural_club/25-26/SOLO%20DANCE%20COMPETITION.pdf,application/pdf,943535,200,,1,https://www.rmd.ac.in/Cultural_club/activities.html,a
https://www.rmd.ac.in/Cultural_club/25-26/SOLO%20SPOTLIGHT%20COMPETITION.pdf,PDF,pdf,SOLO SPOTLIGHT COMPETITION.pdf,/Cultural_club/25-26/SOLO%20SPOTLIGHT%20COMPETITION.pdf,application/pdf,1118808,200,,1,https://www.rmd.ac.in/Cultural_club/activities.html,a
https://www.rmd.ac.in/Cultural_club/25-26/SOLO%20SPOTLIGHT-MUSIC%20&%20DANCE%20COMPETITION.pdf,PDF,pdf,SOLO SPOTLIGHT-MUSIC & DANCE COMPETITION.pdf,/Cultural_club/25-26/SOLO%20SPOTLIGHT-MUSIC%20&%20DANCE%20COMPETITION.pdf,application/pdf,1179528,200,,1,https://www.rmd.ac.in/Cultural_club/activities.html,a
https://www.rmd.ac.in/DCS%20CSBS.pdf,PDF,pdf,DCS CSBS.pdf,/DCS%20CSBS.pdf,application/pdf,1098829,200,,1,https://www.rmd.ac.in/nba.html,a
https://www.rmd.ac.in/DCS%20CSE.pdf,PDF,pdf,DCS CSE.pdf,/DCS%20CSE.pdf,application/pdf,1458489,200,,1,https://www.rmd.ac.in/nba.html,a
https://www.rmd.ac.in/DCS%20ECE.pdf,PDF,pdf,DCS ECE.pdf,/DCS%20ECE.pdf,application/pdf,3875697,200,,1,https://www.rmd.ac.in/nba.html,a
https://www.rmd.ac.in/DCS%20IT.pdf,PDF,pdf,DCS IT.pdf,/DCS%20IT.pdf,application/pdf,1258469,200,,1,https://www.rmd.ac.in/nba.html,a
https://www.rmd.ac.in/Edwisely.pdf,PDF,pdf,Edwisely.pdf,/Edwisely.pdf,application/pdf,133095,200,,1,https://www.rmd.ac.in/,a
https://www.rmd.ac.in/Feedback/feedback.pdf,PDF,pdf,feedback.pdf,/Feedback/feedback.pdf,application/pdf,408095,200,,1,https://www.rmd.ac.in/Feedback/,embed
https://www.rmd.ac.in/GOL%20Document%20RMD%20Engineering%20College.pdf,PDF,pdf,GOL Document RMD Engineering College.pdf,/GOL%20Document%20RMD%20Engineering%20College.pdf,application/pdf,3057906,200,,1,https://www.rmd.ac.in/,a
https://www.rmd.ac.in/Grievance/INTERNAL%20COMPLAINTS%20COMMITTEE_2025.pdf,PDF,pdf,INTERNAL COMPLAINTS COMMITTEE_2025.pdf,/Grievance/INTERNAL%20COMPLAINTS%20COMMITTEE_2025.pdf,application/pdf,717023,200,,1,https://www.rmd.ac.in/Grievance/icc.html,embed
https://www.rmd.ac.in/Grievance/SGRC.pdf,PDF,pdf,SGRC.pdf,/Grievance/SGRC.pdf,application/pdf,757372,200,,1,https://www.rmd.ac.in/Grievance/studentscommittee.html,embed
https://www.rmd.ac.in/Grievance/STUDENT%20GRIEVANCE%20REDRESSAL%20COMMITTEE-2024-25.pdf,PDF,pdf,STUDENT GRIEVANCE REDRESSAL COMMITTEE-2024-25.pdf,/Grievance/STUDENT%20GRIEVANCE%20REDRESSAL%20COMMITTEE-2024-25.pdf,application/pdf,1966443,200,,1,https://www.rmd.ac.in/Grievance/,embed
https://www.rmd.ac.in/Grievance/scst_2025.pdf,PDF,pdf,scst_2025.pdf,/Grievance/scst_2025.pdf,application/pdf,447110,200,,1,https://www.rmd.ac.in/Grievance/scst.html,embed
https://www.rmd.ac.in/HAR%20GHAR%20TIRANGA%20-%20AZADI%20KA%20AMRIT%20MAHOTSAV.pdf,PDF,pdf,HAR GHAR TIRANGA - AZADI KA AMRIT MAHOTSAV.pdf,/HAR%20GHAR%20TIRANGA%20-%20AZADI%20KA%20AMRIT%20MAHOTSAV.pdf,application/pdf,613782,200,,1,https://www.rmd.ac.in/,a
https://www.rmd.ac.in/HE/Events/Events_19_20.pdf,PDF,pdf,Events_19_20.pdf,/HE/Events/Events_19_20.pdf,application/pdf,326578,200,,1,https://www.rmd.ac.in/HE/events.html,embed
https://www.rmd.ac.in/HE/Events/Events_20_21.pdf,PDF,pdf,Events_20_21.pdf,/HE/Events/Events_20_21.pdf,application/pdf,436507,200,,1,https://www.rmd.ac.in/HE/events.html,embed
https://www.rmd.ac.in/HE/Events/Events_21_22.pdf,PDF,pdf,Events_21_22.pdf,/HE/Events/Events_21_22.pdf,application/pdf,188890,200,,1,https://www.rmd.ac.in/HE/events.html,embed
https://www.rmd.ac.in/HE/Events/Events_22_23.pdf,PDF,pdf,Events_22_23.pdf,/HE/Events/Events_22_23.pdf,application/pdf,299819,200,,1,https://www.rmd.ac.in/HE/events.html,embed
https://www.rmd.ac.in/HE/Events/Events_23_24.pdf,PDF,pdf,Events_23_24.pdf,/HE/Events/Events_23_24.pdf,application/pdf,1078812,200,,1,https://www.rmd.ac.in/HE/events.html,embed
https://www.rmd.ac.in/HE/Events/Events_24_25.pdf,PDF,pdf,Events_24_25.pdf,/HE/Events/Events_24_25.pdf,application/pdf,1678926,200,,1,https://www.rmd.ac.in/HE/events.html,embed
https://www.rmd.ac.in/HE/Events/Events_25_26.pdf,PDF,pdf,Events_25_26.pdf,/HE/Events/Events_25_26.pdf,application/pdf,973545,200,,1,https://www.rmd.ac.in/HE/events.html,embed
https://www.rmd.ac.in/HE/List%20of%20students%20Admitted%20in%20to%20Higher%20Studies%20%E2%80%93%20(2023-2024).pdf,PDF,pdf,List of students Admitted in to Higher Studies – (2023-2024).pdf,/HE/List%20of%20students%20Admitted%20in%20to%20Higher%20Studies%20%E2%80%93%20(2023-2024).pdf,application/pdf,341856,200,,1,https://www.rmd.ac.in/HE/phs.html,embed
https://www.rmd.ac.in/HE/RMD-ABROAD%2025.07.2026.pdf,PDF,pdf,RMD-ABROAD 25.07.2026.pdf,/HE/RMD-ABROAD%2025.07.2026.pdf,application/pdf,640038,200,,1,https://www.rmd.ac.in/HE/phs.html,embed
https://www.rmd.ac.in/HE/RMD-HIGHER%20STUDIES%20ADMITTED%20DETAILS%20last%205%20years%20for%20Autonomous.pdf,PDF,pdf,RMD-HIGHER STUDIES ADMITTED DETAILS last 5 years for Autonomous.pdf,/HE/RMD-HIGHER%20STUDIES%20ADMITTED%20DETAILS%20last%205%20years%20for%20Autonomous.pdf,application/pdf,747905,200,,1,https://www.rmd.ac.in/HE/phs.html,embed
https://www.rmd.ac.in/HE/RMD-INDIA%2025.07.2026.pdf,PDF,pdf,RMD-INDIA 25.07.2026.pdf,/HE/RMD-INDIA%2025.07.2026.pdf,application/pdf,269943,200,,1,https://www.rmd.ac.in/HE/phs.html,embed
https://www.rmd.ac.in/HE/Student%20interested%2025.07.2026.pdf,PDF,pdf,Student interested 25.07.2026.pdf,/HE/Student%20interested%2025.07.2026.pdf,application/pdf,134889,200,,1,https://www.rmd.ac.in/HE/si.html,embed
https://www.rmd.ac.in/HE/Students%20registered%2025.07.2026.pdf,PDF,pdf,Students registered 25.07.2026.pdf,/HE/Students%20registered%2025.07.2026.pdf,application/pdf,548923,200,,1,https://www.rmd.ac.in/HE/sr.html,embed
https://www.rmd.ac.in/HE/bec.pdf,PDF,pdf,bec.pdf,/HE/bec.pdf,application/pdf,490641,200,,1,https://www.rmd.ac.in/HE/bec.html,embed
https://www.rmd.ac.in/HE/links.pdf,PDF,pdf,links.pdf,/HE/links.pdf,application/pdf,703758,200,,1,https://www.rmd.ac.in/HE/links.html,embed
https://www.rmd.ac.in/HE/mou.pdf,PDF,pdf,mou.pdf,/HE/mou.pdf,application/pdf,818254,200,,1,https://www.rmd.ac.in/HE/mou.html,embed
https://www.rmd.ac.in/HE/photogallery.pdf,PDF,pdf,photogallery.pdf,/HE/photogallery.pdf,application/pdf,1971695,200,,1,https://www.rmd.ac.in/HE/photo.html,embed
https://www.rmd.ac.in/ICIETDW_24/Program-Schedule_ICIETDW'24.pdf,PDF,pdf,Program-Schedule_ICIETDW'24.pdf,/ICIETDW_24/Program-Schedule_ICIETDW'24.pdf,application/pdf,390846,200,,1,https://www.rmd.ac.in/ICIETDW_24/status.html,embed
https://www.rmd.ac.in/KAPILA%20Patent%20Proofs.pdf,PDF,pdf,KAPILA Patent Proofs.pdf,/KAPILA%20Patent%20Proofs.pdf,application/pdf,654414,200,,2,https://www.rmd.ac.in/gallery.html,a
https://www.rmd.ac.in/Language_club/20-21/ENGLISH%20WEBINAR.pdf,PDF,pdf,ENGLISH WEBINAR.pdf,/Language_club/20-21/ENGLISH%20WEBINAR.pdf,application/pdf,781543,200,,1,https://www.rmd.ac.in/Language_club/activities.html,a
https://www.rmd.ac.in/Language_club/21-22/17.05.2022%20SHIP%20WRECK%20COMPETITION.pdf,PDF,pdf,17.05.2022 SHIP WRECK COMPETITION.pdf,/Language_club/21-22/17.05.2022%20SHIP%20WRECK%20COMPETITION.pdf,application/pdf,728187,200,,1,https://www.rmd.ac.in/Language_club/activities.html,a
https://www.rmd.ac.in/Language_club/21-22/24.2.2022%20ESSAY%20WRITING%20COMPTETITION.pdf,PDF,pdf,24.2.2022 ESSAY WRITING COMPTETITION.pdf,/Language_club/21-22/24.2.2022%20ESSAY%20WRITING%20COMPTETITION.pdf,application/pdf,403392,200,,1,https://www.rmd.ac.in/Language_club/activities.html,a
https://www.rmd.ac.in/Language_club/22-23/1.04.2023%20JAM%20COMPETITION.pdf,PDF,pdf,1.04.2023 JAM COMPETITION.pdf,/Language_club/22-23/1.04.2023%20JAM%20COMPETITION.pdf,application/pdf,418881,200,,1,https://www.rmd.ac.in/Language_club/activities.html,a
https://www.rmd.ac.in/Language_club/22-23/30.9.2022%20ESSAY%20WRITING%20COMPETITION.pdf,PDF,pdf,30.9.2022 ESSAY WRITING COMPETITION.pdf,/Language_club/22-23/30.9.2022%20ESSAY%20WRITING%20COMPETITION.pdf,application/pdf,368320,200,,1,https://www.rmd.ac.in/Language_club/activities.html,a
"https://www.rmd.ac.in/MoE,%20National%20Institute%20Ranking%20Framework%20(NIRF).pdf",PDF,pdf,"MoE, National Institute Ranking Framework (NIRF).pdf","/MoE,%20National%20Institute%20Ranking%20Framework%20(NIRF).pdf",application/pdf,268935,200,,1,https://www.rmd.ac.in/,a
https://www.rmd.ac.in/NBA%20Orders%202023-2026.pdf,PDF,pdf,NBA Orders 2023-2026.pdf,/NBA%20Orders%202023-2026.pdf,application/pdf,554402,200,,1,https://www.rmd.ac.in/nba.html,a
https://www.rmd.ac.in/Onlinecourse/pdf/award_19_20.pdf,PDF,pdf,award_19_20.pdf,/Onlinecourse/pdf/award_19_20.pdf,application/pdf,1663918,200,,1,https://www.rmd.ac.in/Onlinecourse/awards.html,embed
https://www.rmd.ac.in/Onlinecourse/pdf/award_20_21.pdf,PDF,pdf,award_20_21.pdf,/Onlinecourse/pdf/award_20_21.pdf,application/pdf,684812,200,,1,https://www.rmd.ac.in/Onlinecourse/awards.html,embed
https://www.rmd.ac.in/Onlinecourse/pdf/award_21_22.pdf,PDF,pdf,award_21_22.pdf,/Onlinecourse/pdf/award_21_22.pdf,application/pdf,2556310,200,,1,https://www.rmd.ac.in/Onlinecourse/awards.html,embed
https://www.rmd.ac.in/Onlinecourse/pdf/award_22_23.pdf,PDF,pdf,award_22_23.pdf,/Onlinecourse/pdf/award_22_23.pdf,application/pdf,1753151,200,,1,https://www.rmd.ac.in/Onlinecourse/awards.html,embed
https://www.rmd.ac.in/Onlinecourse/pdf/award_23_24.pdf,PDF,pdf,award_23_24.pdf,/Onlinecourse/pdf/award_23_24.pdf,application/pdf,1611127,200,,1,https://www.rmd.ac.in/Onlinecourse/awards.html,embed
https://www.rmd.ac.in/Onlinecourse/pdf/oer.pdf,PDF,pdf,oer.pdf,/Onlinecourse/pdf/oer.pdf,application/pdf,191480,200,,1,https://www.rmd.ac.in/Onlinecourse/oer.html,embed
https://www.rmd.ac.in/Pamphlet/2026/RMD%20AIML%20BROCHURE.pdf,PDF,pdf,RMD AIML BROCHURE.pdf,/Pamphlet/2026/RMD%20AIML%20BROCHURE.pdf,application/pdf,5558843,200,,1,https://www.rmd.ac.in/,a
https://www.rmd.ac.in/Pamphlet/2026/RMK%20CSBS%20BROCHURE.pdf,PDF,pdf,RMK CSBS BROCHURE.pdf,/Pamphlet/2026/RMK%20CSBS%20BROCHURE.pdf,application/pdf,5312590,200,,1,https://www.rmd.ac.in/,a
https://www.rmd.ac.in/Pamphlet/2026/RMK%20CSE%20BROCHURE.pdf,PDF,pdf,RMK CSE BROCHURE.pdf,/Pamphlet/2026/RMK%20CSE%20BROCHURE.pdf,application/pdf,4438598,200,,1,https://www.rmd.ac.in/,a
https://www.rmd.ac.in/Pamphlet/2026/RMK%20ECE%20BROCHURE.pdf,PDF,pdf,RMK ECE BROCHURE.pdf,/Pamphlet/2026/RMK%20ECE%20BROCHURE.pdf,application/pdf,4758168,200,,1,https://www.rmd.ac.in/,a
https://www.rmd.ac.in/Pamphlet/2026/RMK%20EEE%20BROCHURE.pdf,PDF,pdf,RMK EEE BROCHURE.pdf,/Pamphlet/2026/RMK%20EEE%20BROCHURE.pdf,application/pdf,4345961,200,,1,https://www.rmd.ac.in/,a
https://www.rmd.ac.in/Pamphlet/2026/RMK%20IT%20BROCHURE.pdf,PDF,pdf,RMK IT BROCHURE.pdf,/Pamphlet/2026/RMK%20IT%20BROCHURE.pdf,application/pdf,5263091,200,,1,https://www.rmd.ac.in/,a
https://www.rmd.ac.in/Photo_club/20-21/28.02.2021%20YOUR%20MEMORABLE%20PHOTOS.pdf,PDF,pdf,28.02.2021 YOUR MEMORABLE PHOTOS.pdf,/Photo_club/20-21/28.02.2021%20YOUR%20MEMORABLE%20PHOTOS.pdf,application/pdf,696531,200,,1,https://www.rmd.ac.in/Photo_club/activities.html,a
https://www.rmd.ac.in/Photo_club/21-22/13.06.2021%20WORLD%20TELECOMMUNICATION%20DAY.pdf,PDF,pdf,13.06.2021 WORLD TELECOMMUNICATION DAY.pdf,/Photo_club/21-22/13.06.2021%20WORLD%20TELECOMMUNICATION%20DAY.pdf,application/pdf,1278300,200,,1,https://www.rmd.ac.in/Photo_club/activities.html,a
https://www.rmd.ac.in/Photo_club/21-22/24.05.2022%20VIDEO%20MAKING%20ON%20SDG%2012.pdf,PDF,pdf,24.05.2022 VIDEO MAKING ON SDG 12.pdf,/Photo_club/21-22/24.05.2022%20VIDEO%20MAKING%20ON%20SDG%2012.pdf,application/pdf,143375,200,,1,https://www.rmd.ac.in/Photo_club/activities.html,a
https://www.rmd.ac.in/Photo_club/21-22/29.9.2021%20WORLD%20ENVIRONMENT%20HEALTH%20%20DAY.pdf,PDF,pdf,29.9.2021 WORLD ENVIRONMENT HEALTH  DAY.pdf,/Photo_club/21-22/29.9.2021%20WORLD%20ENVIRONMENT%20HEALTH%20%20DAY.pdf,application/pdf,527807,200,,1,https://www.rmd.ac.in/Photo_club/activities.html,a
https://www.rmd.ac.in/Photo_club/21-22/3.05.2022%20WORLD%20EARTH%20DAY.pdf,PDF,pdf,3.05.2022 WORLD EARTH DAY.pdf,/Photo_club/21-22/3.05.2022%20WORLD%20EARTH%20DAY.pdf,application/pdf,423800,200,,1,https://www.rmd.ac.in/Photo_club/activities.html,a
https://www.rmd.ac.in/Photo_club/21-22/30.05.2022%20ONE%20MINUTE%20VIDEO%20COMPETITION.pdf,PDF,pdf,30.05.2022 ONE MINUTE VIDEO COMPETITION.pdf,/Photo_club/21-22/30.05.2022%20ONE%20MINUTE%20VIDEO%20COMPETITION.pdf,application/pdf,477260,200,,1,https://www.rmd.ac.in/Photo_club/activities.html,a
https://www.rmd.ac.in/Photo_club/22-23/02.01.2023%20GLOBAL%20%20FAMILY%20DAY.pdf,PDF,pdf,02.01.2023 GLOBAL  FAMILY DAY.pdf,/Photo_club/22-23/02.01.2023%20GLOBAL%20%20FAMILY%20DAY.pdf,application/pdf,497934,200,,1,https://www.rmd.ac.in/Photo_club/activities.html,a
https://www.rmd.ac.in/Photo_club/22-23/31.08.2022%20CELEBRATING%20PHOTOGRAPHY%20DAY.pdf,PDF,pdf,31.08.2022 CELEBRATING PHOTOGRAPHY DAY.pdf,/Photo_club/22-23/31.08.2022%20CELEBRATING%20PHOTOGRAPHY%20DAY.pdf,application/pdf,440659,200,,1,https://www.rmd.ac.in/Photo_club/activities.html,a
https://www.rmd.ac.in/Photo_club/22-23/7.06.2022%20WORLD%20FOOD%20SAFETY%20DAY%20PHOTOGRAPHY%20CONTEST.pdf,PDF,pdf,7.06.2022 WORLD FOOD SAFETY DAY PHOTOGRAPHY CONTEST.pdf,/Photo_club/22-23/7.06.2022%20WORLD%20FOOD%20SAFETY%20DAY%20PHOTOGRAPHY%20CONTEST.pdf,application/pdf,1049296,200,,1,https://www.rmd.ac.in/Photo_club/activities.html,a
https://www.rmd.ac.in/Photo_club/23-24/CLIMATE%20ACTION.pdf,PDF,pdf,CLIMATE ACTION.pdf,/Photo_club/23-24/CLIMATE%20ACTION.pdf,application/pdf,874626,200,,1,https://www.rmd.ac.in/Photo_club/activities.html,a
https://www.rmd.ac.in/Photo_club/23-24/GENDER%20EQUALITY.pdf,PDF,pdf,GENDER EQUALITY.pdf,/Photo_club/23-24/GENDER%20EQUALITY.pdf,application/pdf,408992,200,,1,https://www.rmd.ac.in/Photo_club/activities.html,a
https://www.rmd.ac.in/Photo_club/23-24/LIFE%20ON%20LAND.pdf,PDF,pdf,LIFE ON LAND.pdf,/Photo_club/23-24/LIFE%20ON%20LAND.pdf,application/pdf,514278,200,,1,https://www.rmd.ac.in/Photo_club/activities.html,a
https://www.rmd.ac.in/Photo_club/24-25/CLIMATE%20CHANGE.pdf,PDF,pdf,CLIMATE CHANGE.pdf,/Photo_club/24-25/CLIMATE%20CHANGE.pdf,application/pdf,515174,200,,1,https://www.rmd.ac.in/Photo_club/activities.html,a
https://www.rmd.ac.in/Photo_club/24-25/LIFE%20ON%20LAND.pdf,PDF,pdf,LIFE ON LAND.pdf,/Photo_club/24-25/LIFE%20ON%20LAND.pdf,application/pdf,512182,200,,1,https://www.rmd.ac.in/Photo_club/activities.html,a
https://www.rmd.ac.in/Photo_club/25-26/CLEAN%20&%20GREEN%20PHOTO%20WALK.pdf,PDF,pdf,CLEAN & GREEN PHOTO WALK.pdf,/Photo_club/25-26/CLEAN%20&%20GREEN%20PHOTO%20WALK.pdf,application/pdf,657711,200,,1,https://www.rmd.ac.in/Photo_club/activities.html,a
https://www.rmd.ac.in/Photo_club/25-26/DIGITAL%20STORY%20TELLING.pdf,PDF,pdf,DIGITAL STORY TELLING.pdf,/Photo_club/25-26/DIGITAL%20STORY%20TELLING.pdf,application/pdf,640281,200,,1,https://www.rmd.ac.in/Photo_club/activities.html,a
https://www.rmd.ac.in/Photo_club/25-26/FRAMING%20THE%20FUTURE.pdf,PDF,pdf,FRAMING THE FUTURE.pdf,/Photo_club/25-26/FRAMING%20THE%20FUTURE.pdf,application/pdf,378639,200,,1,https://www.rmd.ac.in/Photo_club/activities.html,a
https://www.rmd.ac.in/Photo_club/25-26/LIFE%20ON%20LAND.pdf,PDF,pdf,LIFE ON LAND.pdf,/Photo_club/25-26/LIFE%20ON%20LAND.pdf,application/pdf,689773,200,,1,https://www.rmd.ac.in/Photo_club/activities.html,a
https://www.rmd.ac.in/Science_club/20-21/12%2005.2021%20QUIZ%20COMPETITION.pdf,PDF,pdf,12 05.2021 QUIZ COMPETITION.pdf,/Science_club/20-21/12%2005.2021%20QUIZ%20COMPETITION.pdf,application/pdf,809131,200,,1,https://www.rmd.ac.in/Science_club/activities.html,a
https://www.rmd.ac.in/Science_club/20-21/21.6.2021%20WEBINAR.pdf,PDF,pdf,21.6.2021 WEBINAR.pdf,/Science_club/20-21/21.6.2021%20WEBINAR.pdf,application/pdf,510224,200,,1,https://www.rmd.ac.in/Science_club/activities.html,a
https://www.rmd.ac.in/Science_club/20-21/24.4.2021%20MINI%20PROJECT%20PRESENTAITON.pdf,PDF,pdf,24.4.2021 MINI PROJECT PRESENTAITON.pdf,/Science_club/20-21/24.4.2021%20MINI%20PROJECT%20PRESENTAITON.pdf,application/pdf,960009,200,,1,https://www.rmd.ac.in/Science_club/activities.html,a
https://www.rmd.ac.in/Science_club/21-22/12.02.2022%20ELOCUTION%20COMPETITION.pdf,PDF,pdf,12.02.2022 ELOCUTION COMPETITION.pdf,/Science_club/21-22/12.02.2022%20ELOCUTION%20COMPETITION.pdf,application/pdf,787501,200,,1,https://www.rmd.ac.in/Science_club/activities.html,a
https://www.rmd.ac.in/Science_club/21-22/12.04.2022%20E%20QUIZ.pdf,PDF,pdf,12.04.2022 E QUIZ.pdf,/Science_club/21-22/12.04.2022%20E%20QUIZ.pdf,application/pdf,725406,200,,1,https://www.rmd.ac.in/Science_club/activities.html,a
https://www.rmd.ac.in/Science_club/21-22/20.12.2021ONLINE%20QUIZ.pdf,PDF,pdf,20.12.2021ONLINE QUIZ.pdf,/Science_club/21-22/20.12.2021ONLINE%20QUIZ.pdf,application/pdf,961903,200,,1,https://www.rmd.ac.in/Science_club/activities.html,a
https://www.rmd.ac.in/Science_club/21-22/20.5.2022%20CREATIVE%20WRITING.pdf,PDF,pdf,20.5.2022 CREATIVE WRITING.pdf,/Science_club/21-22/20.5.2022%20CREATIVE%20WRITING.pdf,application/pdf,807439,200,,1,https://www.rmd.ac.in/Science_club/activities.html,a
https://www.rmd.ac.in/Science_club/21-22/27.12.2021%20PPT%20PRESENTATION.pdf,PDF,pdf,27.12.2021 PPT PRESENTATION.pdf,/Science_club/21-22/27.12.2021%20PPT%20PRESENTATION.pdf,application/pdf,819806,200,,1,https://www.rmd.ac.in/Science_club/activities.html,a
https://www.rmd.ac.in/Science_club/22-23/29.11.2022%20IDEA%20COMPETITION.pdf,PDF,pdf,29.11.2022 IDEA COMPETITION.pdf,/Science_club/22-23/29.11.2022%20IDEA%20COMPETITION.pdf,application/pdf,999246,200,,1,https://www.rmd.ac.in/Science_club/activities.html,a
https://www.rmd.ac.in/Science_club/22-23/31.12.2022%20E%20QUIZ.pdf,PDF,pdf,31.12.2022 E QUIZ.pdf,/Science_club/22-23/31.12.2022%20E%20QUIZ.pdf,application/pdf,748157,200,,1,https://www.rmd.ac.in/Science_club/activities.html,a
https://www.rmd.ac.in/Science_club/22-23/7.03.2023%20POSTER%20PRESENTATION.pdf,PDF,pdf,7.03.2023 POSTER PRESENTATION.pdf,/Science_club/22-23/7.03.2023%20POSTER%20PRESENTATION.pdf,application/pdf,1034165,200,,1,https://www.rmd.ac.in/Science_club/activities.html,a
https://www.rmd.ac.in/Science_club/23-24/SCIENCE%20&%20INNOVATION%20CLUB%20REPORT-%20ACTIVITY%201.pdf,PDF,pdf,SCIENCE & INNOVATION CLUB REPORT- ACTIVITY 1.pdf,/Science_club/23-24/SCIENCE%20&%20INNOVATION%20CLUB%20REPORT-%20ACTIVITY%201.pdf,application/pdf,222732,200,,1,https://www.rmd.ac.in/Science_club/activities.html,a
https://www.rmd.ac.in/Science_club/23-24/SCIENCE%20&%20INNOVATION%20CLUB%20REPORT-%20ACTIVITY%202.pdf,PDF,pdf,SCIENCE & INNOVATION CLUB REPORT- ACTIVITY 2.pdf,/Science_club/23-24/SCIENCE%20&%20INNOVATION%20CLUB%20REPORT-%20ACTIVITY%202.pdf,application/pdf,282789,200,,1,https://www.rmd.ac.in/Science_club/activities.html,a
https://www.rmd.ac.in/Science_club/23-24/SCIENCE%20&%20INNOVATION%20CLUB%20REPORT-%20ACTIVITY%203.pdf,PDF,pdf,SCIENCE & INNOVATION CLUB REPORT- ACTIVITY 3.pdf,/Science_club/23-24/SCIENCE%20&%20INNOVATION%20CLUB%20REPORT-%20ACTIVITY%203.pdf,application/pdf,301875,200,,1,https://www.rmd.ac.in/Science_club/activities.html,a
https://www.rmd.ac.in/Science_club/23-24/SCIENCE%20&%20INNOVATION%20CLUB%20REPORT-%20ACTIVITY%204.pdf,PDF,pdf,SCIENCE & INNOVATION CLUB REPORT- ACTIVITY 4.pdf,/Science_club/23-24/SCIENCE%20&%20INNOVATION%20CLUB%20REPORT-%20ACTIVITY%204.pdf,application/pdf,156471,200,,1,https://www.rmd.ac.in/Science_club/activities.html,a
https://www.rmd.ac.in/Science_club/24-25/ACTIVITY%201.pdf,PDF,pdf,ACTIVITY 1.pdf,/Science_club/24-25/ACTIVITY%201.pdf,application/pdf,163449,200,,1,https://www.rmd.ac.in/Science_club/activities.html,a
https://www.rmd.ac.in/Science_club/24-25/ACTIVITY%202.pdf,PDF,pdf,ACTIVITY 2.pdf,/Science_club/24-25/ACTIVITY%202.pdf,application/pdf,438801,200,,1,https://www.rmd.ac.in/Science_club/activities.html,a
https://www.rmd.ac.in/Science_club/24-25/ACTIVITY%203.pdf,PDF,pdf,ACTIVITY 3.pdf,/Science_club/24-25/ACTIVITY%203.pdf,application/pdf,153138,200,,1,https://www.rmd.ac.in/Science_club/activities.html,a
https://www.rmd.ac.in/Science_club/24-25/ACTIVITY%204.pdf,PDF,pdf,ACTIVITY 4.pdf,/Science_club/24-25/ACTIVITY%204.pdf,application/pdf,312727,200,,1,https://www.rmd.ac.in/Science_club/activities.html,a
https://www.rmd.ac.in/Science_club/25-26/ACTIVITY%201.pdf,PDF,pdf,ACTIVITY 1.pdf,/Science_club/25-26/ACTIVITY%201.pdf,application/pdf,715790,200,,1,https://www.rmd.ac.in/Science_club/activities.html,a
https://www.rmd.ac.in/Science_club/25-26/ACTIVITY%202.pdf,PDF,pdf,ACTIVITY 2.pdf,/Science_club/25-26/ACTIVITY%202.pdf,application/pdf,159614,200,,1,https://www.rmd.ac.in/Science_club/activities.html,a
https://www.rmd.ac.in/Science_club/25-26/ACTIVITY%203.pdf,PDF,pdf,ACTIVITY 3.pdf,/Science_club/25-26/ACTIVITY%203.pdf,application/pdf,712136,200,,1,https://www.rmd.ac.in/Science_club/activities.html,a
https://www.rmd.ac.in/Science_club/25-26/ACTIVITY%204.pdf,PDF,pdf,ACTIVITY 4.pdf,/Science_club/25-26/ACTIVITY%204.pdf,application/pdf,167565,200,,1,https://www.rmd.ac.in/Science_club/activities.html,a
https://www.rmd.ac.in/Service%20Rules%20Version%206.pdf,PDF,pdf,Service Rules Version 6.pdf,/Service%20Rules%20Version%206.pdf,application/pdf,320815,200,,1,https://www.rmd.ac.in/,a
https://www.rmd.ac.in/Startup/pdf/Formulation%20of%20Objectives%20of%20Action%20Plan%20to%20Achieve%20the%20Goal%20of%20NISP.pdf,PDF,pdf,Formulation of Objectives of Action Plan to Achieve the Goal of NISP.pdf,/Startup/pdf/Formulation%20of%20Objectives%20of%20Action%20Plan%20to%20Achieve%20the%20Goal%20of%20NISP.pdf,application/pdf,378047,200,,1,https://www.rmd.ac.in/Startup/actionplan.html,embed
https://www.rmd.ac.in/Startup/pdf/Implementation%20Team.pdf,PDF,pdf,Implementation Team.pdf,/Startup/pdf/Implementation%20Team.pdf,application/pdf,194047,200,,1,https://www.rmd.ac.in/Startup/team.html,embed
https://www.rmd.ac.in/Tech_club/21-22/OFFLINE%20CIRCUIT%20DEBUGGING%20COMPETITION%20-16.5.22.pdf,PDF,pdf,OFFLINE CIRCUIT DEBUGGING COMPETITION -16.5.22.pdf,/Tech_club/21-22/OFFLINE%20CIRCUIT%20DEBUGGING%20COMPETITION%20-16.5.22.pdf,application/pdf,394113,200,,1,https://www.rmd.ac.in/Tech_club/activities.html,a
https://www.rmd.ac.in/Tech_club/21-22/OFFLINE%20ELECTRONIC%20DESIGN%20COMPETITION%20-21.05.22.pdf,PDF,pdf,OFFLINE ELECTRONIC DESIGN COMPETITION -21.05.22.pdf,/Tech_club/21-22/OFFLINE%20ELECTRONIC%20DESIGN%20COMPETITION%20-21.05.22.pdf,application/pdf,372730,200,,1,https://www.rmd.ac.in/Tech_club/activities.html,a
https://www.rmd.ac.in/Tech_club/21-22/ONLINE%20DEBATE%20COMPETITION%20-11.10.21.pdf,PDF,pdf,ONLINE DEBATE COMPETITION -11.10.21.pdf,/Tech_club/21-22/ONLINE%20DEBATE%20COMPETITION%20-11.10.21.pdf,application/pdf,647763,200,,1,https://www.rmd.ac.in/Tech_club/activities.html,a
https://www.rmd.ac.in/Tech_club/21-22/ONLINE%20EXTEMPORE%20COMPETITION%20-%2010.11.21.pdf,PDF,pdf,ONLINE EXTEMPORE COMPETITION - 10.11.21.pdf,/Tech_club/21-22/ONLINE%20EXTEMPORE%20COMPETITION%20-%2010.11.21.pdf,application/pdf,805724,200,,1,https://www.rmd.ac.in/Tech_club/activities.html,a
https://www.rmd.ac.in/Tech_club/21-22/ONLINE%20TECHNICAL%20QUIZ%20COMPETITION%20-%2012.01.2022.pdf,PDF,pdf,ONLINE TECHNICAL QUIZ COMPETITION - 12.01.2022.pdf,/Tech_club/21-22/ONLINE%20TECHNICAL%20QUIZ%20COMPETITION%20-%2012.01.2022.pdf,application/pdf,323598,200,,1,https://www.rmd.ac.in/Tech_club/activities.html,a
https://www.rmd.ac.in/Tech_club/22-23/OFFLINE%20TECH%20TALK%20COMPETITION%20-%2028.11.22.pdf,PDF,pdf,OFFLINE TECH TALK COMPETITION - 28.11.22.pdf,/Tech_club/22-23/OFFLINE%20TECH%20TALK%20COMPETITION%20-%2028.11.22.pdf,application/pdf,794437,200,,1,https://www.rmd.ac.in/Tech_club/activities.html,a
https://www.rmd.ac.in/Tech_club/22-23/OFFLINE%20TECHNICAL%20TALK%20COMPETITION%20-18.11.22.pdf,PDF,pdf,OFFLINE TECHNICAL TALK COMPETITION -18.11.22.pdf,/Tech_club/22-23/OFFLINE%20TECHNICAL%20TALK%20COMPETITION%20-18.11.22.pdf,application/pdf,388332,200,,1,https://www.rmd.ac.in/Tech_club/activities.html,a
https://www.rmd.ac.in/Tech_club/22-23/PROJECT%20EXPO%20CONTEST-%2018.02.23.pdf,PDF,pdf,PROJECT EXPO CONTEST- 18.02.23.pdf,/Tech_club/22-23/PROJECT%20EXPO%20CONTEST-%2018.02.23.pdf,application/pdf,657954,200,,1,https://www.rmd.ac.in/Tech_club/activities.html,a
https://www.rmd.ac.in/Tech_club/24-25/DEBATE%20COMPETITION.pdf,PDF,pdf,DEBATE COMPETITION.pdf,/Tech_club/24-25/DEBATE%20COMPETITION.pdf,application/pdf,90283,200,,1,https://www.rmd.ac.in/Tech_club/activities.html,a
https://www.rmd.ac.in/Tech_club/24-25/TECH%20TALK%20COMPETITION.pdf,PDF,pdf,TECH TALK COMPETITION.pdf,/Tech_club/24-25/TECH%20TALK%20COMPETITION.pdf,application/pdf,129369,200,,1,https://www.rmd.ac.in/Tech_club/activities.html,a
https://www.rmd.ac.in/Tech_club/25-26/ACTIVITY%201.pdf,PDF,pdf,ACTIVITY 1.pdf,/Tech_club/25-26/ACTIVITY%201.pdf,application/pdf,405574,200,,1,https://www.rmd.ac.in/Tech_club/activities.html,a
https://www.rmd.ac.in/Tech_club/25-26/ACTIVITY%202.pdf,PDF,pdf,ACTIVITY 2.pdf,/Tech_club/25-26/ACTIVITY%202.pdf,application/pdf,358937,200,,1,https://www.rmd.ac.in/Tech_club/activities.html,a
https://www.rmd.ac.in/Tech_club/25-26/ACTIVITY%203.pdf,PDF,pdf,ACTIVITY 3.pdf,/Tech_club/25-26/ACTIVITY%203.pdf,,,,,1,https://www.rmd.ac.in/Tech_club/activities.html,a
https://www.rmd.ac.in/UHV_club/21-22/06.2.2022%20POSTER%20MAKING%20CONTEST.pdf,PDF,pdf,06.2.2022 POSTER MAKING CONTEST.pdf,/UHV_club/21-22/06.2.2022%20POSTER%20MAKING%20CONTEST.pdf,,,,,1,https://www.rmd.ac.in/UHV_club/activities.html,a
https://www.rmd.ac.in/UHV_club/21-22/12.12.2021%20GENERAL%20QUIZ.pdf,PDF,pdf,12.12.2021 GENERAL QUIZ.pdf,/UHV_club/21-22/12.12.2021%20GENERAL%20QUIZ.pdf,,,,,1,https://www.rmd.ac.in/UHV_club/activities.html,a
https://www.rmd.ac.in/UHV_club/21-22/18.10.2021%20VIDEO%20CONTEST%20.pdf,PDF,pdf,18.10.2021 VIDEO CONTEST .pdf,/UHV_club/21-22/18.10.2021%20VIDEO%20CONTEST%20.pdf,,,,,1,https://www.rmd.ac.in/UHV_club/activities.html,a
https://www.rmd.ac.in/UHV_club/21-22/21.09.2021%20QUIZ%20COMPETITION.pdf,PDF,pdf,21.09.2021 QUIZ COMPETITION.pdf,/UHV_club/21-22/21.09.2021%20QUIZ%20COMPETITION.pdf,,,,,1,https://www.rmd.ac.in/UHV_club/activities.html,a
https://www.rmd.ac.in/UHV_club/22-23/09.03.2023%20DRAWING%20AND%20PAINTING.pdf,PDF,pdf,09.03.2023 DRAWING AND PAINTING.pdf,/UHV_club/22-23/09.03.2023%20DRAWING%20AND%20PAINTING.pdf,,,,,1,https://www.rmd.ac.in/UHV_club/activities.html,a
https://www.rmd.ac.in/UHV_club/22-23/11.02.2023%20ONLINE%20QUIZ%20.pdf,PDF,pdf,11.02.2023 ONLINE QUIZ .pdf,/UHV_club/22-23/11.02.2023%20ONLINE%20QUIZ%20.pdf,,,,,1,https://www.rmd.ac.in/UHV_club/activities.html,a
https://www.rmd.ac.in/UHV_club/22-23/24.11.2022%20QUIZ%20COMPETITION.pdf,PDF,pdf,24.11.2022 QUIZ COMPETITION.pdf,/UHV_club/22-23/24.11.2022%20QUIZ%20COMPETITION.pdf,,,,,1,https://www.rmd.ac.in/UHV_club/activities.html,a
https://www.rmd.ac.in/UHV_club/23-24/21.06.2023%20SPEECH%20COMPETITION.pdf,PDF,pdf,21.06.2023 SPEECH COMPETITION.pdf,/UHV_club/23-24/21.06.2023%20SPEECH%20COMPETITION.pdf,,,,,1,https://www.rmd.ac.in/UHV_club/activities.html,a
https://www.rmd.ac.in/Winners%20of%20HustleX%201.0-1-3.pdf,PDF,pdf,Winners of HustleX 1.0-1-3.pdf,/Winners%20of%20HustleX%201.0-1-3.pdf,,,,,1,https://www.rmd.ac.in/,a
https://www.rmd.ac.in/aboutus/AICTE/AICTE%20Approval%202001-02.pdf,PDF,pdf,AICTE Approval 2001-02.pdf,/aboutus/AICTE/AICTE%20Approval%202001-02.pdf,,,,,1,https://www.rmd.ac.in/aboutus/2001-02.html,embed
https://www.rmd.ac.in/aboutus/AICTE/AICTE%20Approval%202002-03.pdf,PDF,pdf,AICTE Approval 2002-03.pdf,/aboutus/AICTE/AICTE%20Approval%202002-03.pdf,,,,,1,https://www.rmd.ac.in/aboutus/2002-03.html,embed
https://www.rmd.ac.in/aboutus/AICTE/AICTE%20Approval%202003-04.pdf,PDF,pdf,AICTE Approval 2003-04.pdf,/aboutus/AICTE/AICTE%20Approval%202003-04.pdf,,,,,1,https://www.rmd.ac.in/aboutus/2003-04.html,embed
https://www.rmd.ac.in/aboutus/AICTE/AICTE%20Approval%202004-05.pdf,PDF,pdf,AICTE Approval 2004-05.pdf,/aboutus/AICTE/AICTE%20Approval%202004-05.pdf,,,,,1,https://www.rmd.ac.in/aboutus/2004-05.html,embed
https://www.rmd.ac.in/aboutus/AICTE/AICTE%20Approval%202005-06.pdf,PDF,pdf,AICTE Approval 2005-06.pdf,/aboutus/AICTE/AICTE%20Approval%202005-06.pdf,,,,,1,https://www.rmd.ac.in/aboutus/2005-06.html,embed
https://www.rmd.ac.in/aboutus/AICTE/AICTE%20Approval%202006-07.pdf,PDF,pdf,AICTE Approval 2006-07.pdf,/aboutus/AICTE/AICTE%20Approval%202006-07.pdf,,,,,1,https://www.rmd.ac.in/aboutus/2006-07.html,embed
https://www.rmd.ac.in/aboutus/AICTE/AICTE%20Approval%202007-08.pdf,PDF,pdf,AICTE Approval 2007-08.pdf,/aboutus/AICTE/AICTE%20Approval%202007-08.pdf,,,,,1,https://www.rmd.ac.in/aboutus/2007-08.html,embed
https://www.rmd.ac.in/aboutus/AICTE/AICTE%20Approval%202008-09.pdf,PDF,pdf,AICTE Approval 2008-09.pdf,/aboutus/AICTE/AICTE%20Approval%202008-09.pdf,,,,,1,https://www.rmd.ac.in/aboutus/2008-09.html,embed
https://www.rmd.ac.in/aboutus/AICTE/AICTE%20Approval%202009-10.pdf,PDF,pdf,AICTE Approval 2009-10.pdf,/aboutus/AICTE/AICTE%20Approval%202009-10.pdf,,,,,1,https://www.rmd.ac.in/aboutus/2009-10.html,embed
https://www.rmd.ac.in/aboutus/AICTE/AICTE%20Approval%202010-11.pdf,PDF,pdf,AICTE Approval 2010-11.pdf,/aboutus/AICTE/AICTE%20Approval%202010-11.pdf,,,,,1,https://www.rmd.ac.in/aboutus/2010-11.html,embed
https://www.rmd.ac.in/aboutus/AICTE/AICTE%20Approval%202011-12.pdf,PDF,pdf,AICTE Approval 2011-12.pdf,/aboutus/AICTE/AICTE%20Approval%202011-12.pdf,,,,,1,https://www.rmd.ac.in/aboutus/2011-12.html,embed
https://www.rmd.ac.in/aboutus/AICTE/AICTE%20Approval%202012-13.pdf,PDF,pdf,AICTE Approval 2012-13.pdf,/aboutus/AICTE/AICTE%20Approval%202012-13.pdf,,,,,1,https://www.rmd.ac.in/aboutus/2012-13.html,embed
https://www.rmd.ac.in/aboutus/AICTE/AICTE%20Approval%202013-14.pdf,PDF,pdf,AICTE Approval 2013-14.pdf,/aboutus/AICTE/AICTE%20Approval%202013-14.pdf,,,,,1,https://www.rmd.ac.in/aboutus/2013-14.html,embed
https://www.rmd.ac.in/aboutus/AICTE/AICTE%20Approval%202014-15.pdf,PDF,pdf,AICTE Approval 2014-15.pdf,/aboutus/AICTE/AICTE%20Approval%202014-15.pdf,,,,,1,https://www.rmd.ac.in/aboutus/2014-15.html,embed
https://www.rmd.ac.in/aboutus/AICTE/AICTE%20Approval%202015-16.pdf,PDF,pdf,AICTE Approval 2015-16.pdf,/aboutus/AICTE/AICTE%20Approval%202015-16.pdf,,,,,1,https://www.rmd.ac.in/aboutus/2015-16.html,embed
https://www.rmd.ac.in/aboutus/AICTE/AICTE%20Approval%202016-17.pdf,PDF,pdf,AICTE Approval 2016-17.pdf,/aboutus/AICTE/AICTE%20Approval%202016-17.pdf,,,,,1,https://www.rmd.ac.in/aboutus/2016-17.html,embed
https://www.rmd.ac.in/aboutus/AICTE/AICTE%20Approval%202017-18.pdf,PDF,pdf,AICTE Approval 2017-18.pdf,/aboutus/AICTE/AICTE%20Approval%202017-18.pdf,,,,,1,https://www.rmd.ac.in/aboutus/2017-18.html,embed
https://www.rmd.ac.in/aboutus/AICTE/AICTE%20Approval%202018-19.PDF,PDF,pdf,AICTE Approval 2018-19.PDF,/aboutus/AICTE/AICTE%20Approval%202018-19.PDF,,,,,1,https://www.rmd.ac.in/aboutus/2018-19.html,embed
https://www.rmd.ac.in/aboutus/AICTE/AICTE%20Approval%202019-20.PDF,PDF,pdf,AICTE Approval 2019-20.PDF,/aboutus/AICTE/AICTE%20Approval%202019-20.PDF,,,,,1,https://www.rmd.ac.in/aboutus/2019-20.html,embed
https://www.rmd.ac.in/aboutus/AICTE/AICTE%20Approval%202020-21.PDF,PDF,pdf,AICTE Approval 2020-21.PDF,/aboutus/AICTE/AICTE%20Approval%202020-21.PDF,,,,,1,https://www.rmd.ac.in/aboutus/2020-21.html,embed
https://www.rmd.ac.in/aboutus/AICTE/AICTE%20Approval%202021-22.PDF,PDF,pdf,AICTE Approval 2021-22.PDF,/aboutus/AICTE/AICTE%20Approval%202021-22.PDF,,,,,1,https://www.rmd.ac.in/aboutus/2021-22.html,embed
https://www.rmd.ac.in/aboutus/AICTE/AICTE%20Approval%202022-23.PDF,PDF,pdf,AICTE Approval 2022-23.PDF,/aboutus/AICTE/AICTE%20Approval%202022-23.PDF,,,,,1,https://www.rmd.ac.in/aboutus/2022-23.html,embed
https://www.rmd.ac.in/aboutus/AICTE/AICTE%20Approval%202023-24.pdf,PDF,pdf,AICTE Approval 2023-24.pdf,/aboutus/AICTE/AICTE%20Approval%202023-24.pdf,,,,,1,https://www.rmd.ac.in/aboutus/2023-24.html,embed
https://www.rmd.ac.in/aboutus/AICTE/AICTE%20Approval%202024-25.pdf,PDF,pdf,AICTE Approval 2024-25.pdf,/aboutus/AICTE/AICTE%20Approval%202024-25.pdf,,,,,1,https://www.rmd.ac.in/aboutus/2024-25.html,embed
https://www.rmd.ac.in/aboutus/AICTE/AICTE%20Approval%202025-26.PDF,PDF,pdf,AICTE Approval 2025-26.PDF,/aboutus/AICTE/AICTE%20Approval%202025-26.PDF,,,,,1,https://www.rmd.ac.in/aboutus/2025-26.html,embed
https://www.rmd.ac.in/aboutus/AICTE/AICTE%20Approval%202026-27.PDF,PDF,pdf,AICTE Approval 2026-27.PDF,/aboutus/AICTE/AICTE%20Approval%202026-27.PDF,,,,,1,https://www.rmd.ac.in/aboutus/AICTEapprovals.html,embed
https://www.rmd.ac.in/aboutus/AU/AU_AFFILIATION_ORDER_2023-24.pdf,PDF,pdf,AU_AFFILIATION_ORDER_2023-24.pdf,/aboutus/AU/AU_AFFILIATION_ORDER_2023-24.pdf,,,,,2,https://www.rmd.ac.in/aboutus/au2022-23.html,embed
https://www.rmd.ac.in/aboutus/AU/AU_AFFILIATION_ORDER_2024-25.pdf,PDF,pdf,AU_AFFILIATION_ORDER_2024-25.pdf,/aboutus/AU/AU_AFFILIATION_ORDER_2024-25.pdf,,,,,1,https://www.rmd.ac.in/aboutus/au2024-25.html,embed
https://www.rmd.ac.in/aboutus/AU/AU_AFFILIATION_ORDER_2025-26.pdf,PDF,pdf,AU_AFFILIATION_ORDER_2025-26.pdf,/aboutus/AU/AU_AFFILIATION_ORDER_2025-26.pdf,,,,,2,https://www.rmd.ac.in/aboutus/Annaapprovals.html,embed
https://www.rmd.ac.in/aboutus/Code%20of%20Conduct.pdf,PDF,pdf,Code of Conduct.pdf,/aboutus/Code%20of%20Conduct.pdf,,,,,1,https://www.rmd.ac.in/aboutus/Code_of_conduct.html,embed
https://www.rmd.ac.in/aboutus/approvals.pdf,PDF,pdf,approvals.pdf,/aboutus/approvals.pdf,,,,,445,https://www.rmd.ac.in/,a
https://www.rmd.ac.in/academiccalendar.pdf,PDF,pdf,academiccalendar.pdf,/academiccalendar.pdf,,,,,33,https://www.rmd.ac.in/,a
https://www.rmd.ac.in/academics/Code%20of%20Conduct.pdf,PDF,pdf,Code of Conduct.pdf,/academics/Code%20of%20Conduct.pdf,,,,,1,https://www.rmd.ac.in/academics/Code_of_conduct.html,embed
https://www.rmd.ac.in/academics/Curriculum/2017/01.%20B.E.EEE.pdf,PDF,pdf,01. B.E.EEE.pdf,/academics/Curriculum/2017/01.%20B.E.EEE.pdf,,,,,1,https://www.rmd.ac.in/academics/Curriculum.html,a
https://www.rmd.ac.in/academics/Curriculum/2017/01.B.E.%20CSE%20final.pdf,PDF,pdf,01.B.E. CSE final.pdf,/academics/Curriculum/2017/01.B.E.%20CSE%20final.pdf,,,,,1,https://www.rmd.ac.in/academics/Curriculum.html,a
https://www.rmd.ac.in/academics/Curriculum/2017/02.%20B.TECH%20IT%20final.pdf,PDF,pdf,02. B.TECH IT final.pdf,/academics/Curriculum/2017/02.%20B.TECH%20IT%20final.pdf,,,,,1,https://www.rmd.ac.in/academics/Curriculum.html,a
https://www.rmd.ac.in/academics/Curriculum/2017/03.%20B.E.%20ECE%20final.pdf,PDF,pdf,03. B.E. ECE final.pdf,/academics/Curriculum/2017/03.%20B.E.%20ECE%20final.pdf,,,,,1,https://www.rmd.ac.in/academics/Curriculum.html,a
https://www.rmd.ac.in/academics/Curriculum/2017/09.B.Tech.CSBS.pdf,PDF,pdf,09.B.Tech.CSBS.pdf,/academics/Curriculum/2017/09.B.Tech.CSBS.pdf,,,,,1,https://www.rmd.ac.in/academics/Curriculum.html,a
https://www.rmd.ac.in/academics/Curriculum/2021/IT-%20Curriculum%20and%20Syllabi.pdf,PDF,pdf,IT- Curriculum and Syllabi.pdf,/academics/Curriculum/2021/IT-%20Curriculum%20and%20Syllabi.pdf,,,,,1,https://www.rmd.ac.in/academics/Curriculum.html,a
https://www.rmd.ac.in/academics/Curriculum/2021/R%202021%20%20CSBS%20Curriculum%20&%20Syllai.pdf,PDF,pdf,R 2021  CSBS Curriculum & Syllai.pdf,/academics/Curriculum/2021/R%202021%20%20CSBS%20Curriculum%20&%20Syllai.pdf,,,,,1,https://www.rmd.ac.in/academics/Curriculum.html,a
https://www.rmd.ac.in/academics/Curriculum/2021/R2021%20%20AIML%20Curriculum%20&%20Syllai.pdf,PDF,pdf,R2021  AIML Curriculum & Syllai.pdf,/academics/Curriculum/2021/R2021%20%20AIML%20Curriculum%20&%20Syllai.pdf,,,,,1,https://www.rmd.ac.in/academics/Curriculum.html,a
https://www.rmd.ac.in/academics/Curriculum/2021/R2021%20CSE%20Curriculum%20&%20Syllai.pdf,PDF,pdf,R2021 CSE Curriculum & Syllai.pdf,/academics/Curriculum/2021/R2021%20CSE%20Curriculum%20&%20Syllai.pdf,,,,,1,https://www.rmd.ac.in/academics/Curriculum.html,a
https://www.rmd.ac.in/academics/Curriculum/2021/R2021%20ECE%20Curriculum%20&%20Syllai.pdf,PDF,pdf,R2021 ECE Curriculum & Syllai.pdf,/academics/Curriculum/2021/R2021%20ECE%20Curriculum%20&%20Syllai.pdf,,,,,1,https://www.rmd.ac.in/academics/Curriculum.html,a
https://www.rmd.ac.in/academics/Curriculum/2022/BATCH%202026%20R2022%20B.Tech%20AIML%20FINAL.pdf,PDF,pdf,BATCH 2026 R2022 B.Tech AIML FINAL.pdf,/academics/Curriculum/2022/BATCH%202026%20R2022%20B.Tech%20AIML%20FINAL.pdf,,,,,1,https://www.rmd.ac.in/academics/Curriculum.html,a
https://www.rmd.ac.in/academics/Curriculum/2022/BATCH%202027%20R2022%20B.Tech%20AIML%20FINAL.pdf,PDF,pdf,BATCH 2027 R2022 B.Tech AIML FINAL.pdf,/academics/Curriculum/2022/BATCH%202027%20R2022%20B.Tech%20AIML%20FINAL.pdf,,,,,1,https://www.rmd.ac.in/academics/Curriculum.html,a
https://www.rmd.ac.in/academics/Curriculum/2022/R2022%20-I%20to%20VIII%20-Curriculum%20(2023-2027)-%2025.11.2025%20Ratified%20(Batch%202027).pdf,PDF,pdf,R2022 -I to VIII -Curriculum (2023-2027)- 25.11.2025 Ratified (Batch 2027).pdf,/academics/Curriculum/2022/R2022%20-I%20to%20VIII%20-Curriculum%20(2023-2027)-%2025.11.2025%20Ratified%20(Batch%202027).pdf,,,,,1,https://www.rmd.ac.in/academics/Curriculum.html,a
https://www.rmd.ac.in/academics/Curriculum/2022/R2022%20CSE%20Curriculum%20&%20Syllabi%20students%20admitted%20in%20AY%202022%20-%2023.pdf,PDF,pdf,R2022 CSE Curriculum & Syllabi students admitted in AY 2022 - 23.pdf,/academics/Curriculum/2022/R2022%20CSE%20Curriculum%20&%20Syllabi%20students%20admitted%20in%20AY%202022%20-%2023.pdf,,,,,1,https://www.rmd.ac.in/academics/Curriculum.html,a
https://www.rmd.ac.in/academics/Curriculum/2022/R2022%20Curriculum%20and%20Syllabi%20Admitted%20for%20Academic%20Year%20(2023-2024).pdf,PDF,pdf,R2022 Curriculum and Syllabi Admitted for Academic Year (2023-2024).pdf,/academics/Curriculum/2022/R2022%20Curriculum%20and%20Syllabi%20Admitted%20for%20Academic%20Year%20(2023-2024).pdf,,,,,1,https://www.rmd.ac.in/academics/Curriculum.html,a
https://www.rmd.ac.in/academics/Curriculum/2022/R2022-Curriculum%20&%20Syllabi%20(2022-2026).pdf,PDF,pdf,R2022-Curriculum & Syllabi (2022-2026).pdf,/academics/Curriculum/2022/R2022-Curriculum%20&%20Syllabi%20(2022-2026).pdf,,,,,1,https://www.rmd.ac.in/academics/Curriculum.html,a
https://www.rmd.ac.in/academics/Curriculum/2022/R2022-Curriculum%20&%20Syllabi%20(2023-2027).pdf,PDF,pdf,R2022-Curriculum & Syllabi (2023-2027).pdf,/academics/Curriculum/2022/R2022-Curriculum%20&%20Syllabi%20(2023-2027).pdf,,,,,1,https://www.rmd.ac.in/academics/Curriculum.html,a
https://www.rmd.ac.in/academics/Curriculum/2022/RMD%20R2022%20Curriculum%20and%20Syllabus%20for%20the%20students%20admitted%20in%20AY2023%20UPDATED.pdf,PDF,pdf,RMD R2022 Curriculum and Syllabus for the students admitted in AY2023 UPDATED.pdf,/academics/Curriculum/2022/RMD%20R2022%20Curriculum%20and%20Syllabus%20for%20the%20students%20admitted%20in%20AY2023%20UPDATED.pdf,,,,,1,https://www.rmd.ac.in/academics/Curriculum.html,a
https://www.rmd.ac.in/academics/Curriculum/2022/RMDIT-R22-Curriculum%20and%20Syllabi%20(22-23).pdf,PDF,pdf,RMDIT-R22-Curriculum and Syllabi (22-23).pdf,/academics/Curriculum/2022/RMDIT-R22-Curriculum%20and%20Syllabi%20(22-23).pdf,,,,,1,https://www.rmd.ac.in/academics/Curriculum.html,a
https://www.rmd.ac.in/academics/Curriculum/2024/2.%20B.Tech-IT%202024%20Curriculum%20&%20Syllabus%20(1%20to%204).pdf,PDF,pdf,2. B.Tech-IT 2024 Curriculum & Syllabus (1 to 4).pdf,/academics/Curriculum/2024/2.%20B.Tech-IT%202024%20Curriculum%20&%20Syllabus%20(1%20to%204).pdf,,,,,1,https://www.rmd.ac.in/academics/Curriculum.html,a
https://www.rmd.ac.in/academics/Curriculum/2024/B.Tech-IT%202024%20Curriculum%20and%20%20Syllabus%20(I%20&%20II%20Semester)-%20Ratified.pdf,PDF,pdf,B.Tech-IT 2024 Curriculum and  Syllabus (I & II Semester)- Ratified.pdf,/academics/Curriculum/2024/B.Tech-IT%202024%20Curriculum%20and%20%20Syllabus%20(I%20&%20II%20Semester)-%20Ratified.pdf,,,,,1,https://www.rmd.ac.in/academics/Curriculum.html,a
https://www.rmd.ac.in/academics/Curriculum/2024/BATCH%202028%20AIML%20CURRICULUM%20AND%20SYLLABUS.pdf,PDF,pdf,BATCH 2028 AIML CURRICULUM AND SYLLABUS.pdf,/academics/Curriculum/2024/BATCH%202028%20AIML%20CURRICULUM%20AND%20SYLLABUS.pdf,,,,,1,https://www.rmd.ac.in/academics/Curriculum.html,a
https://www.rmd.ac.in/academics/Curriculum/2024/BATCH%202029%20AIML%20CURRICULUM%20AND%20SYLLABUS.pdf,PDF,pdf,BATCH 2029 AIML CURRICULUM AND SYLLABUS.pdf,/academics/Curriculum/2024/BATCH%202029%20AIML%20CURRICULUM%20AND%20SYLLABUS.pdf,,,,,1,https://www.rmd.ac.in/academics/Curriculum.html,a
https://www.rmd.ac.in/academics/Curriculum/2024/CSBS%20%20SEM%20I%20(15.10.2025).pdf,PDF,pdf,CSBS  SEM I (15.10.2025).pdf,/academics/Curriculum/2024/CSBS%20%20SEM%20I%20(15.10.2025).pdf,,,,,1,https://www.rmd.ac.in/academics/Curriculum.html,a
https://www.rmd.ac.in/academics/Curriculum/2024/CSBS%20SEM%20II%20(15.10.2025).pdf,PDF,pdf,CSBS SEM II (15.10.2025).pdf,/academics/Curriculum/2024/CSBS%20SEM%20II%20(15.10.2025).pdf,,,,,1,https://www.rmd.ac.in/academics/Curriculum.html,a
"https://www.rmd.ac.in/academics/Curriculum/2024/CSE,IT,AIML%20SEM%20I%20(15.10.2025).pdf",PDF,pdf,"CSE,IT,AIML SEM I (15.10.2025).pdf","/academics/Curriculum/2024/CSE,IT,AIML%20SEM%20I%20(15.10.2025).pdf",,,,,1,https://www.rmd.ac.in/academics/Curriculum.html,a
"https://www.rmd.ac.in/academics/Curriculum/2024/CSE,IT,AIML%20SEM%20II(15.10.2025).pdf",PDF,pdf,"CSE,IT,AIML SEM II(15.10.2025).pdf","/academics/Curriculum/2024/CSE,IT,AIML%20SEM%20II(15.10.2025).pdf",,,,,1,https://www.rmd.ac.in/academics/Curriculum.html,a
https://www.rmd.ac.in/academics/Curriculum/2024/ECE%20-%20SEM%20I%20(15.10.2025).pdf,PDF,pdf,ECE - SEM I (15.10.2025).pdf,/academics/Curriculum/2024/ECE%20-%20SEM%20I%20(15.10.2025).pdf,,,,,1,https://www.rmd.ac.in/academics/Curriculum.html,a
https://www.rmd.ac.in/academics/Curriculum/2024/ECE%20-%20SEM%20II%20(15.10.2025).pdf,PDF,pdf,ECE - SEM II (15.10.2025).pdf,/academics/Curriculum/2024/ECE%20-%20SEM%20II%20(15.10.2025).pdf,,,,,1,https://www.rmd.ac.in/academics/Curriculum.html,a
https://www.rmd.ac.in/academics/Curriculum/2024/R2024-%20Curriculum%20&%20syllabi%20(2025-2029).pdf,PDF,pdf,R2024- Curriculum & syllabi (2025-2029).pdf,/academics/Curriculum/2024/R2024-%20Curriculum%20&%20syllabi%20(2025-2029).pdf,,,,,1,https://www.rmd.ac.in/academics/Curriculum.html,a
https://www.rmd.ac.in/academics/Curriculum/2024/R2024-Curriculum%20&%20Syllabi%20(2024-2028).pdf,PDF,pdf,R2024-Curriculum & Syllabi (2024-2028).pdf,/academics/Curriculum/2024/R2024-Curriculum%20&%20Syllabi%20(2024-2028).pdf,,,,,1,https://www.rmd.ac.in/academics/Curriculum.html,a
https://www.rmd.ac.in/academics/Curriculum/2024/RMD%20CSE%20R2024%20CURRICULUM%20AND%20SYLLABI%20FOR%20AY2024%20ADMITTED%20updated%2001.07.2026%20(1).pdf,PDF,pdf,RMD CSE R2024 CURRICULUM AND SYLLABI FOR AY2024 ADMITTED updated 01.07.2026 (1).pdf,/academics/Curriculum/2024/RMD%20CSE%20R2024%20CURRICULUM%20AND%20SYLLABI%20FOR%20AY2024%20ADMITTED%20updated%2001.07.2026%20(1).pdf,,,,,1,https://www.rmd.ac.in/academics/Curriculum.html,a
https://www.rmd.ac.in/academics/Curriculum/2024/RMD%20CSE%20R2024%20CURRICULUM%20FOR%20AY2025%20ADMITTED%20UPDATED%20ON%2011.07.2026%20(1).pdf,PDF,pdf,RMD CSE R2024 CURRICULUM FOR AY2025 ADMITTED UPDATED ON 11.07.2026 (1).pdf,/academics/Curriculum/2024/RMD%20CSE%20R2024%20CURRICULUM%20FOR%20AY2025%20ADMITTED%20UPDATED%20ON%2011.07.2026%20(1).pdf,,,,,1,https://www.rmd.ac.in/academics/Curriculum.html,a
https://www.rmd.ac.in/academics/Curriculum/2024/RMDEC%20CSBS%202024%20Curriculum%20and%20Syllabus%20(2024-28%20Batch%20).pdf,PDF,pdf,RMDEC CSBS 2024 Curriculum and Syllabus (2024-28 Batch ).pdf,/academics/Curriculum/2024/RMDEC%20CSBS%202024%20Curriculum%20and%20Syllabus%20(2024-28%20Batch%20).pdf,,,,,1,https://www.rmd.ac.in/academics/Curriculum.html,a
https://www.rmd.ac.in/academics/Curriculum/2024/RMDEC%20CSBS%202024%20Curriculum%20and%20Syllabus%20(2025-29%20Batch).pdf,PDF,pdf,RMDEC CSBS 2024 Curriculum and Syllabus (2025-29 Batch).pdf,/academics/Curriculum/2024/RMDEC%20CSBS%202024%20Curriculum%20and%20Syllabus%20(2025-29%20Batch).pdf,,,,,1,https://www.rmd.ac.in/academics/Curriculum.html,a
https://www.rmd.ac.in/academics/Regulation/2021/Amendments%201%20-%20Modifications%20in%20Regulations%202021.pdf,PDF,pdf,Amendments 1 - Modifications in Regulations 2021.pdf,/academics/Regulation/2021/Amendments%201%20-%20Modifications%20in%20Regulations%202021.pdf,,,,,1,https://www.rmd.ac.in/academics/Regulation.html,a
https://www.rmd.ac.in/academics/Regulation/2021/Amendments%202%20-%20Modifications%20in%20Regulations%202021.pdf,PDF,pdf,Amendments 2 - Modifications in Regulations 2021.pdf,/academics/Regulation/2021/Amendments%202%20-%20Modifications%20in%20Regulations%202021.pdf,,,,,1,https://www.rmd.ac.in/academics/Regulation.html,a
https://www.rmd.ac.in/academics/Regulation/2021/Amendments%204%20-%20Modifications%20in%20Regulations%202021.pdf,PDF,pdf,Amendments 4 - Modifications in Regulations 2021.pdf,/academics/Regulation/2021/Amendments%204%20-%20Modifications%20in%20Regulations%202021.pdf,,,,,1,https://www.rmd.ac.in/academics/Regulation.html,a
https://www.rmd.ac.in/academics/Regulation/2021/Amendments%205%20-%20Modifications%20in%20Regulations%202021.pdf,PDF,pdf,Amendments 5 - Modifications in Regulations 2021.pdf,/academics/Regulation/2021/Amendments%205%20-%20Modifications%20in%20Regulations%202021.pdf,,,,,1,https://www.rmd.ac.in/academics/Regulation.html,a
https://www.rmd.ac.in/academics/Regulation/2021/Amendments%206-%20Modifications%20in%20Regulation%202021.pdf,PDF,pdf,Amendments 6- Modifications in Regulation 2021.pdf,/academics/Regulation/2021/Amendments%206-%20Modifications%20in%20Regulation%202021.pdf,,,,,1,https://www.rmd.ac.in/academics/Regulation.html,a
https://www.rmd.ac.in/academics/Regulation/2021/RMDEC%20UG%20Regulation%202021.pdf,PDF,pdf,RMDEC UG Regulation 2021.pdf,/academics/Regulation/2021/RMDEC%20UG%20Regulation%202021.pdf,,,,,1,https://www.rmd.ac.in/academics/Regulation.html,a
https://www.rmd.ac.in/academics/Regulation/2021/amendments%203%20-%20Modifications%20in%20Regulations%202021.pdf,PDF,pdf,amendments 3 - Modifications in Regulations 2021.pdf,/academics/Regulation/2021/amendments%203%20-%20Modifications%20in%20Regulations%202021.pdf,,,,,1,https://www.rmd.ac.in/academics/Regulation.html,a
https://www.rmd.ac.in/academics/Regulation/2022/RMDEC-UG-Regulation-2022%20WITH%20AMENDMENTS%20on%2013.10.2025.pdf,PDF,pdf,RMDEC-UG-Regulation-2022 WITH AMENDMENTS on 13.10.2025.pdf,/academics/Regulation/2022/RMDEC-UG-Regulation-2022%20WITH%20AMENDMENTS%20on%2013.10.2025.pdf,,,,,1,https://www.rmd.ac.in/academics/Regulation.html,a
https://www.rmd.ac.in/academics/Regulation/2024/RMDEC%20Regulations%202024%20with%20amendments%20on%2013.10.2025%20%20for%202025..26.pdf,PDF,pdf,RMDEC Regulations 2024 with amendments on 13.10.2025  for 2025..26.pdf,/academics/Regulation/2024/RMDEC%20Regulations%202024%20with%20amendments%20on%2013.10.2025%20%20for%202025..26.pdf,,,,,1,https://www.rmd.ac.in/academics/Regulation.html,a
https://www.rmd.ac.in/academics/Regulation/2024/RMDEC%20Regulations%202024%20with%20amendments%20on%2013.10.2025%20new%202024...25.pdf,PDF,pdf,RMDEC Regulations 2024 with amendments on 13.10.2025 new 2024...25.pdf,/academics/Regulation/2024/RMDEC%20Regulations%202024%20with%20amendments%20on%2013.10.2025%20new%202024...25.pdf,,,,,1,https://www.rmd.ac.in/academics/Regulation.html,a
https://www.rmd.ac.in/academics/pdf/AS-2017-2018-even-sem.pdf,PDF,pdf,AS-2017-2018-even-sem.pdf,/academics/pdf/AS-2017-2018-even-sem.pdf,,,,,1,https://www.rmd.ac.in/academics/Academic_Schedule.html,a
https://www.rmd.ac.in/academics/pdf/AS-2017-2018-odd-sem.pdf,PDF,pdf,AS-2017-2018-odd-sem.pdf,/academics/pdf/AS-2017-2018-odd-sem.pdf,,,,,1,https://www.rmd.ac.in/academics/Academic_Schedule.html,a
https://www.rmd.ac.in/academics/pdf/AS-2018-2019-even-sem.pdf,PDF,pdf,AS-2018-2019-even-sem.pdf,/academics/pdf/AS-2018-2019-even-sem.pdf,,,,,1,https://www.rmd.ac.in/academics/Academic_Schedule.html,a
https://www.rmd.ac.in/academics/pdf/AS-2018-2019-odd-sem.pdf,PDF,pdf,AS-2018-2019-odd-sem.pdf,/academics/pdf/AS-2018-2019-odd-sem.pdf,,,,,1,https://www.rmd.ac.in/academics/Academic_Schedule.html,a
https://www.rmd.ac.in/academics/pdf/AS-2019-2020-even-sem.pdf,PDF,pdf,AS-2019-2020-even-sem.pdf,/academics/pdf/AS-2019-2020-even-sem.pdf,,,,,1,https://www.rmd.ac.in/academics/Academic_Schedule.html,a
https://www.rmd.ac.in/academics/pdf/AS-2019-2020-odd-sem.pdf,PDF,pdf,AS-2019-2020-odd-sem.pdf,/academics/pdf/AS-2019-2020-odd-sem.pdf,,,,,1,https://www.rmd.ac.in/academics/Academic_Schedule.html,a
https://www.rmd.ac.in/academics/pdf/AS-2020-2021-even-sem.pdf,PDF,pdf,AS-2020-2021-even-sem.pdf,/academics/pdf/AS-2020-2021-even-sem.pdf,,,,,1,https://www.rmd.ac.in/academics/Academic_Schedule.html,a
https://www.rmd.ac.in/academics/pdf/AS-2020-2021-odd-sem.pdf,PDF,pdf,AS-2020-2021-odd-sem.pdf,/academics/pdf/AS-2020-2021-odd-sem.pdf,,,,,1,https://www.rmd.ac.in/academics/Academic_Schedule.html,a
https://www.rmd.ac.in/academics/pdf/AS-2021-2022-even-sem.pdf,PDF,pdf,AS-2021-2022-even-sem.pdf,/academics/pdf/AS-2021-2022-even-sem.pdf,,,,,1,https://www.rmd.ac.in/academics/Academic_Schedule.html,a
https://www.rmd.ac.in/academics/pdf/AS-2021-2022-odd-sem.pdf,PDF,pdf,AS-2021-2022-odd-sem.pdf,/academics/pdf/AS-2021-2022-odd-sem.pdf,,,,,1,https://www.rmd.ac.in/academics/Academic_Schedule.html,a
https://www.rmd.ac.in/academics/pdf/AS-2022-2023-even-sem.pdf,PDF,pdf,AS-2022-2023-even-sem.pdf,/academics/pdf/AS-2022-2023-even-sem.pdf,,,,,1,https://www.rmd.ac.in/academics/Academic_Schedule.html,a
https://www.rmd.ac.in/academics/pdf/AS-2022-2023-odd-sem.pdf,PDF,pdf,AS-2022-2023-odd-sem.pdf,/academics/pdf/AS-2022-2023-odd-sem.pdf,,,,,1,https://www.rmd.ac.in/academics/Academic_Schedule.html,a
https://www.rmd.ac.in/academics/pdf/AS-2023-2024-even-sem.pdf,PDF,pdf,AS-2023-2024-even-sem.pdf,/academics/pdf/AS-2023-2024-even-sem.pdf,,,,,1,https://www.rmd.ac.in/academics/Academic_Schedule.html,a
https://www.rmd.ac.in/academics/pdf/AS-2023-2024-odd-sem.pdf,PDF,pdf,AS-2023-2024-odd-sem.pdf,/academics/pdf/AS-2023-2024-odd-sem.pdf,,,,,1,https://www.rmd.ac.in/academics/Academic_Schedule.html,a
https://www.rmd.ac.in/academics/pdf/AS-2024-2025-even-sem.pdf,PDF,pdf,AS-2024-2025-even-sem.pdf,/academics/pdf/AS-2024-2025-even-sem.pdf,,,,,1,https://www.rmd.ac.in/academics/Academic_Schedule.html,a
https://www.rmd.ac.in/academics/pdf/AS-2024-2025-odd-sem.pdf,PDF,pdf,AS-2024-2025-odd-sem.pdf,/academics/pdf/AS-2024-2025-odd-sem.pdf,,,,,1,https://www.rmd.ac.in/academics/Academic_Schedule.html,a
https://www.rmd.ac.in/academics/pdf/AS-2025-2026-even-sem.pdf,PDF,pdf,AS-2025-2026-even-sem.pdf,/academics/pdf/AS-2025-2026-even-sem.pdf,,,,,1,https://www.rmd.ac.in/academics/Academic_Schedule.html,a
https://www.rmd.ac.in/academics/pdf/AS-2025-2026-odd-sem.pdf,PDF,pdf,AS-2025-2026-odd-sem.pdf,/academics/pdf/AS-2025-2026-odd-sem.pdf,,,,,1,https://www.rmd.ac.in/academics/Academic_Schedule.html,a
https://www.rmd.ac.in/academicschedule.pdf,PDF,pdf,academicschedule.pdf,/academicschedule.pdf,,,,,443,https://www.rmd.ac.in/ANTI-DRUG/,a
https://www.rmd.ac.in/alumni/Alumni%20Chapter-USA.pdf,PDF,pdf,Alumni Chapter-USA.pdf,/alumni/Alumni%20Chapter-USA.pdf,,,,,1,https://www.rmd.ac.in/alumni/achap.html,embed
https://www.rmd.ac.in/alumni/Alumni%20Speech.pdf,PDF,pdf,Alumni Speech.pdf,/alumni/Alumni%20Speech.pdf,,,,,1,https://www.rmd.ac.in/alumni/as.html,embed
https://www.rmd.ac.in/alumni/img/San%20Francisco.pdf,PDF,pdf,San Francisco.pdf,/alumni/img/San%20Francisco.pdf,,,,,1,https://www.rmd.ac.in/,a
https://www.rmd.ac.in/alumni/news.pdf,PDF,pdf,news.pdf,/alumni/news.pdf,,,,,1,https://www.rmd.ac.in/alumni/news.html,embed
https://www.rmd.ac.in/awards/lilavathi_award2022.pdf,PDF,pdf,lilavathi_award2022.pdf,/awards/lilavathi_award2022.pdf,,,,,1,https://www.rmd.ac.in/,a
https://www.rmd.ac.in/bc2019.pdf,PDF,pdf,bc2019.pdf,/bc2019.pdf,,,,,1,https://www.rmd.ac.in/,a
https://www.rmd.ac.in/bcs.pdf,PDF,pdf,bcs.pdf,/bcs.pdf,,,,,1,https://www.rmd.ac.in/,a
https://www.rmd.ac.in/campus.pdf,PDF,pdf,campus.pdf,/campus.pdf,,,,,31,https://www.rmd.ac.in/dept/cse/research/Hemalatha.html,a
https://www.rmd.ac.in/campus/food.pdf,PDF,pdf,food.pdf,/campus/food.pdf,,,,,1,https://www.rmd.ac.in/campus/hostel.html,a
https://www.rmd.ac.in/campus/rmdbus.pdf,PDF,pdf,rmdbus.pdf,/campus/rmdbus.pdf,,,,,1,https://www.rmd.ac.in/campus/transport.html,a
https://www.rmd.ac.in/campusmap.pdf,PDF,pdf,campusmap.pdf,/campusmap.pdf,,,,,445,https://www.rmd.ac.in/,a
https://www.rmd.ac.in/certificate/aishe.pdf,PDF,pdf,aishe.pdf,/certificate/aishe.pdf,,,,,469,https://www.rmd.ac.in/,a
https://www.rmd.ac.in/cfl/pdf/CFL%20Japanese%20Activities.pdf,PDF,pdf,CFL Japanese Activities.pdf,/cfl/pdf/CFL%20Japanese%20Activities.pdf,,,,,1,https://www.rmd.ac.in/cfl/Objectives.html,a
https://www.rmd.ac.in/cfl/pdf/MOU%20signed.pdf,PDF,pdf,MOU signed.pdf,/cfl/pdf/MOU%20signed.pdf,,,,,1,https://www.rmd.ac.in/cfl/Objectives.html,a
https://www.rmd.ac.in/cfl/pdf/Placement%20Opportunities%20at%20CFL.pdf,PDF,pdf,Placement Opportunities at CFL.pdf,/cfl/pdf/Placement%20Opportunities%20at%20CFL.pdf,,,,,1,https://www.rmd.ac.in/cfl/Objectives.html,a
https://www.rmd.ac.in/coe/Automatic_Electronics.pdf,PDF,pdf,Automatic_Electronics.pdf,/coe/Automatic_Electronics.pdf,,,,,1,https://www.rmd.ac.in/coe.html,a
https://www.rmd.ac.in/coe/Could%20computing.pdf,PDF,pdf,Could computing.pdf,/coe/Could%20computing.pdf,,,,,1,https://www.rmd.ac.in/coe.html,a
https://www.rmd.ac.in/coe/FSC%20CoE.pdf,PDF,pdf,FSC CoE.pdf,/coe/FSC%20CoE.pdf,,,,,1,https://www.rmd.ac.in/coe.html,a
https://www.rmd.ac.in/coe/Front_end_engineering.pdf,PDF,pdf,Front_end_engineering.pdf,/coe/Front_end_engineering.pdf,,,,,1,https://www.rmd.ac.in/coe.html,a
https://www.rmd.ac.in/coe/Full%20Stack%20Engineering.pdf,PDF,pdf,Full Stack Engineering.pdf,/coe/Full%20Stack%20Engineering.pdf,,,,,1,https://www.rmd.ac.in/coe.html,a
https://www.rmd.ac.in/coe/ai.pdf,PDF,pdf,ai.pdf,/coe/ai.pdf,,,,,1,https://www.rmd.ac.in/coe.html,a
https://www.rmd.ac.in/coe/cyber.pdf,PDF,pdf,cyber.pdf,/coe/cyber.pdf,,,,,1,https://www.rmd.ac.in/coe.html,a
https://www.rmd.ac.in/coe/es.pdf,PDF,pdf,es.pdf,/coe/es.pdf,,,,,1,https://www.rmd.ac.in/coe.html,a
https://www.rmd.ac.in/coe/iot.pdf,PDF,pdf,iot.pdf,/coe/iot.pdf,,,,,1,https://www.rmd.ac.in/coe.html,a
https://www.rmd.ac.in/coe/telecom.pdf,PDF,pdf,telecom.pdf,/coe/telecom.pdf,,,,,1,https://www.rmd.ac.in/coe.html,a
https://www.rmd.ac.in/committee/antiragging.pdf,PDF,pdf,antiragging.pdf,/committee/antiragging.pdf,,,,,444,https://www.rmd.ac.in/,a
https://www.rmd.ac.in/committee/internal.pdf,PDF,pdf,internal.pdf,/committee/internal.pdf,,,,,444,https://www.rmd.ac.in/,a
https://www.rmd.ac.in/committee/minority.pdf,PDF,pdf,minority.pdf,/committee/minority.pdf,,,,,444,https://www.rmd.ac.in/,a
https://www.rmd.ac.in/committee/obc.pdf,PDF,pdf,obc.pdf,/committee/obc.pdf,,,,,443,https://www.rmd.ac.in/ANTI-DRUG/,a
https://www.rmd.ac.in/committee/scst.pdf,PDF,pdf,scst.pdf,/committee/scst.pdf,,,,,444,https://www.rmd.ac.in/,a
https://www.rmd.ac.in/computercenter/pdf/CCTV%20CAMERA%20DETAILS.pdf,PDF,pdf,CCTV CAMERA DETAILS.pdf,/computercenter/pdf/CCTV%20CAMERA%20DETAILS.pdf,,,,,1,https://www.rmd.ac.in/computercenter/hardware.html,embed
https://www.rmd.ac.in/computercenter/pdf/CTS%20AI%20CoE%20iOS%20Laboratory%20-%20Bay-7.pdf,PDF,pdf,CTS AI CoE iOS Laboratory - Bay-7.pdf,/computercenter/pdf/CTS%20AI%20CoE%20iOS%20Laboratory%20-%20Bay-7.pdf,,,,,1,https://www.rmd.ac.in/computercenter/lab.html,embed
https://www.rmd.ac.in/computercenter/pdf/Computing%20and%20Network%20Laboratory%20-%20BAY-5.pdf,PDF,pdf,Computing and Network Laboratory - BAY-5.pdf,/computercenter/pdf/Computing%20and%20Network%20Laboratory%20-%20BAY-5.pdf,,,,,1,https://www.rmd.ac.in/computercenter/lab.html,embed
https://www.rmd.ac.in/computercenter/pdf/English%20Communication%20Skills%20%20Computing%20and%20Application%20Development%20Laboratory%20-BAY-1.pdf,PDF,pdf,English Communication Skills  Computing and Application Development Laboratory -BAY-1.pdf,/computercenter/pdf/English%20Communication%20Skills%20%20Computing%20and%20Application%20Development%20Laboratory%20-BAY-1.pdf,,,,,1,https://www.rmd.ac.in/computercenter/lab.html,embed
https://www.rmd.ac.in/computercenter/pdf/FIREWALL.pdf,PDF,pdf,FIREWALL.pdf,/computercenter/pdf/FIREWALL.pdf,,,,,1,https://www.rmd.ac.in/computercenter/hardware.html,embed
https://www.rmd.ac.in/computercenter/pdf/Machine%20Learning%20and%20Analytics%20Laboratory%20-%20Bay-9.pdf,PDF,pdf,Machine Learning and Analytics Laboratory - Bay-9.pdf,/computercenter/pdf/Machine%20Learning%20and%20Analytics%20Laboratory%20-%20Bay-9.pdf,,,,,1,https://www.rmd.ac.in/computercenter/lab.html,embed
https://www.rmd.ac.in/computercenter/pdf/Mobile%20Computing%20and%20Web%20Development%20Laboratory%20-%20BAY-3.pdf,PDF,pdf,Mobile Computing and Web Development Laboratory - BAY-3.pdf,/computercenter/pdf/Mobile%20Computing%20and%20Web%20Development%20Laboratory%20-%20BAY-3.pdf,,,,,1,https://www.rmd.ac.in/computercenter/lab.html,embed
https://www.rmd.ac.in/computercenter/pdf/Networks%20and%20Software%20Design%20Laboratory%20-%20BAY-2.pdf,PDF,pdf,Networks and Software Design Laboratory - BAY-2.pdf,/computercenter/pdf/Networks%20and%20Software%20Design%20Laboratory%20-%20BAY-2.pdf,,,,,1,https://www.rmd.ac.in/computercenter/lab.html,embed
https://www.rmd.ac.in/computercenter/pdf/PRINTER%20DETAILS.pdf,PDF,pdf,PRINTER DETAILS.pdf,/computercenter/pdf/PRINTER%20DETAILS.pdf,,,,,1,https://www.rmd.ac.in/computercenter/hardware.html,embed
https://www.rmd.ac.in/computercenter/pdf/Programming%20Laboratory%20-%20First%20Year.pdf,PDF,pdf,Programming Laboratory - First Year.pdf,/computercenter/pdf/Programming%20Laboratory%20-%20First%20Year.pdf,,,,,1,https://www.rmd.ac.in/computercenter/lab.html,embed
https://www.rmd.ac.in/computercenter/pdf/Programming%20Languages%20Laboratory%20-%20BAY-4.pdf,PDF,pdf,Programming Languages Laboratory - BAY-4.pdf,/computercenter/pdf/Programming%20Languages%20Laboratory%20-%20BAY-4.pdf,,,,,1,https://www.rmd.ac.in/computercenter/lab.html,embed
https://www.rmd.ac.in/computercenter/pdf/Programming%20and%20Database%20Laboratory%20-%20BAY-8.pdf,PDF,pdf,Programming and Database Laboratory - BAY-8.pdf,/computercenter/pdf/Programming%20and%20Database%20Laboratory%20-%20BAY-8.pdf,,,,,1,https://www.rmd.ac.in/computercenter/lab.html,embed
https://www.rmd.ac.in/computercenter/pdf/Research%20Work%20Laboratory%20-%20BAY-6.pdf,PDF,pdf,Research Work Laboratory - BAY-6.pdf,/computercenter/pdf/Research%20Work%20Laboratory%20-%20BAY-6.pdf,,,,,1,https://www.rmd.ac.in/computercenter/lab.html,embed
https://www.rmd.ac.in/computercenter/pdf/SYSTEM%20CONFIGURATION.pdf,PDF,pdf,SYSTEM CONFIGURATION.pdf,/computercenter/pdf/SYSTEM%20CONFIGURATION.pdf,,,,,1,https://www.rmd.ac.in/computercenter/hardware.html,embed
https://www.rmd.ac.in/computercenter/pdf/Server%20Configuration.pdf,PDF,pdf,Server Configuration.pdf,/computercenter/pdf/Server%20Configuration.pdf,,,,,1,https://www.rmd.ac.in/computercenter/lab.html,embed
https://www.rmd.ac.in/computercenter/pdf/UPS%20DETAILS.pdf,PDF,pdf,UPS DETAILS.pdf,/computercenter/pdf/UPS%20DETAILS.pdf,,,,,1,https://www.rmd.ac.in/computercenter/hardware.html,embed
https://www.rmd.ac.in/cultural/COLLEGE%20DAY%20CELEBRATIONS%20%202023%20-%20CULTURAL%20PROGRAMME.pdf,PDF,pdf,COLLEGE DAY CELEBRATIONS  2023 - CULTURAL PROGRAMME.pdf,/cultural/COLLEGE%20DAY%20CELEBRATIONS%20%202023%20-%20CULTURAL%20PROGRAMME.pdf,,,,,1,https://www.rmd.ac.in/cultural/winners.html,a
https://www.rmd.ac.in/cultural/COLLEGE%20DAY%20CELEBRATIONS%202023%20-%20FORMAL%20FUNCTION.pdf,PDF,pdf,COLLEGE DAY CELEBRATIONS 2023 - FORMAL FUNCTION.pdf,/cultural/COLLEGE%20DAY%20CELEBRATIONS%202023%20-%20FORMAL%20FUNCTION.pdf,,,,,1,https://www.rmd.ac.in/cultural/winners.html,a
https://www.rmd.ac.in/cultural/WINNERS%202016-17.pdf,PDF,pdf,WINNERS 2016-17.pdf,/cultural/WINNERS%202016-17.pdf,,,,,1,https://www.rmd.ac.in/cultural/winners.html,a
https://www.rmd.ac.in/cultural/WINNERS%202017-18.pdf,PDF,pdf,WINNERS 2017-18.pdf,/cultural/WINNERS%202017-18.pdf,,,,,1,https://www.rmd.ac.in/cultural/winners.html,a
https://www.rmd.ac.in/dept/aiml/pdf/2023-2024 IIC.pdf,PDF,pdf,2023-2024 IIC.pdf,/dept/aiml/pdf/2023-2024 IIC.pdf,,,,,1,https://www.rmd.ac.in/dept/aiml/iic.html,a
https://www.rmd.ac.in/dept/aiml/pdf/2024-2025 IIC.pdf,PDF,pdf,2024-2025 IIC.pdf,/dept/aiml/pdf/2024-2025 IIC.pdf,,,,,1,https://www.rmd.ac.in/dept/aiml/iic.html,a
https://www.rmd.ac.in/dept/aiml/pdf/2025-2026 IIC.pdf,PDF,pdf,2025-2026 IIC.pdf,/dept/aiml/pdf/2025-2026 IIC.pdf,,,,,1,https://www.rmd.ac.in/dept/aiml/iic.html,a
https://www.rmd.ac.in/dept/aiml/pdf/GL 25-26.pdf,PDF,pdf,GL 25-26.pdf,/dept/aiml/pdf/GL 25-26.pdf,,,,,1,https://www.rmd.ac.in/dept/aiml/gv.html,a
https://www.rmd.ac.in/dept/aiml/pdf/GUEST LECTURE ACADEMIC YEAR 2023-24.pdf,PDF,pdf,GUEST LECTURE ACADEMIC YEAR 2023-24.pdf,/dept/aiml/pdf/GUEST LECTURE ACADEMIC YEAR 2023-24.pdf,,,,,1,https://www.rmd.ac.in/dept/aiml/gv.html,a
https://www.rmd.ac.in/dept/aiml/pdf/GUEST LECTURES CONSOLIDATED REPORT_2022-2023.pdf,PDF,pdf,GUEST LECTURES CONSOLIDATED REPORT_2022-2023.pdf,/dept/aiml/pdf/GUEST LECTURES CONSOLIDATED REPORT_2022-2023.pdf,,,,,1,https://www.rmd.ac.in/dept/aiml/gv.html,a
https://www.rmd.ac.in/dept/aiml/pdf/Guest Lecturer ODD SEM 2024-2025.pdf,PDF,pdf,Guest Lecturer ODD SEM 2024-2025.pdf,/dept/aiml/pdf/Guest Lecturer ODD SEM 2024-2025.pdf,,,,,1,https://www.rmd.ac.in/dept/aiml/gv.html,a
https://www.rmd.ac.in/dept/aiml/pdf/IIC_2022-2023.pdf,PDF,pdf,IIC_2022-2023.pdf,/dept/aiml/pdf/IIC_2022-2023.pdf,,,,,1,https://www.rmd.ac.in/dept/aiml/iic.html,a
https://www.rmd.ac.in/dept/aiml/pdf/INDUSTRIAL VISIT ODD SEM 2024-25.pdf,PDF,pdf,INDUSTRIAL VISIT ODD SEM 2024-25.pdf,/dept/aiml/pdf/INDUSTRIAL VISIT ODD SEM 2024-25.pdf,,,,,1,https://www.rmd.ac.in/dept/aiml/iv.html,a
https://www.rmd.ac.in/dept/aiml/pdf/INDUSTRIAL VISIT REPORT 2023-2024.pdf,PDF,pdf,INDUSTRIAL VISIT REPORT 2023-2024.pdf,/dept/aiml/pdf/INDUSTRIAL VISIT REPORT 2023-2024.pdf,,,,,1,https://www.rmd.ac.in/dept/aiml/iv.html,a
https://www.rmd.ac.in/dept/aiml/pdf/INDUSTRIAL VISIT_2022-2023.pdf,PDF,pdf,INDUSTRIAL VISIT_2022-2023.pdf,/dept/aiml/pdf/INDUSTRIAL VISIT_2022-2023.pdf,,,,,1,https://www.rmd.ac.in/dept/aiml/iv.html,a
https://www.rmd.ac.in/dept/aiml/pdf/IV overall 25-26.pdf,PDF,pdf,IV overall 25-26.pdf,/dept/aiml/pdf/IV overall 25-26.pdf,,,,,1,https://www.rmd.ac.in/dept/aiml/iv.html,a
https://www.rmd.ac.in/dept/aiml/pdf/PLACEMENT 25-26.pdf,PDF,pdf,PLACEMENT 25-26.pdf,/dept/aiml/pdf/PLACEMENT 25-26.pdf,,,,,1,https://www.rmd.ac.in/dept/aiml/plac.html,a
https://www.rmd.ac.in/dept/aiml/pdf/Placed-student-list.pdf,PDF,pdf,Placed-student-list.pdf,/dept/aiml/pdf/Placed-student-list.pdf,,,,,1,https://www.rmd.ac.in/dept/aiml/plac.html,a
https://www.rmd.ac.in/dept/cse/2011-2015.pdf,PDF,pdf,2011-2015.pdf,/dept/cse/2011-2015.pdf,,,,,1,https://www.rmd.ac.in/dept/cse/plac.html,a
https://www.rmd.ac.in/dept/cse/2012-2016.pdf,PDF,pdf,2012-2016.pdf,/dept/cse/2012-2016.pdf,,,,,1,https://www.rmd.ac.in/dept/cse/plac.html,a
https://www.rmd.ac.in/dept/cse/2013-2017.pdf,PDF,pdf,2013-2017.pdf,/dept/cse/2013-2017.pdf,,,,,1,https://www.rmd.ac.in/dept/cse/plac.html,a
https://www.rmd.ac.in/dept/cse/2014-2018.pdf,PDF,pdf,2014-2018.pdf,/dept/cse/2014-2018.pdf,,,,,1,https://www.rmd.ac.in/dept/cse/plac.html,a
https://www.rmd.ac.in/dept/cse/2015-2019.pdf,PDF,pdf,2015-2019.pdf,/dept/cse/2015-2019.pdf,,,,,1,https://www.rmd.ac.in/dept/cse/plac.html,a
https://www.rmd.ac.in/dept/cse/2016-2020.pdf,PDF,pdf,2016-2020.pdf,/dept/cse/2016-2020.pdf,,,,,1,https://www.rmd.ac.in/dept/cse/plac.html,a
https://www.rmd.ac.in/dept/cse/2017-2021.pdf,PDF,pdf,2017-2021.pdf,/dept/cse/2017-2021.pdf,,,,,1,https://www.rmd.ac.in/dept/cse/plac.html,a
https://www.rmd.ac.in/dept/cse/2018-2022.pdf,PDF,pdf,2018-2022.pdf,/dept/cse/2018-2022.pdf,,,,,1,https://www.rmd.ac.in/dept/cse/plac.html,a
https://www.rmd.ac.in/dept/cse/2019-2023.pdf,PDF,pdf,2019-2023.pdf,/dept/cse/2019-2023.pdf,,,,,1,https://www.rmd.ac.in/dept/cse/plac.html,a
https://www.rmd.ac.in/dept/cse/2020-2024.pdf,PDF,pdf,2020-2024.pdf,/dept/cse/2020-2024.pdf,,,,,1,https://www.rmd.ac.in/dept/cse/plac.html,a
https://www.rmd.ac.in/dept/cse/2021-2025.pdf,PDF,pdf,2021-2025.pdf,/dept/cse/2021-2025.pdf,,,,,1,https://www.rmd.ac.in/dept/cse/plac.html,a
https://www.rmd.ac.in/dept/cse/co17.pdf,PDF,pdf,co17.pdf,/dept/cse/co17.pdf,,,,,1,https://www.rmd.ac.in/dept/cse/co.html,a
https://www.rmd.ac.in/dept/cse/co21.pdf,PDF,pdf,co21.pdf,/dept/cse/co21.pdf,,,,,1,https://www.rmd.ac.in/dept/cse/co.html,a
https://www.rmd.ac.in/dept/cse/co22.pdf,PDF,pdf,co22.pdf,/dept/cse/co22.pdf,,,,,1,https://www.rmd.ac.in/dept/cse/co.html,a
https://www.rmd.ac.in/dept/cse/ds.pdf,PDF,pdf,ds.pdf,/dept/cse/ds.pdf,,,,,1,https://www.rmd.ac.in/dept/cse/ds.html,embed
https://www.rmd.ac.in/dept/cse/pdf/RMDEC%20REFLEXIONS_2019.pdf,PDF,pdf,RMDEC REFLEXIONS_2019.pdf,/dept/cse/pdf/RMDEC%20REFLEXIONS_2019.pdf,,,,,1,https://www.rmd.ac.in/dept/cse/newsletter.html,embed
https://www.rmd.ac.in/dept/cse/pdf/RMDEC%20REFLEXIONS_2020.pdf,PDF,pdf,RMDEC REFLEXIONS_2020.pdf,/dept/cse/pdf/RMDEC%20REFLEXIONS_2020.pdf,,,,,1,https://www.rmd.ac.in/dept/cse/newsletter.html,embed
https://www.rmd.ac.in/dept/cse/pdf/RMDEC%20REFLEXIONS_2021.pdf,PDF,pdf,RMDEC REFLEXIONS_2021.pdf,/dept/cse/pdf/RMDEC%20REFLEXIONS_2021.pdf,,,,,1,https://www.rmd.ac.in/dept/cse/newsletter.html,embed
https://www.rmd.ac.in/dept/cse/pdf/RMDEC%20REFLEXIONS_2022.pdf,PDF,pdf,RMDEC REFLEXIONS_2022.pdf,/dept/cse/pdf/RMDEC%20REFLEXIONS_2022.pdf,,,,,1,https://www.rmd.ac.in/dept/cse/newsletter.html,embed
https://www.rmd.ac.in/dept/cse/pdf/RMDEC%20REFLEXIONS_2023.pdf,PDF,pdf,RMDEC REFLEXIONS_2023.pdf,/dept/cse/pdf/RMDEC%20REFLEXIONS_2023.pdf,,,,,1,https://www.rmd.ac.in/dept/cse/newsletter.html,embed
https://www.rmd.ac.in/dept/cse/pdf/RMDEC%20REFLEXIONS_2024.pdf,PDF,pdf,RMDEC REFLEXIONS_2024.pdf,/dept/cse/pdf/RMDEC%20REFLEXIONS_2024.pdf,,,,,1,https://www.rmd.ac.in/dept/cse/newsletter.html,embed
https://www.rmd.ac.in/dept/cse/pdf/RMDEC%20REFLEXIONS_2025.pdf,PDF,pdf,RMDEC REFLEXIONS_2025.pdf,/dept/cse/pdf/RMDEC%20REFLEXIONS_2025.pdf,,,,,1,https://www.rmd.ac.in/dept/cse/newsletter.html,embed
https://www.rmd.ac.in/dept/cse/pdf/iv/2025-26/02.03.26.pdf,PDF,pdf,02.03.26.pdf,/dept/cse/pdf/iv/2025-26/02.03.26.pdf,,,,,1,https://www.rmd.ac.in/dept/cse/iv.html,a
https://www.rmd.ac.in/dept/cse/pdf/iv/2025-26/03.03.26.pdf,PDF,pdf,03.03.26.pdf,/dept/cse/pdf/iv/2025-26/03.03.26.pdf,,,,,1,https://www.rmd.ac.in/dept/cse/iv.html,a
https://www.rmd.ac.in/dept/cse/pdf/iv/2025-26/05.03.26.pdf,PDF,pdf,05.03.26.pdf,/dept/cse/pdf/iv/2025-26/05.03.26.pdf,,,,,1,https://www.rmd.ac.in/dept/cse/iv.html,a
https://www.rmd.ac.in/dept/cse/pdf/iv/2025-26/06.03.26.pdf,PDF,pdf,06.03.26.pdf,/dept/cse/pdf/iv/2025-26/06.03.26.pdf,,,,,1,https://www.rmd.ac.in/dept/cse/iv.html,a
https://www.rmd.ac.in/dept/cse/pdf/iv/2025-26/23.01.26.pdf,PDF,pdf,23.01.26.pdf,/dept/cse/pdf/iv/2025-26/23.01.26.pdf,,,,,1,https://www.rmd.ac.in/dept/cse/iv.html,a
https://www.rmd.ac.in/dept/cse/pdf/iv/2025-26/24.01.26.pdf,PDF,pdf,24.01.26.pdf,/dept/cse/pdf/iv/2025-26/24.01.26.pdf,,,,,1,https://www.rmd.ac.in/dept/cse/iv.html,a
https://www.rmd.ac.in/dept/cse/pdf/iv/2025-26/24.01.26iv2.pdf,PDF,pdf,24.01.26iv2.pdf,/dept/cse/pdf/iv/2025-26/24.01.26iv2.pdf,,,,,1,https://www.rmd.ac.in/dept/cse/iv.html,a
https://www.rmd.ac.in/dept/cse/pdf/iv/2025-26/26.02.26.pdf,PDF,pdf,26.02.26.pdf,/dept/cse/pdf/iv/2025-26/26.02.26.pdf,,,,,1,https://www.rmd.ac.in/dept/cse/iv.html,a
https://www.rmd.ac.in/dept/cse/pdf/iv/2025-26/26.02.263.pdf,PDF,pdf,26.02.263.pdf,/dept/cse/pdf/iv/2025-26/26.02.263.pdf,,,,,1,https://www.rmd.ac.in/dept/cse/iv.html,a
https://www.rmd.ac.in/dept/cse/pdf/iv/2025-26/27.01.26.pdf,PDF,pdf,27.01.26.pdf,/dept/cse/pdf/iv/2025-26/27.01.26.pdf,,,,,1,https://www.rmd.ac.in/dept/cse/iv.html,a
https://www.rmd.ac.in/dept/cse/pdf/iv/2025-26/28.01.26.pdf,PDF,pdf,28.01.26.pdf,/dept/cse/pdf/iv/2025-26/28.01.26.pdf,,,,,1,https://www.rmd.ac.in/dept/cse/iv.html,a
https://www.rmd.ac.in/dept/cse/qo.pdf,PDF,pdf,qo.pdf,/dept/cse/qo.pdf,,,,,1,https://www.rmd.ac.in/dept/cse/qo.html,embed
https://www.rmd.ac.in/dept/cse/timetable.pdf,PDF,pdf,timetable.pdf,/dept/cse/timetable.pdf,,,,,1,https://www.rmd.ac.in/dept/cse/timetable.html,embed
https://www.rmd.ac.in/dept/cse/youtubelinks%202023-24(EVEN).pdf,PDF,pdf,youtubelinks 2023-24(EVEN).pdf,/dept/cse/youtubelinks%202023-24(EVEN).pdf,,,,,1,https://www.rmd.ac.in/dept/cse/youtubematerial.html,embed
https://www.rmd.ac.in/dept/ece/2013.pdf,PDF,pdf,2013.pdf,/dept/ece/2013.pdf,,,,,1,https://www.rmd.ac.in/dept/ece/plac.html,a
https://www.rmd.ac.in/dept/ece/2014-2018.pdf,PDF,pdf,2014-2018.pdf,/dept/ece/2014-2018.pdf,,,,,1,https://www.rmd.ac.in/dept/ece/plac.html,a
https://www.rmd.ac.in/dept/ece/2014.pdf,PDF,pdf,2014.pdf,/dept/ece/2014.pdf,,,,,1,https://www.rmd.ac.in/dept/ece/plac.html,a
https://www.rmd.ac.in/dept/ece/2015.pdf,PDF,pdf,2015.pdf,/dept/ece/2015.pdf,,,,,1,https://www.rmd.ac.in/dept/ece/plac.html,a
https://www.rmd.ac.in/dept/ece/2016.pdf,PDF,pdf,2016.pdf,/dept/ece/2016.pdf,,,,,1,https://www.rmd.ac.in/dept/ece/plac.html,a
https://www.rmd.ac.in/dept/ece/2018-2022.pdf,PDF,pdf,2018-2022.pdf,/dept/ece/2018-2022.pdf,,,,,1,https://www.rmd.ac.in/dept/ece/plac.html,a
https://www.rmd.ac.in/dept/ece/2019-2023.pdf,PDF,pdf,2019-2023.pdf,/dept/ece/2019-2023.pdf,,,,,1,https://www.rmd.ac.in/dept/ece/plac.html,a
https://www.rmd.ac.in/dept/ece/2020-2024.pdf,PDF,pdf,2020-2024.pdf,/dept/ece/2020-2024.pdf,,,,,1,https://www.rmd.ac.in/dept/ece/plac.html,a
https://www.rmd.ac.in/dept/ece/Dr.A. Chilambuchelvan.pdf,PDF,pdf,Dr.A. Chilambuchelvan.pdf,/dept/ece/Dr.A. Chilambuchelvan.pdf,,,,,1,https://www.rmd.ac.in/dept/ece/faculty.html,a
https://www.rmd.ac.in/dept/ece/Dr.D.Rukmani devi.pdf,PDF,pdf,Dr.D.Rukmani devi.pdf,/dept/ece/Dr.D.Rukmani devi.pdf,,,,,1,https://www.rmd.ac.in/dept/ece/faculty.html,a
https://www.rmd.ac.in/dept/ece/Dr.K.HelenPrabha.pdf,PDF,pdf,Dr.K.HelenPrabha.pdf,/dept/ece/Dr.K.HelenPrabha.pdf,,,,,2,https://www.rmd.ac.in/dept/ece/faculty.html,a
https://www.rmd.ac.in/dept/ece/Dr.K.K.Thyagarajan.pdf,PDF,pdf,Dr.K.K.Thyagarajan.pdf,/dept/ece/Dr.K.K.Thyagarajan.pdf,,,,,1,https://www.rmd.ac.in/dept/ece/faculty.html,a
https://www.rmd.ac.in/dept/ece/research/pdf/19-20 Publications.pdf,PDF,pdf,19-20 Publications.pdf,/dept/ece/research/pdf/19-20 Publications.pdf,,,,,1,https://www.rmd.ac.in/dept/ece/research.html,a
https://www.rmd.ac.in/dept/ece/research/pdf/2020-2021 publications.pdf,PDF,pdf,2020-2021 publications.pdf,/dept/ece/research/pdf/2020-2021 publications.pdf,,,,,1,https://www.rmd.ac.in/dept/ece/research.html,a
https://www.rmd.ac.in/dept/ece/research/pdf/2021-22 Publications.pdf,PDF,pdf,2021-22 Publications.pdf,/dept/ece/research/pdf/2021-22 Publications.pdf,,,,,1,https://www.rmd.ac.in/dept/ece/research.html,a
https://www.rmd.ac.in/dept/ece/research/pdf/22-23 Publications.pdf,PDF,pdf,22-23 Publications.pdf,/dept/ece/research/pdf/22-23 Publications.pdf,,,,,1,https://www.rmd.ac.in/dept/ece/research.html,a
https://www.rmd.ac.in/dept/ece/research/pdf/23-24 Publications.pdf,PDF,pdf,23-24 Publications.pdf,/dept/ece/research/pdf/23-24 Publications.pdf,,,,,1,https://www.rmd.ac.in/dept/ece/research.html,a
https://www.rmd.ac.in/dept/ece/research/pdf/24-25 Publications.pdf,PDF,pdf,24-25 Publications.pdf,/dept/ece/research/pdf/24-25 Publications.pdf,,,,,1,https://www.rmd.ac.in/dept/ece/research.html,a
https://www.rmd.ac.in/dept/it/Dr.K.Balasubadra.pdf,PDF,pdf,Dr.K.Balasubadra.pdf,/dept/it/Dr.K.Balasubadra.pdf,,,,,2,https://www.rmd.ac.in/dept/it/faculty.html,a
https://www.rmd.ac.in/dept/it/cos_17.pdf,PDF,pdf,cos_17.pdf,/dept/it/cos_17.pdf,,,,,1,https://www.rmd.ac.in/dept/it/cos.html,a
https://www.rmd.ac.in/dept/it/cos_21.pdf,PDF,pdf,cos_21.pdf,/dept/it/cos_21.pdf,,,,,1,https://www.rmd.ac.in/dept/it/cos.html,a
https://www.rmd.ac.in/dept/it/cos_22.pdf,PDF,pdf,cos_22.pdf,/dept/it/cos_22.pdf,,,,,1,https://www.rmd.ac.in/dept/it/cos.html,a
https://www.rmd.ac.in/dept/it/plac_2017-2021.pdf,PDF,pdf,plac_2017-2021.pdf,/dept/it/plac_2017-2021.pdf,,,,,1,https://www.rmd.ac.in/dept/it/plac.html,a
https://www.rmd.ac.in/dept/it/plac_2018-2022.pdf,PDF,pdf,plac_2018-2022.pdf,/dept/it/plac_2018-2022.pdf,,,,,1,https://www.rmd.ac.in/dept/it/plac.html,a
https://www.rmd.ac.in/dept/it/plac_2019-2023.pdf,PDF,pdf,plac_2019-2023.pdf,/dept/it/plac_2019-2023.pdf,,,,,1,https://www.rmd.ac.in/dept/it/plac.html,a
https://www.rmd.ac.in/dept/it/plac_2020-2024.pdf,PDF,pdf,plac_2020-2024.pdf,/dept/it/plac_2020-2024.pdf,,,,,1,https://www.rmd.ac.in/dept/it/plac.html,a
https://www.rmd.ac.in/dept/it/plac_2021-2025.pdf,PDF,pdf,plac_2021-2025.pdf,/dept/it/plac_2021-2025.pdf,,,,,1,https://www.rmd.ac.in/dept/it/plac.html,a
https://www.rmd.ac.in/dept/it/plac_2022-2026.pdf,PDF,pdf,plac_2022-2026.pdf,/dept/it/plac_2022-2026.pdf,,,,,1,https://www.rmd.ac.in/dept/it/plac.html,a
https://www.rmd.ac.in/disclosure/anna.pdf,PDF,pdf,anna.pdf,/disclosure/anna.pdf,,,,,1,https://www.rmd.ac.in/lab.html,a
https://www.rmd.ac.in/disclosure/ug.pdf,PDF,pdf,ug.pdf,/disclosure/ug.pdf,,,,,477,https://www.rmd.ac.in/,a
https://www.rmd.ac.in/eco/20-21/Eco%20Contest%2005-06-2021.pdf,PDF,pdf,Eco Contest 05-06-2021.pdf,/eco/20-21/Eco%20Contest%2005-06-2021.pdf,,,,,1,https://www.rmd.ac.in/eco/activities.html,a
https://www.rmd.ac.in/eco/20-21/Essay%20WritingCompetition%2004-04-2021.pdf,PDF,pdf,Essay WritingCompetition 04-04-2021.pdf,/eco/20-21/Essay%20WritingCompetition%2004-04-2021.pdf,,,,,1,https://www.rmd.ac.in/eco/activities.html,a
https://www.rmd.ac.in/eco/20-21/Orientation%20Programme%2001-03-2021.pdf,PDF,pdf,Orientation Programme 01-03-2021.pdf,/eco/20-21/Orientation%20Programme%2001-03-2021.pdf,,,,,1,https://www.rmd.ac.in/eco/activities.html,a
https://www.rmd.ac.in/eco/20-21/Project%20Display%20Competition%2005-05-2021.pdf,PDF,pdf,Project Display Competition 05-05-2021.pdf,/eco/20-21/Project%20Display%20Competition%2005-05-2021.pdf,,,,,1,https://www.rmd.ac.in/eco/activities.html,a
https://www.rmd.ac.in/eco/20-21/Quiz%20Competition%2022-04-2021.pdf,PDF,pdf,Quiz Competition 22-04-2021.pdf,/eco/20-21/Quiz%20Competition%2022-04-2021.pdf,,,,,1,https://www.rmd.ac.in/eco/activities.html,a
https://www.rmd.ac.in/eco/21-22/Art%20Contest%2012-12-2021.pdf,PDF,pdf,Art Contest 12-12-2021.pdf,/eco/21-22/Art%20Contest%2012-12-2021.pdf,,,,,1,https://www.rmd.ac.in/eco/activities.html,a
https://www.rmd.ac.in/eco/21-22/Reinforcing%20Greenery%20on%20Campus.pdf,PDF,pdf,Reinforcing Greenery on Campus.pdf,/eco/21-22/Reinforcing%20Greenery%20on%20Campus.pdf,,,,,1,https://www.rmd.ac.in/eco/activities.html,a
https://www.rmd.ac.in/eco/21-22/Say%20yes%20to%20life%20%20no%20to%20drugs%20campaign.pdf,PDF,pdf,Say yes to life  no to drugs campaign.pdf,/eco/21-22/Say%20yes%20to%20life%20%20no%20to%20drugs%20campaign.pdf,,,,,1,https://www.rmd.ac.in/eco/activities.html,a
https://www.rmd.ac.in/eco/21-22/Slogan%20Competition%2023-12-2021.pdf,PDF,pdf,Slogan Competition 23-12-2021.pdf,/eco/21-22/Slogan%20Competition%2023-12-2021.pdf,,,,,1,https://www.rmd.ac.in/eco/activities.html,a
https://www.rmd.ac.in/eco/21-22/World%20Earth%20Day%20celebrations%20-%20Poster%20Making%20Competition.pdf,PDF,pdf,World Earth Day celebrations - Poster Making Competition.pdf,/eco/21-22/World%20Earth%20Day%20celebrations%20-%20Poster%20Making%20Competition.pdf,,,,,1,https://www.rmd.ac.in/eco/activities.html,a
https://www.rmd.ac.in/eco/21-22/World%20Environment%20Day%20Celebration%20-%20Webinar.pdf,PDF,pdf,World Environment Day Celebration - Webinar.pdf,/eco/21-22/World%20Environment%20Day%20Celebration%20-%20Webinar.pdf,,,,,1,https://www.rmd.ac.in/eco/activities.html,a
https://www.rmd.ac.in/eco/21-22/Young%20Earthpreneur%20Award%202022.pdf,PDF,pdf,Young Earthpreneur Award 2022.pdf,/eco/21-22/Young%20Earthpreneur%20Award%202022.pdf,,,,,1,https://www.rmd.ac.in/eco/activities.html,a
https://www.rmd.ac.in/eco/21-22/Zero%20Waste%20Championship.pdf,PDF,pdf,Zero Waste Championship.pdf,/eco/21-22/Zero%20Waste%20Championship.pdf,,,,,1,https://www.rmd.ac.in/eco/activities.html,a
https://www.rmd.ac.in/eco/22-23/Food%20Safety%20and%20Hygiene.pdf,PDF,pdf,Food Safety and Hygiene.pdf,/eco/22-23/Food%20Safety%20and%20Hygiene.pdf,,,,,1,https://www.rmd.ac.in/eco/activities.html,a
https://www.rmd.ac.in/eco/22-23/National%20Energy%20Conservation%20Day%20Celebrations%20-%20Slogan%20Picture%20Contest.pdf,PDF,pdf,National Energy Conservation Day Celebrations - Slogan Picture Contest.pdf,/eco/22-23/National%20Energy%20Conservation%20Day%20Celebrations%20-%20Slogan%20Picture%20Contest.pdf,,,,,1,https://www.rmd.ac.in/eco/activities.html,a
https://www.rmd.ac.in/eco/22-23/World%20Earth%20Day%20celebration%20-%20Eco%20Contest.pdf,PDF,pdf,World Earth Day celebration - Eco Contest.pdf,/eco/22-23/World%20Earth%20Day%20celebration%20-%20Eco%20Contest.pdf,,,,,1,https://www.rmd.ac.in/eco/activities.html,a
https://www.rmd.ac.in/eco/22-23/World%20Environmental%20Day%20Celebrations%20-%20Eco%20Contest.pdf,PDF,pdf,World Environmental Day Celebrations - Eco Contest.pdf,/eco/22-23/World%20Environmental%20Day%20Celebrations%20-%20Eco%20Contest.pdf,,,,,1,https://www.rmd.ac.in/eco/activities.html,a
https://www.rmd.ac.in/eco/23-24/Segregation%20of%20Waste%20at%20Home.pdf,PDF,pdf,Segregation of Waste at Home.pdf,/eco/23-24/Segregation%20of%20Waste%20at%20Home.pdf,,,,,1,https://www.rmd.ac.in/eco/activities.html,a
https://www.rmd.ac.in/eco/23-24/Slogan%20Picture%20Contest.pdf,PDF,pdf,Slogan Picture Contest.pdf,/eco/23-24/Slogan%20Picture%20Contest.pdf,,,,,1,https://www.rmd.ac.in/eco/activities.html,a
https://www.rmd.ac.in/eco/23-24/Tree%20Plantation.pdf,PDF,pdf,Tree Plantation.pdf,/eco/23-24/Tree%20Plantation.pdf,,,,,1,https://www.rmd.ac.in/eco/activities.html,a
https://www.rmd.ac.in/eco/24-25/COMIC%20PICTURE%20CONTEST.pdf,PDF,pdf,COMIC PICTURE CONTEST.pdf,/eco/24-25/COMIC%20PICTURE%20CONTEST.pdf,,,,,1,https://www.rmd.ac.in/eco/activities.html,a
https://www.rmd.ac.in/eco/24-25/DIGITAL%20POSTER%20MAKING%20CONTEST.pdf,PDF,pdf,DIGITAL POSTER MAKING CONTEST.pdf,/eco/24-25/DIGITAL%20POSTER%20MAKING%20CONTEST.pdf,,,,,1,https://www.rmd.ac.in/eco/activities.html,a
https://www.rmd.ac.in/eco/24-25/E%20POSTER%20MAKING%20CONTEST.pdf,PDF,pdf,E POSTER MAKING CONTEST.pdf,/eco/24-25/E%20POSTER%20MAKING%20CONTEST.pdf,,,,,1,https://www.rmd.ac.in/eco/activities.html,a
https://www.rmd.ac.in/eco/24-25/NATIONAL%20ENERGY%20CONSERVATION%20DAY%20CELEBRATIONS.pdf,PDF,pdf,NATIONAL ENERGY CONSERVATION DAY CELEBRATIONS.pdf,/eco/24-25/NATIONAL%20ENERGY%20CONSERVATION%20DAY%20CELEBRATIONS.pdf,,,,,1,https://www.rmd.ac.in/eco/activities.html,a
https://www.rmd.ac.in/eco/24-25/OUTREACH%20PROGRAM%20IN%20SCHOOLS%20-%20HYGIENIC%20FOOD%20HABITS%20FOR%20A%20HEALTHY%20LIFESTYLE.pdf,PDF,pdf,OUTREACH PROGRAM IN SCHOOLS - HYGIENIC FOOD HABITS FOR A HEALTHY LIFESTYLE.pdf,/eco/24-25/OUTREACH%20PROGRAM%20IN%20SCHOOLS%20-%20HYGIENIC%20FOOD%20HABITS%20FOR%20A%20HEALTHY%20LIFESTYLE.pdf,,,,,1,https://www.rmd.ac.in/eco/activities.html,a
https://www.rmd.ac.in/eco/24-25/OUTREACH%20PROGRAM%20IN%20SCHOOLS-%20POSTER%20DESIGN%20COMPETITION.pdf,PDF,pdf,OUTREACH PROGRAM IN SCHOOLS- POSTER DESIGN COMPETITION.pdf,/eco/24-25/OUTREACH%20PROGRAM%20IN%20SCHOOLS-%20POSTER%20DESIGN%20COMPETITION.pdf,,,,,1,https://www.rmd.ac.in/eco/activities.html,a
https://www.rmd.ac.in/eco/25-26/Crafting%20Message%20Contest%20Report.pdf,PDF,pdf,Crafting Message Contest Report.pdf,/eco/25-26/Crafting%20Message%20Contest%20Report.pdf,,,,,1,https://www.rmd.ac.in/eco/activities.html,a
https://www.rmd.ac.in/eco/25-26/Dumb%20Charades%20Contest%20Report.pdf,PDF,pdf,Dumb Charades Contest Report.pdf,/eco/25-26/Dumb%20Charades%20Contest%20Report.pdf,,,,,1,https://www.rmd.ac.in/eco/activities.html,a
https://www.rmd.ac.in/eco/25-26/Natural%20Product%20Contest%20Report.pdf,PDF,pdf,Natural Product Contest Report.pdf,/eco/25-26/Natural%20Product%20Contest%20Report.pdf,,,,,1,https://www.rmd.ac.in/eco/activities.html,a
https://www.rmd.ac.in/eco/25-26/Reels%20Making%20Contest%20report.pdf,PDF,pdf,Reels Making Contest report.pdf,/eco/25-26/Reels%20Making%20Contest%20report.pdf,,,,,1,https://www.rmd.ac.in/eco/activities.html,a
https://www.rmd.ac.in/eco/E-Waste%20Management%202019-2020.pdf,PDF,pdf,E-Waste Management 2019-2020.pdf,/eco/E-Waste%20Management%202019-2020.pdf,,,,,1,https://www.rmd.ac.in/eco/activities.html,a
https://www.rmd.ac.in/eco/Guest%20lecture%20on%20Environmental%20Protection%202018-2019.pdf,PDF,pdf,Guest lecture on Environmental Protection 2018-2019.pdf,/eco/Guest%20lecture%20on%20Environmental%20Protection%202018-2019.pdf,,,,,1,https://www.rmd.ac.in/eco/activities.html,a
https://www.rmd.ac.in/eco/Inauguration%20of%20Eco%20Club-2018-2019.pdf,PDF,pdf,Inauguration of Eco Club-2018-2019.pdf,/eco/Inauguration%20of%20Eco%20Club-2018-2019.pdf,,,,,1,https://www.rmd.ac.in/eco/activities.html,a
https://www.rmd.ac.in/eco/Orientation%20Programme%202019-2020.pdf,PDF,pdf,Orientation Programme 2019-2020.pdf,/eco/Orientation%20Programme%202019-2020.pdf,,,,,1,https://www.rmd.ac.in/eco/activities.html,a
https://www.rmd.ac.in/eco/Seed%20Sheet%20Distribution%202019-2020.pdf,PDF,pdf,Seed Sheet Distribution 2019-2020.pdf,/eco/Seed%20Sheet%20Distribution%202019-2020.pdf,,,,,1,https://www.rmd.ac.in/eco/activities.html,a
https://www.rmd.ac.in/eco/Swachh%20Bharat%20Summer-Internship%202018-2019.pdf,PDF,pdf,Swachh Bharat Summer-Internship 2018-2019.pdf,/eco/Swachh%20Bharat%20Summer-Internship%202018-2019.pdf,,,,,1,https://www.rmd.ac.in/eco/activities.html,a
https://www.rmd.ac.in/eco/Workshop%20on%20seed%20ball%20preparation%202017-2018.pdf,PDF,pdf,Workshop on seed ball preparation 2017-2018.pdf,/eco/Workshop%20on%20seed%20ball%20preparation%202017-2018.pdf,,,,,1,https://www.rmd.ac.in/eco/activities.html,a
https://www.rmd.ac.in/edc/images/eac.pdf,PDF,pdf,eac.pdf,/edc/images/eac.pdf,,,,,1,https://www.rmd.ac.in/edc/photo.html,embed
https://www.rmd.ac.in/edc/images/eac2.pdf,PDF,pdf,eac2.pdf,/edc/images/eac2.pdf,,,,,1,https://www.rmd.ac.in/edc/photo.html,embed
https://www.rmd.ac.in/edc/images/eac3.pdf,PDF,pdf,eac3.pdf,/edc/images/eac3.pdf,,,,,1,https://www.rmd.ac.in/edc/photo.html,embed
https://www.rmd.ac.in/examcell/Circular/Course%20Registration/Course%20Registration.pdf,PDF,pdf,Course Registration.pdf,/examcell/Circular/Course%20Registration/Course%20Registration.pdf,,,,,1,https://www.rmd.ac.in/examcell/Course_Registration_Circular.html,embed
https://www.rmd.ac.in/examcell/Circular/Examination%20Rules/Guidelines%20for%20awarding%20malpractice%20punishment.pdf,PDF,pdf,Guidelines for awarding malpractice punishment.pdf,/examcell/Circular/Examination%20Rules/Guidelines%20for%20awarding%20malpractice%20punishment.pdf,,,,,1,https://www.rmd.ac.in/examcell/Examination_Rules.html,embed
"https://www.rmd.ac.in/examcell/Circular/Examinations%20Fee/Fees%20Circular%20-%20End%20Semester%20Examinations%20%20Nov%20Dec%202023%20II,%20%20III%20and%20IV%20Year.pdf",PDF,pdf,"Fees Circular - End Semester Examinations  Nov Dec 2023 II,  III and IV Year.pdf","/examcell/Circular/Examinations%20Fee/Fees%20Circular%20-%20End%20Semester%20Examinations%20%20Nov%20Dec%202023%20II,%20%20III%20and%20IV%20Year.pdf",,,,,1,https://www.rmd.ac.in/examcell/Examination_Fee_Circular.html,embed
https://www.rmd.ac.in/examcell/Circular/Photocopy/Photocopy%20Circular_August%202023.pdf,PDF,pdf,Photocopy Circular_August 2023.pdf,/examcell/Circular/Photocopy/Photocopy%20Circular_August%202023.pdf,,,,,1,https://www.rmd.ac.in/examcell/Arrear_Examination_Circular.html,embed
https://www.rmd.ac.in/examcell/Circular/Review/R2021_Review%20Application_Aug%202023.pdf,PDF,pdf,R2021_Review Application_Aug 2023.pdf,/examcell/Circular/Review/R2021_Review%20Application_Aug%202023.pdf,,,,,1,https://www.rmd.ac.in/examcell/Review_Circular.html,embed
https://www.rmd.ac.in/examcell/Circular/Review/R2022_Review%20Application_Aug%202023.pdf,PDF,pdf,R2022_Review Application_Aug 2023.pdf,/examcell/Circular/Review/R2022_Review%20Application_Aug%202023.pdf,,,,,1,https://www.rmd.ac.in/examcell/Review_Circular.html,embed
https://www.rmd.ac.in/examcell/Downloads/Duplicate%20Gradesheet%20-%20Application%20form.pdf,PDF,pdf,Duplicate Gradesheet - Application form.pdf,/examcell/Downloads/Duplicate%20Gradesheet%20-%20Application%20form.pdf,,,,,1,https://www.rmd.ac.in/examcell/Duplicate_Grade_Sheet.html,embed
https://www.rmd.ac.in/examcell/Downloads/Transcript%20Application%20Form.pdf,PDF,pdf,Transcript Application Form.pdf,/examcell/Downloads/Transcript%20Application%20Form.pdf,,,,,1,https://www.rmd.ac.in/examcell/Transcript_Application_Form.html,embed
https://www.rmd.ac.in/examcell/Examination%20Time%20Tables/End%20Semester%20Practical%20Examinations/Practical%20Schedule%20Nov%20Dec%202023.pdf,PDF,pdf,Practical Schedule Nov Dec 2023.pdf,/examcell/Examination%20Time%20Tables/End%20Semester%20Practical%20Examinations/Practical%20Schedule%20Nov%20Dec%202023.pdf,,,,,1,https://www.rmd.ac.in/examcell/End_semester_Practical_timetable.html,embed
https://www.rmd.ac.in/examcell/Examination%20Time%20Tables/End%20Semester%20Theory%20Examinations/RMD-EXAM-R24-End%20Sem%20TT-24-25-Odd%20Sem.pdf,PDF,pdf,RMD-EXAM-R24-End Sem TT-24-25-Odd Sem.pdf,/examcell/Examination%20Time%20Tables/End%20Semester%20Theory%20Examinations/RMD-EXAM-R24-End%20Sem%20TT-24-25-Odd%20Sem.pdf,,,,,1,https://www.rmd.ac.in/examcell/End_semester_Theory_timetable.html,embed
https://www.rmd.ac.in/examcell/Examination%20Time%20Tables/End%20Semester%20Theory%20Examinations/RMDEC%20ESE%20TT%20NovDec%202024%20%20-%20R2021.pdf,PDF,pdf,RMDEC ESE TT NovDec 2024  - R2021.pdf,/examcell/Examination%20Time%20Tables/End%20Semester%20Theory%20Examinations/RMDEC%20ESE%20TT%20NovDec%202024%20%20-%20R2021.pdf,,,,,1,https://www.rmd.ac.in/examcell/End_semester_Theory_timetable.html,embed
https://www.rmd.ac.in/examcell/Examination%20Time%20Tables/End%20Semester%20Theory%20Examinations/RMDEC%20ESE%20TT%20NovDec%202024%20-%20R2017.pdf,PDF,pdf,RMDEC ESE TT NovDec 2024 - R2017.pdf,/examcell/Examination%20Time%20Tables/End%20Semester%20Theory%20Examinations/RMDEC%20ESE%20TT%20NovDec%202024%20-%20R2017.pdf,,,,,1,https://www.rmd.ac.in/examcell/End_semester_Theory_timetable.html,embed
https://www.rmd.ac.in/examcell/Examination%20Time%20Tables/End%20Semester%20Theory%20Examinations/RMDEC%20ESE%20TT%20NovDec%202024%20-%20R2022.pdf,PDF,pdf,RMDEC ESE TT NovDec 2024 - R2022.pdf,/examcell/Examination%20Time%20Tables/End%20Semester%20Theory%20Examinations/RMDEC%20ESE%20TT%20NovDec%202024%20-%20R2022.pdf,,,,,1,https://www.rmd.ac.in/examcell/End_semester_Theory_timetable.html,embed
https://www.rmd.ac.in/examcell/Examination%20Time%20Tables/Internal%20Assessment%20and%20Model%20Examinations/I%20sem%20IA%20Time%20Table.pdf,PDF,pdf,I sem IA Time Table.pdf,/examcell/Examination%20Time%20Tables/Internal%20Assessment%20and%20Model%20Examinations/I%20sem%20IA%20Time%20Table.pdf,,,,,1,https://www.rmd.ac.in/examcell/Examination_timetable.html,embed
https://www.rmd.ac.in/examcell/Examination%20Time%20Tables/Internal%20Assessment%20and%20Model%20Examinations/III-V-VII%20%20IA%20Time%20Table.pdf,PDF,pdf,III-V-VII  IA Time Table.pdf,/examcell/Examination%20Time%20Tables/Internal%20Assessment%20and%20Model%20Examinations/III-V-VII%20%20IA%20Time%20Table.pdf,,,,,1,https://www.rmd.ac.in/examcell/Examination_timetable.html,embed
https://www.rmd.ac.in/examcell/Examination%20Time%20Tables/Supplementary%20Arrear%20Theory%20Examinations/RMD-EXAM-R21-SUP%20End%20Sem%20TT-24-25-Odd%20Sem.pdf,PDF,pdf,RMD-EXAM-R21-SUP End Sem TT-24-25-Odd Sem.pdf,/examcell/Examination%20Time%20Tables/Supplementary%20Arrear%20Theory%20Examinations/RMD-EXAM-R21-SUP%20End%20Sem%20TT-24-25-Odd%20Sem.pdf,,,,,1,https://www.rmd.ac.in/examcell/Supplementary_timetable.html,embed
https://www.rmd.ac.in/examcell/Examination%20Time%20Tables/Supplementary%20Arrear%20Theory%20Examinations/RMD-EXAM-R22-SUP%20End%20Sem%20TT-24-25-Odd%20Sem.pdf,PDF,pdf,RMD-EXAM-R22-SUP End Sem TT-24-25-Odd Sem.pdf,/examcell/Examination%20Time%20Tables/Supplementary%20Arrear%20Theory%20Examinations/RMD-EXAM-R22-SUP%20End%20Sem%20TT-24-25-Odd%20Sem.pdf,,,,,1,https://www.rmd.ac.in/examcell/Supplementary_timetable.html,embed
https://www.rmd.ac.in/iedc/images/eie.pdf,PDF,pdf,eie.pdf,/iedc/images/eie.pdf,,,,,1,https://www.rmd.ac.in/iedc/photo.html,embed
https://www.rmd.ac.in/iedc/images/generatot.pdf,PDF,pdf,generatot.pdf,/iedc/images/generatot.pdf,,,,,1,https://www.rmd.ac.in/iedc/photo.html,embed
https://www.rmd.ac.in/iedc/images/iedc.pdf,PDF,pdf,iedc.pdf,/iedc/images/iedc.pdf,,,,,1,https://www.rmd.ac.in/iedc/photo.html,embed
https://www.rmd.ac.in/iedc/images/jwe.pdf,PDF,pdf,jwe.pdf,/iedc/images/jwe.pdf,,,,,1,https://www.rmd.ac.in/iedc/photo.html,embed
https://www.rmd.ac.in/iedc/images/ring.pdf,PDF,pdf,ring.pdf,/iedc/images/ring.pdf,,,,,1,https://www.rmd.ac.in/iedc/photo.html,embed
https://www.rmd.ac.in/iedc/images/robot.pdf,PDF,pdf,robot.pdf,/iedc/images/robot.pdf,,,,,1,https://www.rmd.ac.in/iedc/photo.html,embed
https://www.rmd.ac.in/iic/MOM/2020/IIC%20Meeting%2017.11.2020.pdf,PDF,pdf,IIC Meeting 17.11.2020.pdf,/iic/MOM/2020/IIC%20Meeting%2017.11.2020.pdf,,,,,1,https://www.rmd.ac.in/iic/mom.html,a
https://www.rmd.ac.in/iic/MOM/2020/IIC%20Minutes%2017.11.2020.pdf,PDF,pdf,IIC Minutes 17.11.2020.pdf,/iic/MOM/2020/IIC%20Minutes%2017.11.2020.pdf,,,,,1,https://www.rmd.ac.in/iic/mom.html,a
https://www.rmd.ac.in/iic/MOM/List%20of%20IIC3.0%20activities.pdf,PDF,pdf,List of IIC3.0 activities.pdf,/iic/MOM/List%20of%20IIC3.0%20activities.pdf,,,,,1,https://www.rmd.ac.in/iic/activities.html,a
https://www.rmd.ac.in/iic/MOM/List%20of%20IIC4.0%20activities.pdf,PDF,pdf,List of IIC4.0 activities.pdf,/iic/MOM/List%20of%20IIC4.0%20activities.pdf,,,,,1,https://www.rmd.ac.in/iic/activities.html,a
https://www.rmd.ac.in/iic/MOM/List%20of%20IIC5.0%20activities.pdf,PDF,pdf,List of IIC5.0 activities.pdf,/iic/MOM/List%20of%20IIC5.0%20activities.pdf,,,,,1,https://www.rmd.ac.in/iic/activities.html,a
https://www.rmd.ac.in/iic/MOM/List%20of%20IIC6.0%20activities.pdf,PDF,pdf,List of IIC6.0 activities.pdf,/iic/MOM/List%20of%20IIC6.0%20activities.pdf,,,,,1,https://www.rmd.ac.in/iic/activities.html,a
https://www.rmd.ac.in/iic/images/Innovationinauguration.pdf,PDF,pdf,Innovationinauguration.pdf,/iic/images/Innovationinauguration.pdf,,,,,1,https://www.rmd.ac.in/iic/photo.html,embed
https://www.rmd.ac.in/iic/images/demoday.pdf,PDF,pdf,demoday.pdf,/iic/images/demoday.pdf,,,,,1,https://www.rmd.ac.in/iic/photo.html,embed
https://www.rmd.ac.in/iic/images/design.pdf,PDF,pdf,design.pdf,/iic/images/design.pdf,,,,,1,https://www.rmd.ac.in/iic/photo.html,embed
https://www.rmd.ac.in/iic/images/hacakathon.pdf,PDF,pdf,hacakathon.pdf,/iic/images/hacakathon.pdf,,,,,1,https://www.rmd.ac.in/iic/photo.html,embed
https://www.rmd.ac.in/iic/images/innovation.pdf,PDF,pdf,innovation.pdf,/iic/images/innovation.pdf,,,,,1,https://www.rmd.ac.in/iic/photo.html,embed
https://www.rmd.ac.in/iic/images/miniproject.pdf,PDF,pdf,miniproject.pdf,/iic/images/miniproject.pdf,,,,,1,https://www.rmd.ac.in/iic/photo.html,embed
https://www.rmd.ac.in/iic/images/shar.pdf,PDF,pdf,shar.pdf,/iic/images/shar.pdf,,,,,1,https://www.rmd.ac.in/iic/photo.html,embed
https://www.rmd.ac.in/iic/images/story.pdf,PDF,pdf,story.pdf,/iic/images/story.pdf,,,,,1,https://www.rmd.ac.in/iic/photo.html,embed
https://www.rmd.ac.in/iqac/AQAR/AQAR2017-2018.pdf,PDF,pdf,AQAR2017-2018.pdf,/iqac/AQAR/AQAR2017-2018.pdf,,,,,1,https://www.rmd.ac.in/iqac/aqar.html,a
https://www.rmd.ac.in/iqac/AQAR/AQAR2018-2019.pdf,PDF,pdf,AQAR2018-2019.pdf,/iqac/AQAR/AQAR2018-2019.pdf,,,,,1,https://www.rmd.ac.in/iqac/aqar.html,a
https://www.rmd.ac.in/iqac/AQAR/AQAR2019-2020.pdf,PDF,pdf,AQAR2019-2020.pdf,/iqac/AQAR/AQAR2019-2020.pdf,,,,,1,https://www.rmd.ac.in/iqac/aqar.html,a
https://www.rmd.ac.in/iqac/AQAR/AQAR2020-2021.pdf,PDF,pdf,AQAR2020-2021.pdf,/iqac/AQAR/AQAR2020-2021.pdf,,,,,1,https://www.rmd.ac.in/iqac/aqar.html,a
https://www.rmd.ac.in/iqac/AQAR/AQAR2021-2022.pdf,PDF,pdf,AQAR2021-2022.pdf,/iqac/AQAR/AQAR2021-2022.pdf,,,,,1,https://www.rmd.ac.in/iqac/aqar.html,a
https://www.rmd.ac.in/iqac/AQAR/AQAR2022-2023.pdf,PDF,pdf,AQAR2022-2023.pdf,/iqac/AQAR/AQAR2022-2023.pdf,,,,,1,https://www.rmd.ac.in/iqac/aqar.html,a
https://www.rmd.ac.in/iqac/BEST%20PRACTICEs.pdf,PDF,pdf,BEST PRACTICEs.pdf,/iqac/BEST%20PRACTICEs.pdf,,,,,1,https://www.rmd.ac.in/iqac/bp.html,embed
https://www.rmd.ac.in/iqac/COMP/COMP2015-2016.pdf,PDF,pdf,COMP2015-2016.pdf,/iqac/COMP/COMP2015-2016.pdf,,,,,1,https://www.rmd.ac.in/iqac/composition.html,a
https://www.rmd.ac.in/iqac/COMP/COMP2016-2017.pdf,PDF,pdf,COMP2016-2017.pdf,/iqac/COMP/COMP2016-2017.pdf,,,,,1,https://www.rmd.ac.in/iqac/composition.html,a
https://www.rmd.ac.in/iqac/COMP/COMP2017-2018.pdf,PDF,pdf,COMP2017-2018.pdf,/iqac/COMP/COMP2017-2018.pdf,,,,,1,https://www.rmd.ac.in/iqac/composition.html,a
https://www.rmd.ac.in/iqac/COMP/COMP2018-2019.pdf,PDF,pdf,COMP2018-2019.pdf,/iqac/COMP/COMP2018-2019.pdf,,,,,1,https://www.rmd.ac.in/iqac/composition.html,a
https://www.rmd.ac.in/iqac/COMP/COMP2019-2020.pdf,PDF,pdf,COMP2019-2020.pdf,/iqac/COMP/COMP2019-2020.pdf,,,,,1,https://www.rmd.ac.in/iqac/composition.html,a
https://www.rmd.ac.in/iqac/COMP/COMP2020-2021.pdf,PDF,pdf,COMP2020-2021.pdf,/iqac/COMP/COMP2020-2021.pdf,,,,,1,https://www.rmd.ac.in/iqac/composition.html,a
https://www.rmd.ac.in/iqac/COMP/COMP2021-2022.pdf,PDF,pdf,COMP2021-2022.pdf,/iqac/COMP/COMP2021-2022.pdf,,,,,1,https://www.rmd.ac.in/iqac/composition.html,a
https://www.rmd.ac.in/iqac/COMP/COMP2022-2023.pdf,PDF,pdf,COMP2022-2023.pdf,/iqac/COMP/COMP2022-2023.pdf,,,,,1,https://www.rmd.ac.in/iqac/composition.html,a
https://www.rmd.ac.in/iqac/COMP/COMP2023-2024.pdf,PDF,pdf,COMP2023-2024.pdf,/iqac/COMP/COMP2023-2024.pdf,,,,,1,https://www.rmd.ac.in/iqac/composition.html,a
https://www.rmd.ac.in/iqac/Continuous%20internal%20Evaluation%20Schedule.pdf,PDF,pdf,Continuous internal Evaluation Schedule.pdf,/iqac/Continuous%20internal%20Evaluation%20Schedule.pdf,,,,,1,https://www.rmd.ac.in/iqac/cies.html,embed
https://www.rmd.ac.in/iqac/DISTINCTIVENESS%20On%20Line%20Certification%20Courses.pdf,PDF,pdf,DISTINCTIVENESS On Line Certification Courses.pdf,/iqac/DISTINCTIVENESS%20On%20Line%20Certification%20Courses.pdf,,,,,1,https://www.rmd.ac.in/iqac/id.html,embed
https://www.rmd.ac.in/iqac/MOM/MOM2015-2016.pdf,PDF,pdf,MOM2015-2016.pdf,/iqac/MOM/MOM2015-2016.pdf,,,,,1,https://www.rmd.ac.in/iqac/mom.html,a
https://www.rmd.ac.in/iqac/MOM/MOM2016-2017.pdf,PDF,pdf,MOM2016-2017.pdf,/iqac/MOM/MOM2016-2017.pdf,,,,,1,https://www.rmd.ac.in/iqac/mom.html,a
https://www.rmd.ac.in/iqac/MOM/MOM2017-2018-1.pdf,PDF,pdf,MOM2017-2018-1.pdf,/iqac/MOM/MOM2017-2018-1.pdf,,,,,1,https://www.rmd.ac.in/iqac/mom.html,a
https://www.rmd.ac.in/iqac/MOM/MOM2017-2018-2.pdf,PDF,pdf,MOM2017-2018-2.pdf,/iqac/MOM/MOM2017-2018-2.pdf,,,,,1,https://www.rmd.ac.in/iqac/mom.html,a
https://www.rmd.ac.in/iqac/MOM/MOM2017-2018-3.pdf,PDF,pdf,MOM2017-2018-3.pdf,/iqac/MOM/MOM2017-2018-3.pdf,,,,,1,https://www.rmd.ac.in/iqac/mom.html,a
https://www.rmd.ac.in/iqac/MOM/MOM2017-2018-4.pdf,PDF,pdf,MOM2017-2018-4.pdf,/iqac/MOM/MOM2017-2018-4.pdf,,,,,1,https://www.rmd.ac.in/iqac/mom.html,a
https://www.rmd.ac.in/iqac/MOM/MOM2018-2019-1.pdf,PDF,pdf,MOM2018-2019-1.pdf,/iqac/MOM/MOM2018-2019-1.pdf,,,,,1,https://www.rmd.ac.in/iqac/mom.html,a
https://www.rmd.ac.in/iqac/MOM/MOM2018-2019-2.pdf,PDF,pdf,MOM2018-2019-2.pdf,/iqac/MOM/MOM2018-2019-2.pdf,,,,,1,https://www.rmd.ac.in/iqac/mom.html,a
https://www.rmd.ac.in/iqac/MOM/MOM2018-2019-3.pdf,PDF,pdf,MOM2018-2019-3.pdf,/iqac/MOM/MOM2018-2019-3.pdf,,,,,1,https://www.rmd.ac.in/iqac/mom.html,a
https://www.rmd.ac.in/iqac/MOM/MOM2018-2019-4.pdf,PDF,pdf,MOM2018-2019-4.pdf,/iqac/MOM/MOM2018-2019-4.pdf,,,,,1,https://www.rmd.ac.in/iqac/mom.html,a
https://www.rmd.ac.in/iqac/MOM/MOM2019-2020-1.pdf,PDF,pdf,MOM2019-2020-1.pdf,/iqac/MOM/MOM2019-2020-1.pdf,,,,,1,https://www.rmd.ac.in/iqac/mom.html,a
https://www.rmd.ac.in/iqac/MOM/MOM2019-2020-2.pdf,PDF,pdf,MOM2019-2020-2.pdf,/iqac/MOM/MOM2019-2020-2.pdf,,,,,1,https://www.rmd.ac.in/iqac/mom.html,a
https://www.rmd.ac.in/iqac/MOM/MOM2020-2021-1.pdf,PDF,pdf,MOM2020-2021-1.pdf,/iqac/MOM/MOM2020-2021-1.pdf,,,,,1,https://www.rmd.ac.in/iqac/mom.html,a
https://www.rmd.ac.in/iqac/MOM/MOM2020-2021-2.pdf,PDF,pdf,MOM2020-2021-2.pdf,/iqac/MOM/MOM2020-2021-2.pdf,,,,,1,https://www.rmd.ac.in/iqac/mom.html,a
https://www.rmd.ac.in/iqac/MOM/MOM2021-2022-1.pdf,PDF,pdf,MOM2021-2022-1.pdf,/iqac/MOM/MOM2021-2022-1.pdf,,,,,1,https://www.rmd.ac.in/iqac/mom.html,a
https://www.rmd.ac.in/iqac/MOM/MOM2021-2022-2.pdf,PDF,pdf,MOM2021-2022-2.pdf,/iqac/MOM/MOM2021-2022-2.pdf,,,,,1,https://www.rmd.ac.in/iqac/mom.html,a
https://www.rmd.ac.in/iqac/MOM/MOM2021-2022-3.pdf,PDF,pdf,MOM2021-2022-3.pdf,/iqac/MOM/MOM2021-2022-3.pdf,,,,,1,https://www.rmd.ac.in/iqac/mom.html,a
https://www.rmd.ac.in/iqac/MOM/MOM2022-2023-1.pdf,PDF,pdf,MOM2022-2023-1.pdf,/iqac/MOM/MOM2022-2023-1.pdf,,,,,1,https://www.rmd.ac.in/iqac/mom.html,a
https://www.rmd.ac.in/iqac/MOM/MOM2022-2023-2.pdf,PDF,pdf,MOM2022-2023-2.pdf,/iqac/MOM/MOM2022-2023-2.pdf,,,,,1,https://www.rmd.ac.in/iqac/mom.html,a
https://www.rmd.ac.in/iqac/MOM/MOM2022-2023-3.pdf,PDF,pdf,MOM2022-2023-3.pdf,/iqac/MOM/MOM2022-2023-3.pdf,,,,,1,https://www.rmd.ac.in/iqac/mom.html,a
https://www.rmd.ac.in/iqac/MOM/MOM2022-2023-4.pdf,PDF,pdf,MOM2022-2023-4.pdf,/iqac/MOM/MOM2022-2023-4.pdf,,,,,1,https://www.rmd.ac.in/iqac/mom.html,a
https://www.rmd.ac.in/iqac/MOM/MOM2023-2024-1.pdf,PDF,pdf,MOM2023-2024-1.pdf,/iqac/MOM/MOM2023-2024-1.pdf,,,,,1,https://www.rmd.ac.in/iqac/mom.html,a
https://www.rmd.ac.in/iqac/MOM/MOM2023-2024-2.pdf,PDF,pdf,MOM2023-2024-2.pdf,/iqac/MOM/MOM2023-2024-2.pdf,,,,,1,https://www.rmd.ac.in/iqac/mom.html,a
https://www.rmd.ac.in/iqac/MOM/MOM2023-2024-3.pdf,PDF,pdf,MOM2023-2024-3.pdf,/iqac/MOM/MOM2023-2024-3.pdf,,,,,1,https://www.rmd.ac.in/iqac/mom.html,a
https://www.rmd.ac.in/iqac/MOM/MOM2023-2024-4.pdf,PDF,pdf,MOM2023-2024-4.pdf,/iqac/MOM/MOM2023-2024-4.pdf,,,,,1,https://www.rmd.ac.in/iqac/mom.html,a
https://www.rmd.ac.in/library/pdf/AICTE%20LINK.pdf,PDF,pdf,AICTE LINK.pdf,/library/pdf/AICTE%20LINK.pdf,,,,,1,https://www.rmd.ac.in/library/digital.html,a
https://www.rmd.ac.in/library/pdf/E%20Journals%202025.pdf,PDF,pdf,E Journals 2025.pdf,/library/pdf/E%20Journals%202025.pdf,,,,,1,https://www.rmd.ac.in/library/pr.html,a
https://www.rmd.ac.in/magazine/careers360.pdf,PDF,pdf,careers360.pdf,/magazine/careers360.pdf,,,,,1,https://www.rmd.ac.in/,a
https://www.rmd.ac.in/magazine/dl.pdf,PDF,pdf,dl.pdf,/magazine/dl.pdf,,,,,1,https://www.rmd.ac.in/,a
https://www.rmd.ac.in/magazine/indiatoday.pdf,PDF,pdf,indiatoday.pdf,/magazine/indiatoday.pdf,,,,,1,https://www.rmd.ac.in/,a
https://www.rmd.ac.in/magazine/outlook.pdf,PDF,pdf,outlook.pdf,/magazine/outlook.pdf,,,,,1,https://www.rmd.ac.in/,a
https://www.rmd.ac.in/magazine/theweek.pdf,PDF,pdf,theweek.pdf,/magazine/theweek.pdf,,,,,1,https://www.rmd.ac.in/,a
https://www.rmd.ac.in/math/20-21/General%20Mathematics%20Quiz.pdf,PDF,pdf,General Mathematics Quiz.pdf,/math/20-21/General%20Mathematics%20Quiz.pdf,,,,,1,https://www.rmd.ac.in/math/activities.html,a
https://www.rmd.ac.in/math/20-21/General%20Mathematics%20to%20enhance%20Quality%20Education.pdf,PDF,pdf,General Mathematics to enhance Quality Education.pdf,/math/20-21/General%20Mathematics%20to%20enhance%20Quality%20Education.pdf,,,,,1,https://www.rmd.ac.in/math/activities.html,a
https://www.rmd.ac.in/math/20-21/Live%20Quiz%20on%20Mathematics.pdf,PDF,pdf,Live Quiz on Mathematics.pdf,/math/20-21/Live%20Quiz%20on%20Mathematics.pdf,,,,,1,https://www.rmd.ac.in/math/activities.html,a
https://www.rmd.ac.in/math/20-21/Logical%20Reasoning%20for%20Enhancing%20Quality%20Education.pdf,PDF,pdf,Logical Reasoning for Enhancing Quality Education.pdf,/math/20-21/Logical%20Reasoning%20for%20Enhancing%20Quality%20Education.pdf,,,,,1,https://www.rmd.ac.in/math/activities.html,a
https://www.rmd.ac.in/math/20-21/Mathematics%20with%20Fun.pdf,PDF,pdf,Mathematics with Fun.pdf,/math/20-21/Mathematics%20with%20Fun.pdf,,,,,1,https://www.rmd.ac.in/math/activities.html,a
https://www.rmd.ac.in/math/21-22/1.General%20Awareness%20Quiz%20on%20Teacher%E2%80%99s%20Day.pdf,PDF,pdf,1.General Awareness Quiz on Teacher’s Day.pdf,/math/21-22/1.General%20Awareness%20Quiz%20on%20Teacher%E2%80%99s%20Day.pdf,,,,,1,https://www.rmd.ac.in/math/activities.html,a
https://www.rmd.ac.in/math/21-22/2.Introduction%20to%20MATLAB.pdf,PDF,pdf,2.Introduction to MATLAB.pdf,/math/21-22/2.Introduction%20to%20MATLAB.pdf,,,,,1,https://www.rmd.ac.in/math/activities.html,a
https://www.rmd.ac.in/math/21-22/3.Quiz%20on%20Mathematics%20for%20National%20Mathematics%20Day.pdf,PDF,pdf,3.Quiz on Mathematics for National Mathematics Day.pdf,/math/21-22/3.Quiz%20on%20Mathematics%20for%20National%20Mathematics%20Day.pdf,,,,,1,https://www.rmd.ac.in/math/activities.html,a
https://www.rmd.ac.in/math/21-22/4.RMD%20MATH%20CLUB%20ACTIVITY1%20Puzzle%2028.04.22_Even%2021-22.pdf,PDF,pdf,4.RMD MATH CLUB ACTIVITY1 Puzzle 28.04.22_Even 21-22.pdf,/math/21-22/4.RMD%20MATH%20CLUB%20ACTIVITY1%20Puzzle%2028.04.22_Even%2021-22.pdf,,,,,1,https://www.rmd.ac.in/math/activities.html,a
https://www.rmd.ac.in/math/21-22/5.RMD%20MATH%20CLUB%20ACTIVITY2%20Sudoku%2016.05.22_Even%2021-22.pdf,PDF,pdf,5.RMD MATH CLUB ACTIVITY2 Sudoku 16.05.22_Even 21-22.pdf,/math/21-22/5.RMD%20MATH%20CLUB%20ACTIVITY2%20Sudoku%2016.05.22_Even%2021-22.pdf,,,,,1,https://www.rmd.ac.in/math/activities.html,a
https://www.rmd.ac.in/math/22-23/1.Live%20Quiz%20on%20Mathematics.pdf,PDF,pdf,1.Live Quiz on Mathematics.pdf,/math/22-23/1.Live%20Quiz%20on%20Mathematics.pdf,,,,,1,https://www.rmd.ac.in/math/activities.html,a
https://www.rmd.ac.in/math/22-23/2.RMD%20MATH%20CLUB%20ACTIVITY2-odd%20%2022-23.pdf,PDF,pdf,2.RMD MATH CLUB ACTIVITY2-odd  22-23.pdf,/math/22-23/2.RMD%20MATH%20CLUB%20ACTIVITY2-odd%20%2022-23.pdf,,,,,1,https://www.rmd.ac.in/math/activities.html,a
https://www.rmd.ac.in/math/22-23/3.%20RMD%20MATH%20CLUB%20ACTIVITY-Even%20%2022-23.pdf,PDF,pdf,3. RMD MATH CLUB ACTIVITY-Even  22-23.pdf,/math/22-23/3.%20RMD%20MATH%20CLUB%20ACTIVITY-Even%20%2022-23.pdf,,,,,1,https://www.rmd.ac.in/math/activities.html,a
https://www.rmd.ac.in/math/23-24/RMD%20MATH%20CLUB%20ACTIVITY1-odd%20%2023-24.pdf,PDF,pdf,RMD MATH CLUB ACTIVITY1-odd  23-24.pdf,/math/23-24/RMD%20MATH%20CLUB%20ACTIVITY1-odd%20%2023-24.pdf,,,,,1,https://www.rmd.ac.in/math/activities.html,a
https://www.rmd.ac.in/math/24-25/RMD%20MATH%20CLUB%20ACTIVITY-odd%2024-25.pdf,PDF,pdf,RMD MATH CLUB ACTIVITY-odd 24-25.pdf,/math/24-25/RMD%20MATH%20CLUB%20ACTIVITY-odd%2024-25.pdf,,,,,1,https://www.rmd.ac.in/math/activities.html,a
https://www.rmd.ac.in/math/24-25/RMD%20MATH%20CLUB%20ACTIVITY1-even%2024-25.pdf,PDF,pdf,RMD MATH CLUB ACTIVITY1-even 24-25.pdf,/math/24-25/RMD%20MATH%20CLUB%20ACTIVITY1-even%2024-25.pdf,,,,,1,https://www.rmd.ac.in/math/activities.html,a
https://www.rmd.ac.in/math/24-25/RMD%20MATH%20CLUB%20ACTIVITY2-even%2024-25.pdf,PDF,pdf,RMD MATH CLUB ACTIVITY2-even 24-25.pdf,/math/24-25/RMD%20MATH%20CLUB%20ACTIVITY2-even%2024-25.pdf,,,,,1,https://www.rmd.ac.in/math/activities.html,a
https://www.rmd.ac.in/math/25-26/RMD%20MATH%20CLUB%20ACTIVITY1.pdf,PDF,pdf,RMD MATH CLUB ACTIVITY1.pdf,/math/25-26/RMD%20MATH%20CLUB%20ACTIVITY1.pdf,,,,,1,https://www.rmd.ac.in/math/activities.html,a
https://www.rmd.ac.in/math/25-26/RMD%20MATH%20CLUB%20ACTIVITY2.pdf,PDF,pdf,RMD MATH CLUB ACTIVITY2.pdf,/math/25-26/RMD%20MATH%20CLUB%20ACTIVITY2.pdf,,,,,1,https://www.rmd.ac.in/math/activities.html,a
https://www.rmd.ac.in/math/25-26/RMD%20MATH%20CLUB%20ACTIVITY3.pdf,PDF,pdf,RMD MATH CLUB ACTIVITY3.pdf,/math/25-26/RMD%20MATH%20CLUB%20ACTIVITY3.pdf,,,,,1,https://www.rmd.ac.in/math/activities.html,a
https://www.rmd.ac.in/math/25-26/RMD%20MATH%20CLUB%20ACTIVITY4.pdf,PDF,pdf,RMD MATH CLUB ACTIVITY4.pdf,/math/25-26/RMD%20MATH%20CLUB%20ACTIVITY4.pdf,,,,,1,https://www.rmd.ac.in/math/activities.html,a
https://www.rmd.ac.in/msme/coe/ai.pdf,PDF,pdf,ai.pdf,/msme/coe/ai.pdf,,,,,1,https://www.rmd.ac.in/msme/,a
https://www.rmd.ac.in/msme/coe/bms.pdf,PDF,pdf,bms.pdf,/msme/coe/bms.pdf,,,,,1,https://www.rmd.ac.in/msme/,a
https://www.rmd.ac.in/msme/coe/cc.pdf,PDF,pdf,cc.pdf,/msme/coe/cc.pdf,,,,,1,https://www.rmd.ac.in/msme/,a
https://www.rmd.ac.in/msme/coe/cs.pdf,PDF,pdf,cs.pdf,/msme/coe/cs.pdf,,,,,1,https://www.rmd.ac.in/msme/,a
https://www.rmd.ac.in/msme/coe/es.pdf,PDF,pdf,es.pdf,/msme/coe/es.pdf,,,,,1,https://www.rmd.ac.in/msme/,a
https://www.rmd.ac.in/msme/coe/fa.pdf,PDF,pdf,fa.pdf,/msme/coe/fa.pdf,,,,,1,https://www.rmd.ac.in/msme/,a
https://www.rmd.ac.in/msme/coe/fee.pdf,PDF,pdf,fee.pdf,/msme/coe/fee.pdf,,,,,1,https://www.rmd.ac.in/msme/,a
https://www.rmd.ac.in/msme/coe/kpit.pdf,PDF,pdf,kpit.pdf,/msme/coe/kpit.pdf,,,,,1,https://www.rmd.ac.in/msme/,a
https://www.rmd.ac.in/msme/coe/telecom.pdf,PDF,pdf,telecom.pdf,/msme/coe/telecom.pdf,,,,,1,https://www.rmd.ac.in/msme/,a
https://www.rmd.ac.in/msme/msme.pdf,PDF,pdf,msme.pdf,/msme/msme.pdf,,,,,1,https://www.rmd.ac.in/msme/,embed
https://www.rmd.ac.in/naac/Criteria1/2021-2022/1.1/1.1.1%20Additional%20Information.pdf,PDF,pdf,1.1.1 Additional Information.pdf,/naac/Criteria1/2021-2022/1.1/1.1.1%20Additional%20Information.pdf,,,,,1,https://www.rmd.ac.in/naac/Criteria_1.html,a
https://www.rmd.ac.in/naac/Criteria1/2021-2022/1.1/1.1.1%20write%20up.pdf,PDF,pdf,1.1.1 write up.pdf,/naac/Criteria1/2021-2022/1.1/1.1.1%20write%20up.pdf,,,,,1,https://www.rmd.ac.in/naac/Criteria_1.html,a
https://www.rmd.ac.in/naac/Criteria1/2021-2022/1.1/1.1.2%20%20syllabus%20revision.pdf,PDF,pdf,1.1.2  syllabus revision.pdf,/naac/Criteria1/2021-2022/1.1/1.1.2%20%20syllabus%20revision.pdf,,,,,1,https://www.rmd.ac.in/naac/Criteria_1.html,a
https://www.rmd.ac.in/naac/Criteria1/2021-2022/1.1/1.1.2%20ACM_08.10.2021.pdf,PDF,pdf,1.1.2 ACM_08.10.2021.pdf,/naac/Criteria1/2021-2022/1.1/1.1.2%20ACM_08.10.2021.pdf,,,,,1,https://www.rmd.ac.in/naac/Criteria_1.html,a
https://www.rmd.ac.in/naac/Criteria1/2021-2022/1.1/1.1.2%20ACM_16.06.2021.pdf,PDF,pdf,1.1.2 ACM_16.06.2021.pdf,/naac/Criteria1/2021-2022/1.1/1.1.2%20ACM_16.06.2021.pdf,,,,,1,https://www.rmd.ac.in/naac/Criteria_1.html,a
https://www.rmd.ac.in/naac/Criteria1/2021-2022/1.1/1.1.2%20ACM_19.04.2021.pdf,PDF,pdf,1.1.2 ACM_19.04.2021.pdf,/naac/Criteria1/2021-2022/1.1/1.1.2%20ACM_19.04.2021.pdf,,,,,1,https://www.rmd.ac.in/naac/Criteria_1.html,a
https://www.rmd.ac.in/naac/Criteria1/2021-2022/1.1/1.1.2%20ACM_26.04.2021.pdf,PDF,pdf,1.1.2 ACM_26.04.2021.pdf,/naac/Criteria1/2021-2022/1.1/1.1.2%20ACM_26.04.2021.pdf,,,,,1,https://www.rmd.ac.in/naac/Criteria_1.html,a
https://www.rmd.ac.in/naac/Criteria1/2021-2022/1.1/1.1.2%20CSE-BoS%20Minutes%20of%20the%20Meeting.pdf,PDF,pdf,1.1.2 CSE-BoS Minutes of the Meeting.pdf,/naac/Criteria1/2021-2022/1.1/1.1.2%20CSE-BoS%20Minutes%20of%20the%20Meeting.pdf,,,,,1,https://www.rmd.ac.in/naac/Criteria_1.html,a
https://www.rmd.ac.in/naac/Criteria1/2021-2022/1.1/1.1.2%20ECE-BoS%20Minutes%20of%20the%20Meeting.pdf,PDF,pdf,1.1.2 ECE-BoS Minutes of the Meeting.pdf,/naac/Criteria1/2021-2022/1.1/1.1.2%20ECE-BoS%20Minutes%20of%20the%20Meeting.pdf,,,,,1,https://www.rmd.ac.in/naac/Criteria_1.html,a
https://www.rmd.ac.in/naac/Criteria1/2021-2022/1.1/1.1.2%20S&H-BoS%20Minutes%20of%20the%20Meeting.pdf,PDF,pdf,1.1.2 S&H-BoS Minutes of the Meeting.pdf,/naac/Criteria1/2021-2022/1.1/1.1.2%20S&H-BoS%20Minutes%20of%20the%20Meeting.pdf,,,,,1,https://www.rmd.ac.in/naac/Criteria_1.html,a
https://www.rmd.ac.in/naac/Criteria1/2021-2022/1.1/1.1.3%20MoU%20signed.pdf,PDF,pdf,1.1.3 MoU signed.pdf,/naac/Criteria1/2021-2022/1.1/1.1.3%20MoU%20signed.pdf,,,,,1,https://www.rmd.ac.in/naac/Criteria_1.html,a
https://www.rmd.ac.in/naac/Criteria1/2021-2022/1.1/1.1.3%20Syllabus.pdf,PDF,pdf,1.1.3 Syllabus.pdf,/naac/Criteria1/2021-2022/1.1/1.1.3%20Syllabus.pdf,,,,,1,https://www.rmd.ac.in/naac/Criteria_1.html,a
https://www.rmd.ac.in/naac/Criteria1/2021-2022/1.1/1.1.3%20additional%20info%20summary.pdf,PDF,pdf,1.1.3 additional info summary.pdf,/naac/Criteria1/2021-2022/1.1/1.1.3%20additional%20info%20summary.pdf,,,,,1,https://www.rmd.ac.in/naac/Criteria_1.html,a
https://www.rmd.ac.in/naac/Criteria1/2021-2022/1.2/1.1.2%20ACM%20&Bos%20Minutes%20link.pdf,PDF,pdf,1.1.2 ACM &Bos Minutes link.pdf,/naac/Criteria1/2021-2022/1.2/1.1.2%20ACM%20&Bos%20Minutes%20link.pdf,,,,,1,https://www.rmd.ac.in/naac/Criteria_1.html,a
https://www.rmd.ac.in/naac/Criteria1/2021-2022/1.3/1.3.1%20write%20up.pdf,PDF,pdf,1.3.1 write up.pdf,/naac/Criteria1/2021-2022/1.3/1.3.1%20write%20up.pdf,,,,,1,https://www.rmd.ac.in/naac/Criteria_1.html,a
https://www.rmd.ac.in/naac/Criteria1/2021-2022/1.3/1.3.2%20%20Online%20Courses.pdf,PDF,pdf,1.3.2  Online Courses.pdf,/naac/Criteria1/2021-2022/1.3/1.3.2%20%20Online%20Courses.pdf,,,,,1,https://www.rmd.ac.in/naac/Criteria_1.html,a
https://www.rmd.ac.in/naac/Criteria1/2021-2022/1.3/1.3.4%20Final%20Year%20project.pdf,PDF,pdf,1.3.4 Final Year project.pdf,/naac/Criteria1/2021-2022/1.3/1.3.4%20Final%20Year%20project.pdf,,,,,1,https://www.rmd.ac.in/naac/Criteria_1.html,a
https://www.rmd.ac.in/naac/Criteria1/2021-2022/1.3/1.3.4%20Internship.pdf,PDF,pdf,1.3.4 Internship.pdf,/naac/Criteria1/2021-2022/1.3/1.3.4%20Internship.pdf,,,,,1,https://www.rmd.ac.in/naac/Criteria_1.html,a
https://www.rmd.ac.in/naac/Criteria1/2021-2022/1.3/1.3.4%20Mini%20Project.pdf,PDF,pdf,1.3.4 Mini Project.pdf,/naac/Criteria1/2021-2022/1.3/1.3.4%20Mini%20Project.pdf,,,,,1,https://www.rmd.ac.in/naac/Criteria_1.html,a
https://www.rmd.ac.in/naac/Criteria1/2021-2022/1.3/1.3.4.%20Field%20Trip.pdf,PDF,pdf,1.3.4. Field Trip.pdf,/naac/Criteria1/2021-2022/1.3/1.3.4.%20Field%20Trip.pdf,,,,,1,https://www.rmd.ac.in/naac/Criteria_1.html,a
https://www.rmd.ac.in/naac/Criteria1/2021-2022/1.4/1.4%20ALUMNI%20SURVEY.pdf,PDF,pdf,1.4 ALUMNI SURVEY.pdf,/naac/Criteria1/2021-2022/1.4/1.4%20ALUMNI%20SURVEY.pdf,,,,,1,https://www.rmd.ac.in/naac/Criteria_1.html,a
https://www.rmd.ac.in/naac/Criteria1/2021-2022/1.4/1.4%20Employer%20Feedback.pdf,PDF,pdf,1.4 Employer Feedback.pdf,/naac/Criteria1/2021-2022/1.4/1.4%20Employer%20Feedback.pdf,,,,,1,https://www.rmd.ac.in/naac/Criteria_1.html,a
https://www.rmd.ac.in/naac/Criteria1/2021-2022/1.4/1.4%20Faculty%20feedback.pdf,PDF,pdf,1.4 Faculty feedback.pdf,/naac/Criteria1/2021-2022/1.4/1.4%20Faculty%20feedback.pdf,,,,,1,https://www.rmd.ac.in/naac/Criteria_1.html,a
https://www.rmd.ac.in/naac/Criteria1/2021-2022/1.4/1.4%20Parent%20Feedback.pdf,PDF,pdf,1.4 Parent Feedback.pdf,/naac/Criteria1/2021-2022/1.4/1.4%20Parent%20Feedback.pdf,,,,,1,https://www.rmd.ac.in/naac/Criteria_1.html,a
https://www.rmd.ac.in/naac/Criteria1/2021-2022/1.4/1.4%20Student%20Feedback.pdf,PDF,pdf,1.4 Student Feedback.pdf,/naac/Criteria1/2021-2022/1.4/1.4%20Student%20Feedback.pdf,,,,,1,https://www.rmd.ac.in/naac/Criteria_1.html,a
https://www.rmd.ac.in/naac/Criteria2/2020-2021/1.2.2%20Certification%20courses.pdf,PDF,pdf,1.2.2 Certification courses.pdf,/naac/Criteria2/2020-2021/1.2.2%20Certification%20courses.pdf,,,,,1,https://www.rmd.ac.in/naac/Criteria_2.html,a
https://www.rmd.ac.in/naac/Criteria2/2020-2021/1.3.2%2020-21%20FINAL%20YEAR%20PROJECTS%20OF%20ALL%20DEPT.pdf,PDF,pdf,1.3.2 20-21 FINAL YEAR PROJECTS OF ALL DEPT.pdf,/naac/Criteria2/2020-2021/1.3.2%2020-21%20FINAL%20YEAR%20PROJECTS%20OF%20ALL%20DEPT.pdf,,,,,1,https://www.rmd.ac.in/naac/Criteria_2.html,a
https://www.rmd.ac.in/naac/Criteria2/2020-2021/1.3.2%2020-21%20internship%20for%20all%20Dept.pdf,PDF,pdf,1.3.2 20-21 internship for all Dept.pdf,/naac/Criteria2/2020-2021/1.3.2%2020-21%20internship%20for%20all%20Dept.pdf,,,,,1,https://www.rmd.ac.in/naac/Criteria_2.html,a
https://www.rmd.ac.in/naac/Criteria2/2020-2021/1.3.2%2020-21%20mini%20project%20of%20all%20dept.pdf,PDF,pdf,1.3.2 20-21 mini project of all dept.pdf,/naac/Criteria2/2020-2021/1.3.2%2020-21%20mini%20project%20of%20all%20dept.pdf,,,,,1,https://www.rmd.ac.in/naac/Criteria_2.html,a
https://www.rmd.ac.in/naac/Criteria2/2020-2021/2.2.1%20special%20Programmes%20for%20advanced%20learners%20and%20slow%20learners.pdf,PDF,pdf,2.2.1 special Programmes for advanced learners and slow learners.pdf,/naac/Criteria2/2020-2021/2.2.1%20special%20Programmes%20for%20advanced%20learners%20and%20slow%20learners.pdf,,,,,1,https://www.rmd.ac.in/naac/Criteria_2.html,a
https://www.rmd.ac.in/naac/Criteria2/2020-2021/2.5%20Overall%20Schedule%202020-2021.pdf,PDF,pdf,2.5 Overall Schedule 2020-2021.pdf,/naac/Criteria2/2020-2021/2.5%20Overall%20Schedule%202020-2021.pdf,,,,,1,https://www.rmd.ac.in/naac/Criteria_2.html,a
https://www.rmd.ac.in/naac/Criteria2/2020-2021/2.6.1%20%20COs%20for%20all%20courses%202020-2021.pdf,PDF,pdf,2.6.1  COs for all courses 2020-2021.pdf,/naac/Criteria2/2020-2021/2.6.1%20%20COs%20for%20all%20courses%202020-2021.pdf,,,,,1,https://www.rmd.ac.in/naac/Criteria_2.html,a
https://www.rmd.ac.in/naac/Criteria2/2020-2021/2.6.2%20Attainment%20of%20po%20&%20co.pdf,PDF,pdf,2.6.2 Attainment of po & co.pdf,/naac/Criteria2/2020-2021/2.6.2%20Attainment%20of%20po%20&%20co.pdf,,,,,1,https://www.rmd.ac.in/naac/Criteria_2.html,a
https://www.rmd.ac.in/naac/Criteria2/2020-2021/2.6.2.Attainment%20of%20Programme%20Outcomes%20and%20Course%20Outcomes.pdf,PDF,pdf,2.6.2.Attainment of Programme Outcomes and Course Outcomes.pdf,/naac/Criteria2/2020-2021/2.6.2.Attainment%20of%20Programme%20Outcomes%20and%20Course%20Outcomes.pdf,,,,,1,https://www.rmd.ac.in/naac/Criteria_2.html,a
https://www.rmd.ac.in/naac/Criteria2/2020-2021/Final%20Year%20Results%20compresses%202020-2021.pdf,PDF,pdf,Final Year Results compresses 2020-2021.pdf,/naac/Criteria2/2020-2021/Final%20Year%20Results%20compresses%202020-2021.pdf,,,,,1,https://www.rmd.ac.in/naac/Criteria_2.html,a
https://www.rmd.ac.in/naac/Criteria2/2020-2021/feedback.pdf,PDF,pdf,feedback.pdf,/naac/Criteria2/2020-2021/feedback.pdf,,,,,1,https://www.rmd.ac.in/naac/Criteria_2.html,a
https://www.rmd.ac.in/naac/Criteria2/2021-2022/2.2.1%20Specilal%20Programs%20for%20both%20slow%20and%20Advanced%20Learners.pdf,PDF,pdf,2.2.1 Specilal Programs for both slow and Advanced Learners.pdf,/naac/Criteria2/2021-2022/2.2.1%20Specilal%20Programs%20for%20both%20slow%20and%20Advanced%20Learners.pdf,,,,,1,https://www.rmd.ac.in/naac/Criteria_2.html,a
https://www.rmd.ac.in/naac/Criteria2/2021-2022/2.3.1%20Final%20Year%20project.pdf,PDF,pdf,2.3.1 Final Year project.pdf,/naac/Criteria2/2021-2022/2.3.1%20Final%20Year%20project.pdf,,,,,1,https://www.rmd.ac.in/naac/Criteria_2.html,a
https://www.rmd.ac.in/naac/Criteria2/2021-2022/2.3.1%20Internship.pdf,PDF,pdf,2.3.1 Internship.pdf,/naac/Criteria2/2021-2022/2.3.1%20Internship.pdf,,,,,1,https://www.rmd.ac.in/naac/Criteria_2.html,a
https://www.rmd.ac.in/naac/Criteria2/2021-2022/2.3.1%20Mini%20Project.pdf,PDF,pdf,2.3.1 Mini Project.pdf,/naac/Criteria2/2021-2022/2.3.1%20Mini%20Project.pdf,,,,,1,https://www.rmd.ac.in/naac/Criteria_2.html,a
https://www.rmd.ac.in/naac/Criteria2/2021-2022/2.3.1Certification%20%20Courses.pdf,PDF,pdf,2.3.1Certification  Courses.pdf,/naac/Criteria2/2021-2022/2.3.1Certification%20%20Courses.pdf,,,,,1,https://www.rmd.ac.in/naac/Criteria_2.html,a
https://www.rmd.ac.in/naac/Criteria2/2021-2022/2.3.4%20Academic%20Calendar%20for%20odd%20and%20even.pdf,PDF,pdf,2.3.4 Academic Calendar for odd and even.pdf,/naac/Criteria2/2021-2022/2.3.4%20Academic%20Calendar%20for%20odd%20and%20even.pdf,,,,,1,https://www.rmd.ac.in/naac/Criteria_2.html,a
https://www.rmd.ac.in/naac/Criteria2/2021-2022/2.4.2%20List%20of%20number%20of%20full-time%20teachers%20with%20PhD.pdf,PDF,pdf,2.4.2 List of number of full-time teachers with PhD.pdf,/naac/Criteria2/2021-2022/2.4.2%20List%20of%20number%20of%20full-time%20teachers%20with%20PhD.pdf,,,,,1,https://www.rmd.ac.in/naac/Criteria_2.html,a
https://www.rmd.ac.in/naac/Criteria2/2021-2022/2.5.1%20End%20sem%20Examinations%20Odd%20&%20Even%20Semester%20time%20table.pdf,PDF,pdf,2.5.1 End sem Examinations Odd & Even Semester time table.pdf,/naac/Criteria2/2021-2022/2.5.1%20End%20sem%20Examinations%20Odd%20&%20Even%20Semester%20time%20table.pdf,,,,,1,https://www.rmd.ac.in/naac/Criteria_2.html,a
https://www.rmd.ac.in/naac/Criteria2/2021-2022/2.5.1.End%20Semester%20Examination%20Results%20odd%20&%20Even.pdf,PDF,pdf,2.5.1.End Semester Examination Results odd & Even.pdf,/naac/Criteria2/2021-2022/2.5.1.End%20Semester%20Examination%20Results%20odd%20&%20Even.pdf,,,,,1,https://www.rmd.ac.in/naac/Criteria_2.html,a
https://www.rmd.ac.in/naac/Criteria2/2021-2022/2.5.2%20Review%20Details.pdf,PDF,pdf,2.5.2 Review Details.pdf,/naac/Criteria2/2021-2022/2.5.2%20Review%20Details.pdf,,,,,1,https://www.rmd.ac.in/naac/Criteria_2.html,a
https://www.rmd.ac.in/naac/Criteria2/2021-2022/2.5.3%20IT%20Integrated%20Examination%20Procedure.pdf,PDF,pdf,2.5.3 IT Integrated Examination Procedure.pdf,/naac/Criteria2/2021-2022/2.5.3%20IT%20Integrated%20Examination%20Procedure.pdf,,,,,1,https://www.rmd.ac.in/naac/Criteria_2.html,a
https://www.rmd.ac.in/naac/Criteria2/2021-2022/2.6.1.Course%20Outcomes%20for%20all%20Courses.pdf,PDF,pdf,2.6.1.Course Outcomes for all Courses.pdf,/naac/Criteria2/2021-2022/2.6.1.Course%20Outcomes%20for%20all%20Courses.pdf,,,,,1,https://www.rmd.ac.in/naac/Criteria_2.html,a
https://www.rmd.ac.in/naac/Criteria2/2021-2022/2.6.3.2%20Annual%20Report.pdf,PDF,pdf,2.6.3.2 Annual Report.pdf,/naac/Criteria2/2021-2022/2.6.3.2%20Annual%20Report.pdf,,,,,1,https://www.rmd.ac.in/naac/Criteria_2.html,a
https://www.rmd.ac.in/naac/Criteria2/2021-2022/2.7.1.Student's%20satisfaction%20Survey%20on%20Teaching%20Learning%20Process.pdf,PDF,pdf,2.7.1.Student's satisfaction Survey on Teaching Learning Process.pdf,/naac/Criteria2/2021-2022/2.7.1.Student's%20satisfaction%20Survey%20on%20Teaching%20Learning%20Process.pdf,,,,,1,https://www.rmd.ac.in/naac/Criteria_2.html,a
https://www.rmd.ac.in/naac/Criteria3/2021-2022/3.2.2%20Number%20of%20teachers%20having%20research%20projects.pdf,PDF,pdf,3.2.2 Number of teachers having research projects.pdf,/naac/Criteria3/2021-2022/3.2.2%20Number%20of%20teachers%20having%20research%20projects.pdf,,,,,1,https://www.rmd.ac.in/naac/Criteria_3.html,a
https://www.rmd.ac.in/naac/Criteria3/2021-2022/3.4.3%20Publications%20%20ECE.pdf,PDF,pdf,3.4.3 Publications  ECE.pdf,/naac/Criteria3/2021-2022/3.4.3%20Publications%20%20ECE.pdf,,,,,1,https://www.rmd.ac.in/naac/Criteria_3.html,a
https://www.rmd.ac.in/naac/Criteria3/2021-2022/3.4.3%20Publications%20CSBS.pdf,PDF,pdf,3.4.3 Publications CSBS.pdf,/naac/Criteria3/2021-2022/3.4.3%20Publications%20CSBS.pdf,,,,,1,https://www.rmd.ac.in/naac/Criteria_3.html,a
https://www.rmd.ac.in/naac/Criteria3/2021-2022/3.4.3%20Publications%20CSE.pdf,PDF,pdf,3.4.3 Publications CSE.pdf,/naac/Criteria3/2021-2022/3.4.3%20Publications%20CSE.pdf,,,,,1,https://www.rmd.ac.in/naac/Criteria_3.html,a
https://www.rmd.ac.in/naac/Criteria3/2021-2022/3.4.3%20Publications%20IT.pdf,PDF,pdf,3.4.3 Publications IT.pdf,/naac/Criteria3/2021-2022/3.4.3%20Publications%20IT.pdf,,,,,1,https://www.rmd.ac.in/naac/Criteria_3.html,a
https://www.rmd.ac.in/naac/Criteria3/2021-2022/3.4.3%20Publications%20SNH.pdf,PDF,pdf,3.4.3 Publications SNH.pdf,/naac/Criteria3/2021-2022/3.4.3%20Publications%20SNH.pdf,,,,,1,https://www.rmd.ac.in/naac/Criteria_3.html,a
https://www.rmd.ac.in/naac/Criteria3/2021-2022/3.4.4%20Books%20and%20Book%20Chapters.pdf,PDF,pdf,3.4.4 Books and Book Chapters.pdf,/naac/Criteria3/2021-2022/3.4.4%20Books%20and%20Book%20Chapters.pdf,,,,,1,https://www.rmd.ac.in/naac/Criteria_3.html,a
https://www.rmd.ac.in/naac/Criteria4/2021-2022/4.1.1%20Additional%20information.pdf,PDF,pdf,4.1.1 Additional information.pdf,/naac/Criteria4/2021-2022/4.1.1%20Additional%20information.pdf,,,,,1,https://www.rmd.ac.in/naac/Criteria_4.html,a
https://www.rmd.ac.in/naac/Criteria4/2021-2022/4.1.3%20%20ECE%20Classrooms%20Geotagged%20Photos%20with%20Master%20Time%20Table.pdf,PDF,pdf,4.1.3  ECE Classrooms Geotagged Photos with Master Time Table.pdf,/naac/Criteria4/2021-2022/4.1.3%20%20ECE%20Classrooms%20Geotagged%20Photos%20with%20Master%20Time%20Table.pdf,,,,,1,https://www.rmd.ac.in/naac/Criteria_4.html,a
https://www.rmd.ac.in/naac/Criteria4/2021-2022/4.1.3%20%20IT%20ClassroomsGeotagged%20Photos%20with%20Master%20Time%20Table.pdf,PDF,pdf,4.1.3  IT ClassroomsGeotagged Photos with Master Time Table.pdf,/naac/Criteria4/2021-2022/4.1.3%20%20IT%20ClassroomsGeotagged%20Photos%20with%20Master%20Time%20Table.pdf,,,,,1,https://www.rmd.ac.in/naac/Criteria_4.html,a
https://www.rmd.ac.in/naac/Criteria4/2021-2022/4.1.3%20CSE%20Classrooms%20Geotagged%20Photos%20with%20master%20timeTable.pdf,PDF,pdf,4.1.3 CSE Classrooms Geotagged Photos with master timeTable.pdf,/naac/Criteria4/2021-2022/4.1.3%20CSE%20Classrooms%20Geotagged%20Photos%20with%20master%20timeTable.pdf,,,,,1,https://www.rmd.ac.in/naac/Criteria_4.html,a
https://www.rmd.ac.in/naac/Criteria4/2021-2022/4.1.3%20EEE%20Classrooms%20Geotagged%20Photo%20with%20Master%20Time%20Table.pdf,PDF,pdf,4.1.3 EEE Classrooms Geotagged Photo with Master Time Table.pdf,/naac/Criteria4/2021-2022/4.1.3%20EEE%20Classrooms%20Geotagged%20Photo%20with%20Master%20Time%20Table.pdf,,,,,1,https://www.rmd.ac.in/naac/Criteria_4.html,a
https://www.rmd.ac.in/naac/Criteria4/2021-2022/4.1.3%20EIE%20Classrooms%20Geotagged%20Photos%20with%20Master%20Time%20Table.pdf,PDF,pdf,4.1.3 EIE Classrooms Geotagged Photos with Master Time Table.pdf,/naac/Criteria4/2021-2022/4.1.3%20EIE%20Classrooms%20Geotagged%20Photos%20with%20Master%20Time%20Table.pdf,,,,,1,https://www.rmd.ac.in/naac/Criteria_4.html,a
https://www.rmd.ac.in/naac/Criteria4/2021-2022/4.1.3%20S&H%20%20Classrooms%20Geotagged%20Photo%20with%20Master%20Time%20Table.pdf,PDF,pdf,4.1.3 S&H  Classrooms Geotagged Photo with Master Time Table.pdf,/naac/Criteria4/2021-2022/4.1.3%20S&H%20%20Classrooms%20Geotagged%20Photo%20with%20Master%20Time%20Table.pdf,,,,,1,https://www.rmd.ac.in/naac/Criteria_4.html,a
https://www.rmd.ac.in/naac/Criteria4/2021-2022/4.1.3%20Seminar%20Halls%20Geotagged%20Photo.pdf,PDF,pdf,4.1.3 Seminar Halls Geotagged Photo.pdf,/naac/Criteria4/2021-2022/4.1.3%20Seminar%20Halls%20Geotagged%20Photo.pdf,,,,,1,https://www.rmd.ac.in/naac/Criteria_4.html,a
https://www.rmd.ac.in/naac/Criteria4/2021-2022/4.2.2%20Database%20&%20Membership.pdf,PDF,pdf,4.2.2 Database & Membership.pdf,/naac/Criteria4/2021-2022/4.2.2%20Database%20&%20Membership.pdf,,,,,1,https://www.rmd.ac.in/naac/Criteria_4.html,a
https://www.rmd.ac.in/naac/Criteria4/2021-2022/4.2.2%20E-Books.pdf,PDF,pdf,4.2.2 E-Books.pdf,/naac/Criteria4/2021-2022/4.2.2%20E-Books.pdf,,,,,1,https://www.rmd.ac.in/naac/Criteria_4.html,a
https://www.rmd.ac.in/naac/Criteria4/2021-2022/4.2.2%20E-Journals.pdf,PDF,pdf,4.2.2 E-Journals.pdf,/naac/Criteria4/2021-2022/4.2.2%20E-Journals.pdf,,,,,1,https://www.rmd.ac.in/naac/Criteria_4.html,a
https://www.rmd.ac.in/naac/Criteria4/2021-2022/4.2.2%20Journals.pdf,PDF,pdf,4.2.2 Journals.pdf,/naac/Criteria4/2021-2022/4.2.2%20Journals.pdf,,,,,1,https://www.rmd.ac.in/naac/Criteria_4.html,a
https://www.rmd.ac.in/naac/Criteria4/2021-2022/4.2.2%20Library%20Book%20Bills.pdf,PDF,pdf,4.2.2 Library Book Bills.pdf,/naac/Criteria4/2021-2022/4.2.2%20Library%20Book%20Bills.pdf,,,,,1,https://www.rmd.ac.in/naac/Criteria_4.html,a
https://www.rmd.ac.in/naac/Criteria5/2021-2022/5.1.1%20Management%20scholarship.pdf,PDF,pdf,5.1.1 Management scholarship.pdf,/naac/Criteria5/2021-2022/5.1.1%20Management%20scholarship.pdf,,,,,1,https://www.rmd.ac.in/naac/Criteria_5.html,a
"https://www.rmd.ac.in/naac/Criteria5/2021-2022/5.1.1.%20BC%20,MBC%20SCHOLARSHIP.pdf",PDF,pdf,"5.1.1. BC ,MBC SCHOLARSHIP.pdf","/naac/Criteria5/2021-2022/5.1.1.%20BC%20,MBC%20SCHOLARSHIP.pdf",,,,,1,https://www.rmd.ac.in/naac/Criteria_5.html,a
https://www.rmd.ac.in/naac/Criteria5/2021-2022/5.1.1.%20FG%20Scholarship.pdf,PDF,pdf,5.1.1. FG Scholarship.pdf,/naac/Criteria5/2021-2022/5.1.1.%20FG%20Scholarship.pdf,,,,,1,https://www.rmd.ac.in/naac/Criteria_5.html,a
https://www.rmd.ac.in/naac/Criteria5/2021-2022/5.1.1.%20NSP%20SCHOLARSHIP.pdf,PDF,pdf,5.1.1. NSP SCHOLARSHIP.pdf,/naac/Criteria5/2021-2022/5.1.1.%20NSP%20SCHOLARSHIP.pdf,,,,,1,https://www.rmd.ac.in/naac/Criteria_5.html,a
"https://www.rmd.ac.in/naac/Criteria5/2021-2022/5.1.1.%20SC,ST%20SCHOLARSHIP.pdf",PDF,pdf,"5.1.1. SC,ST SCHOLARSHIP.pdf","/naac/Criteria5/2021-2022/5.1.1.%20SC,ST%20SCHOLARSHIP.pdf",,,,,1,https://www.rmd.ac.in/naac/Criteria_5.html,a
https://www.rmd.ac.in/naac/Criteria5/2021-2022/5.1.3%20Language%20and%20communication%20skills.pdf,PDF,pdf,5.1.3 Language and communication skills.pdf,/naac/Criteria5/2021-2022/5.1.3%20Language%20and%20communication%20skills.pdf,,,,,1,https://www.rmd.ac.in/naac/Criteria_5.html,a
https://www.rmd.ac.in/naac/Criteria5/2021-2022/5.1.3%20Life%20skills.pdf,PDF,pdf,5.1.3 Life skills.pdf,/naac/Criteria5/2021-2022/5.1.3%20Life%20skills.pdf,,,,,1,https://www.rmd.ac.in/naac/Criteria_5.html,a
https://www.rmd.ac.in/naac/Criteria5/2021-2022/5.1.3%20soft%20skills.pdf,PDF,pdf,5.1.3 soft skills.pdf,/naac/Criteria5/2021-2022/5.1.3%20soft%20skills.pdf,,,,,1,https://www.rmd.ac.in/naac/Criteria_5.html,a
https://www.rmd.ac.in/naac/Criteria5/2021-2022/5.1.4%20Number%20of%20students%20benefitted%20from%20guidance%20coaching.pdf,PDF,pdf,5.1.4 Number of students benefitted from guidance coaching.pdf,/naac/Criteria5/2021-2022/5.1.4%20Number%20of%20students%20benefitted%20from%20guidance%20coaching.pdf,,,,,1,https://www.rmd.ac.in/naac/Criteria_5.html,a
https://www.rmd.ac.in/naac/Criteria5/2021-2022/5.2.1%20Placement%20Appointment%20letters.pdf,PDF,pdf,5.2.1 Placement Appointment letters.pdf,/naac/Criteria5/2021-2022/5.2.1%20Placement%20Appointment%20letters.pdf,,,,,1,https://www.rmd.ac.in/naac/Criteria_5.html,a
https://www.rmd.ac.in/naac/Criteria6/2021-2022/6.2.1%20Strategic%20plan.pdf,PDF,pdf,6.2.1 Strategic plan.pdf,/naac/Criteria6/2021-2022/6.2.1%20Strategic%20plan.pdf,,,,,1,https://www.rmd.ac.in/naac/Criteria_6.html,a
https://www.rmd.ac.in/naac/Criteria6/2021-2022/6.3.4%20FDP-Consolidated.pdf,PDF,pdf,6.3.4 FDP-Consolidated.pdf,/naac/Criteria6/2021-2022/6.3.4%20FDP-Consolidated.pdf,,,,,1,https://www.rmd.ac.in/naac/Criteria_6.html,a
https://www.rmd.ac.in/naac/Criteria6/2021-2022/6.5.3%20Annual%20Report.pdf,PDF,pdf,6.5.3 Annual Report.pdf,/naac/Criteria6/2021-2022/6.5.3%20Annual%20Report.pdf,,,,,1,https://www.rmd.ac.in/naac/Criteria_6.html,a
https://www.rmd.ac.in/naac/Criteria6/2022-2023/.pdf,PDF,pdf,.pdf,/naac/Criteria6/2022-2023/.pdf,,,,,1,https://www.rmd.ac.in/naac/Criteria_6.html,a
https://www.rmd.ac.in/naac/Criteria6/2022-2023/6.5.3%20Annual_Report.pdf,PDF,pdf,6.5.3 Annual_Report.pdf,/naac/Criteria6/2022-2023/6.5.3%20Annual_Report.pdf,,,,,1,https://www.rmd.ac.in/naac/Criteria_6.html,a
https://www.rmd.ac.in/naac/Criteria7/2020-2021/7.1.1Specific%20facilities%20provided%20for%20women%20in%20terms%20of%20Safety%20and%20security.pdf,PDF,pdf,7.1.1Specific facilities provided for women in terms of Safety and security.pdf,/naac/Criteria7/2020-2021/7.1.1Specific%20facilities%20provided%20for%20women%20in%20terms%20of%20Safety%20and%20security.pdf,,,,,1,https://www.rmd.ac.in/naac/Criteria_7.html,a
https://www.rmd.ac.in/naac/Criteria7/2020-2021/7.1.3.pdf,PDF,pdf,7.1.3.pdf,/naac/Criteria7/2020-2021/7.1.3.pdf,,,,,1,https://www.rmd.ac.in/naac/Criteria_7.html,a
https://www.rmd.ac.in/naac/Criteria7/2020-2021/Annual%20gender%20sensitization%20action%20plan.pdf,PDF,pdf,Annual gender sensitization action plan.pdf,/naac/Criteria7/2020-2021/Annual%20gender%20sensitization%20action%20plan.pdf,,,,,1,https://www.rmd.ac.in/naac/Criteria_7.html,a
https://www.rmd.ac.in/naac/naaccertificate.pdf,PDF,pdf,naaccertificate.pdf,/naac/naaccertificate.pdf,,,,,1,https://www.rmd.ac.in/naac/naac.html,embed
https://www.rmd.ac.in/news/2019/Education_matters.pdf,PDF,pdf,Education_matters.pdf,/news/2019/Education_matters.pdf,,,,,1,https://www.rmd.ac.in/,a
https://www.rmd.ac.in/newsletter.pdf,PDF,pdf,newsletter.pdf,/newsletter.pdf,,,,,32,https://www.rmd.ac.in/dept/cse/research/Hemalatha.html,a
https://www.rmd.ac.in/nirf/Innovation_2025.pdf,PDF,pdf,Innovation_2025.pdf,/nirf/Innovation_2025.pdf,,,,,1,https://www.rmd.ac.in/nirf/nirf.html,a
https://www.rmd.ac.in/nirf/Innovation_2026.pdf,PDF,pdf,Innovation_2026.pdf,/nirf/Innovation_2026.pdf,,,,,1,https://www.rmd.ac.in/nirf/nirf.html,a
https://www.rmd.ac.in/nirf/NIRF%202017%20Ranking.pdf,PDF,pdf,NIRF 2017 Ranking.pdf,/nirf/NIRF%202017%20Ranking.pdf,,,,,1,https://www.rmd.ac.in/nirf/nirf.html,a
https://www.rmd.ac.in/nirf/NIRF%202018%20Ranking.pdf,PDF,pdf,NIRF 2018 Ranking.pdf,/nirf/NIRF%202018%20Ranking.pdf,,,,,1,https://www.rmd.ac.in/nirf/nirf.html,a
https://www.rmd.ac.in/nirf/NIRF%202020%20Ranking.pdf,PDF,pdf,NIRF 2020 Ranking.pdf,/nirf/NIRF%202020%20Ranking.pdf,,,,,1,https://www.rmd.ac.in/nirf/nirf.html,a
https://www.rmd.ac.in/nirf/NIRF%202021%20Ranking.pdf,PDF,pdf,NIRF 2021 Ranking.pdf,/nirf/NIRF%202021%20Ranking.pdf,,,,,1,https://www.rmd.ac.in/nirf/nirf.html,a
https://www.rmd.ac.in/nirf/NIRF%202022%20Ranking.pdf,PDF,pdf,NIRF 2022 Ranking.pdf,/nirf/NIRF%202022%20Ranking.pdf,,,,,1,https://www.rmd.ac.in/nirf/nirf.html,a
https://www.rmd.ac.in/nirf/NIRF%202024%20Ranking.pdf,PDF,pdf,NIRF 2024 Ranking.pdf,/nirf/NIRF%202024%20Ranking.pdf,,,,,1,https://www.rmd.ac.in/nirf/nirf.html,a
https://www.rmd.ac.in/nirf/NIRF%202025%20Ranking.pdf,PDF,pdf,NIRF 2025 Ranking.pdf,/nirf/NIRF%202025%20Ranking.pdf,,,,,1,https://www.rmd.ac.in/nirf/nirf.html,a
https://www.rmd.ac.in/nirf/SDG_Institution_2025.pdf,PDF,pdf,SDG_Institution_2025.pdf,/nirf/SDG_Institution_2025.pdf,,,,,1,https://www.rmd.ac.in/nirf/nirf.html,a
https://www.rmd.ac.in/nirf/SDG_Institution_2026.pdf,PDF,pdf,SDG_Institution_2026.pdf,/nirf/SDG_Institution_2026.pdf,,,,,1,https://www.rmd.ac.in/nirf/nirf.html,a
https://www.rmd.ac.in/nirf/engg-dcs2016.pdf,PDF,pdf,engg-dcs2016.pdf,/nirf/engg-dcs2016.pdf,,,,,1,https://www.rmd.ac.in/nirf/nirf.html,a
https://www.rmd.ac.in/nirf/engg-dcs2017.pdf,PDF,pdf,engg-dcs2017.pdf,/nirf/engg-dcs2017.pdf,,,,,1,https://www.rmd.ac.in/nirf/nirf.html,a
https://www.rmd.ac.in/nirf/engg-dcs2018.pdf,PDF,pdf,engg-dcs2018.pdf,/nirf/engg-dcs2018.pdf,,,,,1,https://www.rmd.ac.in/nirf/nirf.html,a
https://www.rmd.ac.in/nirf/engg-dcs2019.pdf,PDF,pdf,engg-dcs2019.pdf,/nirf/engg-dcs2019.pdf,,,,,1,https://www.rmd.ac.in/nirf/nirf.html,a
https://www.rmd.ac.in/nirf/engg-dcs2020.pdf,PDF,pdf,engg-dcs2020.pdf,/nirf/engg-dcs2020.pdf,,,,,1,https://www.rmd.ac.in/nirf/nirf.html,a
https://www.rmd.ac.in/nirf/engg-dcs2021.pdf,PDF,pdf,engg-dcs2021.pdf,/nirf/engg-dcs2021.pdf,,,,,1,https://www.rmd.ac.in/nirf/nirf.html,a
https://www.rmd.ac.in/nirf/engg-dcs2022.pdf,PDF,pdf,engg-dcs2022.pdf,/nirf/engg-dcs2022.pdf,,,,,1,https://www.rmd.ac.in/nirf/nirf.html,a
https://www.rmd.ac.in/nirf/engg-dcs2023.pdf,PDF,pdf,engg-dcs2023.pdf,/nirf/engg-dcs2023.pdf,,,,,1,https://www.rmd.ac.in/nirf/nirf.html,a
https://www.rmd.ac.in/nirf/engg-dcs2024.pdf,PDF,pdf,engg-dcs2024.pdf,/nirf/engg-dcs2024.pdf,,,,,1,https://www.rmd.ac.in/nirf/nirf.html,a
https://www.rmd.ac.in/nirf/engg-dcs2025.pdf,PDF,pdf,engg-dcs2025.pdf,/nirf/engg-dcs2025.pdf,,,,,1,https://www.rmd.ac.in/nirf/nirf.html,a
https://www.rmd.ac.in/nirf/engg-dcs2026.pdf,PDF,pdf,engg-dcs2026.pdf,/nirf/engg-dcs2026.pdf,,,,,1,https://www.rmd.ac.in/nirf/nirf.html,a
https://www.rmd.ac.in/nirf/overall-dcs2017.pdf,PDF,pdf,overall-dcs2017.pdf,/nirf/overall-dcs2017.pdf,,,,,1,https://www.rmd.ac.in/nirf/nirf.html,a
https://www.rmd.ac.in/nirf/overall-dcs2018.pdf,PDF,pdf,overall-dcs2018.pdf,/nirf/overall-dcs2018.pdf,,,,,1,https://www.rmd.ac.in/nirf/nirf.html,a
https://www.rmd.ac.in/nirf/overall-dcs2019.pdf,PDF,pdf,overall-dcs2019.pdf,/nirf/overall-dcs2019.pdf,,,,,1,https://www.rmd.ac.in/nirf/nirf.html,a
https://www.rmd.ac.in/nirf/overall-dcs2020.pdf,PDF,pdf,overall-dcs2020.pdf,/nirf/overall-dcs2020.pdf,,,,,1,https://www.rmd.ac.in/nirf/nirf.html,a
https://www.rmd.ac.in/nirf/overall-dcs2021.pdf,PDF,pdf,overall-dcs2021.pdf,/nirf/overall-dcs2021.pdf,,,,,1,https://www.rmd.ac.in/nirf/nirf.html,a
https://www.rmd.ac.in/nirf/overall-dcs2022.pdf,PDF,pdf,overall-dcs2022.pdf,/nirf/overall-dcs2022.pdf,,,,,1,https://www.rmd.ac.in/nirf/nirf.html,a
https://www.rmd.ac.in/nirf/overall-dcs2023.pdf,PDF,pdf,overall-dcs2023.pdf,/nirf/overall-dcs2023.pdf,,,,,1,https://www.rmd.ac.in/nirf/nirf.html,a
https://www.rmd.ac.in/nirf/overall-dcs2024.pdf,PDF,pdf,overall-dcs2024.pdf,/nirf/overall-dcs2024.pdf,,,,,1,https://www.rmd.ac.in/nirf/nirf.html,a
https://www.rmd.ac.in/nirf/overall-dcs2025.pdf,PDF,pdf,overall-dcs2025.pdf,/nirf/overall-dcs2025.pdf,,,,,1,https://www.rmd.ac.in/nirf/nirf.html,a
https://www.rmd.ac.in/nirf/overall-dcs2026.pdf,PDF,pdf,overall-dcs2026.pdf,/nirf/overall-dcs2026.pdf,,,,,1,https://www.rmd.ac.in/nirf/nirf.html,a
https://www.rmd.ac.in/nirf/patent/2018.pdf,PDF,pdf,2018.pdf,/nirf/patent/2018.pdf,,,,,1,https://www.rmd.ac.in/nirf/nirf.html,a
https://www.rmd.ac.in/nirf/patent/2019.pdf,PDF,pdf,2019.pdf,/nirf/patent/2019.pdf,,,,,1,https://www.rmd.ac.in/nirf/nirf.html,a
https://www.rmd.ac.in/nirf/patent/2020.pdf,PDF,pdf,2020.pdf,/nirf/patent/2020.pdf,,,,,1,https://www.rmd.ac.in/nirf/nirf.html,a
https://www.rmd.ac.in/nirf/patent/2021.pdf,PDF,pdf,2021.pdf,/nirf/patent/2021.pdf,,,,,1,https://www.rmd.ac.in/nirf/nirf.html,a
https://www.rmd.ac.in/nirf/pdf/CERTIFICATE.pdf,PDF,pdf,CERTIFICATE.pdf,/nirf/pdf/CERTIFICATE.pdf,,,,,1,https://www.rmd.ac.in/nirf/nirf.html,embed
https://www.rmd.ac.in/nss/18-19/Blood%20donation%20camp-2018-2019.pdf,PDF,pdf,Blood donation camp-2018-2019.pdf,/nss/18-19/Blood%20donation%20camp-2018-2019.pdf,,,,,1,https://www.rmd.ac.in/nss/activities.html,a
https://www.rmd.ac.in/nss/18-19/Inauguration%20&%20Orientation-2018-2019.pdf,PDF,pdf,Inauguration & Orientation-2018-2019.pdf,/nss/18-19/Inauguration%20&%20Orientation-2018-2019.pdf,,,,,1,https://www.rmd.ac.in/nss/activities.html,a
https://www.rmd.ac.in/nss/19-20/Blood%20Donation%20Camp-%2007.03.2020.pdf,PDF,pdf,Blood Donation Camp- 07.03.2020.pdf,/nss/19-20/Blood%20Donation%20Camp-%2007.03.2020.pdf,,,,,1,https://www.rmd.ac.in/nss/activities.html,a
https://www.rmd.ac.in/nss/19-20/E-Waste%20Management-2019-2020.pdf,PDF,pdf,E-Waste Management-2019-2020.pdf,/nss/19-20/E-Waste%20Management-2019-2020.pdf,,,,,1,https://www.rmd.ac.in/nss/activities.html,a
https://www.rmd.ac.in/nss/19-20/Fit%20India%20Movement-2019-2020.pdf,PDF,pdf,Fit India Movement-2019-2020.pdf,/nss/19-20/Fit%20India%20Movement-2019-2020.pdf,,,,,1,https://www.rmd.ac.in/nss/activities.html,a
https://www.rmd.ac.in/nss/19-20/Indian%20Constitution%20Day-2019-2020.pdf,PDF,pdf,Indian Constitution Day-2019-2020.pdf,/nss/19-20/Indian%20Constitution%20Day-2019-2020.pdf,,,,,1,https://www.rmd.ac.in/nss/activities.html,a
https://www.rmd.ac.in/nss/19-20/International%20Day%20of%20Yoga-2019-2020.pdf,PDF,pdf,International Day of Yoga-2019-2020.pdf,/nss/19-20/International%20Day%20of%20Yoga-2019-2020.pdf,,,,,1,https://www.rmd.ac.in/nss/activities.html,a
https://www.rmd.ac.in/nss/19-20/Jal%20Diwas-2019-20.pdf,PDF,pdf,Jal Diwas-2019-20.pdf,/nss/19-20/Jal%20Diwas-2019-20.pdf,,,,,1,https://www.rmd.ac.in/nss/activities.html,a
https://www.rmd.ac.in/nss/19-20/Rashtriya%20Poshan%20Maah-2019-2020.pdf,PDF,pdf,Rashtriya Poshan Maah-2019-2020.pdf,/nss/19-20/Rashtriya%20Poshan%20Maah-2019-2020.pdf,,,,,1,https://www.rmd.ac.in/nss/activities.html,a
https://www.rmd.ac.in/nss/19-20/Seed%20Sheet%20Distribution-2019-2020.pdf,PDF,pdf,Seed Sheet Distribution-2019-2020.pdf,/nss/19-20/Seed%20Sheet%20Distribution-2019-2020.pdf,,,,,1,https://www.rmd.ac.in/nss/activities.html,a
https://www.rmd.ac.in/nss/19-20/Tree%20Plantation-2019-2020.pdf,PDF,pdf,Tree Plantation-2019-2020.pdf,/nss/19-20/Tree%20Plantation-2019-2020.pdf,,,,,1,https://www.rmd.ac.in/nss/activities.html,a
https://www.rmd.ac.in/nss/20-21/International%20Day%20of%20Yoga%20-%2021.06.2020.pdf,PDF,pdf,International Day of Yoga - 21.06.2020.pdf,/nss/20-21/International%20Day%20of%20Yoga%20-%2021.06.2020.pdf,,,,,1,https://www.rmd.ac.in/nss/activities.html,a
https://www.rmd.ac.in/nss/20-21/NSS%20Earth%20Day%20Poster.pdf,PDF,pdf,NSS Earth Day Poster.pdf,/nss/20-21/NSS%20Earth%20Day%20Poster.pdf,,,,,1,https://www.rmd.ac.in/nss/activities.html,a
https://www.rmd.ac.in/nss/20-21/NSS%20Elimination%20of%20plastics%20Report.pdf,PDF,pdf,NSS Elimination of plastics Report.pdf,/nss/20-21/NSS%20Elimination%20of%20plastics%20Report.pdf,,,,,1,https://www.rmd.ac.in/nss/activities.html,a
https://www.rmd.ac.in/nss/20-21/NSS%20Leadership%20&%20Personality%20Development-%20Report.pdf,PDF,pdf,NSS Leadership & Personality Development- Report.pdf,/nss/20-21/NSS%20Leadership%20&%20Personality%20Development-%20Report.pdf,,,,,1,https://www.rmd.ac.in/nss/activities.html,a
https://www.rmd.ac.in/nss/20-21/NSS%20Orientation%20Program-Report.pdf,PDF,pdf,NSS Orientation Program-Report.pdf,/nss/20-21/NSS%20Orientation%20Program-Report.pdf,,,,,1,https://www.rmd.ac.in/nss/activities.html,a
https://www.rmd.ac.in/nss/20-21/Yoga%20Day%202021.pdf,PDF,pdf,Yoga Day 2021.pdf,/nss/20-21/Yoga%20Day%202021.pdf,,,,,1,https://www.rmd.ac.in/nss/activities.html,a
https://www.rmd.ac.in/nss/21-22/International%20Yoga%20day.pdf,PDF,pdf,International Yoga day.pdf,/nss/21-22/International%20Yoga%20day.pdf,,,,,1,https://www.rmd.ac.in/nss/activities.html,a
https://www.rmd.ac.in/nss/21-22/Poster%20making%20Event.pdf,PDF,pdf,Poster making Event.pdf,/nss/21-22/Poster%20making%20Event.pdf,,,,,1,https://www.rmd.ac.in/nss/activities.html,a
https://www.rmd.ac.in/nss/22-23/BLOOD%20DONATION%20CAMP.pdf,PDF,pdf,BLOOD DONATION CAMP.pdf,/nss/22-23/BLOOD%20DONATION%20CAMP.pdf,,,,,1,https://www.rmd.ac.in/nss/activities.html,a
https://www.rmd.ac.in/nss/22-23/Cancer%20Awareness%20Program.pdf,PDF,pdf,Cancer Awareness Program.pdf,/nss/22-23/Cancer%20Awareness%20Program.pdf,,,,,1,https://www.rmd.ac.in/nss/activities.html,a
https://www.rmd.ac.in/pdf/19%20-%20MAY%202025.pdf,PDF,pdf,19 - MAY 2025.pdf,/pdf/19%20-%20MAY%202025.pdf,,,,,1,https://www.rmd.ac.in/,a
https://www.rmd.ac.in/pdf/20%20-%20MAY%202025.pdf,PDF,pdf,20 - MAY 2025.pdf,/pdf/20%20-%20MAY%202025.pdf,,,,,1,https://www.rmd.ac.in/,a
https://www.rmd.ac.in/pdf/21%20-%20JUL%202025.pdf,PDF,pdf,21 - JUL 2025.pdf,/pdf/21%20-%20JUL%202025.pdf,,,,,1,https://www.rmd.ac.in/,a
https://www.rmd.ac.in/pdf/29.01.24%20RMD%20IOT%20COE%20_%20POSTER.pdf,PDF,pdf,29.01.24 RMD IOT COE _ POSTER.pdf,/pdf/29.01.24%20RMD%20IOT%20COE%20_%20POSTER.pdf,,,,,1,https://www.rmd.ac.in/newsevents.html,a
https://www.rmd.ac.in/pdf/552891%20-%20OCT%202024.pdf,PDF,pdf,552891 - OCT 2024.pdf,/pdf/552891%20-%20OCT%202024.pdf,,,,,2,https://www.rmd.ac.in/,a
https://www.rmd.ac.in/pdf/553110%20-%20OCT%202024.pdf,PDF,pdf,553110 - OCT 2024.pdf,/pdf/553110%20-%20OCT%202024.pdf,,,,,2,https://www.rmd.ac.in/,a
https://www.rmd.ac.in/pdf/553228%20-%20OCT%202024.pdf,PDF,pdf,553228 - OCT 2024.pdf,/pdf/553228%20-%20OCT%202024.pdf,,,,,2,https://www.rmd.ac.in/,a
https://www.rmd.ac.in/pdf/553334%20-%20OCT%202024.pdf,PDF,pdf,553334 - OCT 2024.pdf,/pdf/553334%20-%20OCT%202024.pdf,,,,,1,https://www.rmd.ac.in/,a
https://www.rmd.ac.in/pdf/554143%20-%20NOV%202024.pdf,PDF,pdf,554143 - NOV 2024.pdf,/pdf/554143%20-%20NOV%202024.pdf,,,,,1,https://www.rmd.ac.in/,a
https://www.rmd.ac.in/pdf/554634%20-%20NOV%202024.pdf,PDF,pdf,554634 - NOV 2024.pdf,/pdf/554634%20-%20NOV%202024.pdf,,,,,1,https://www.rmd.ac.in/,a
https://www.rmd.ac.in/pdf/569133%20-%20JUL%202025.pdf,PDF,pdf,569133 - JUL 2025.pdf,/pdf/569133%20-%20JUL%202025.pdf,,,,,1,https://www.rmd.ac.in/,a
https://www.rmd.ac.in/pdf/593354_2026.pdf,PDF,pdf,593354_2026.pdf,/pdf/593354_2026.pdf,,,,,1,https://www.rmd.ac.in/,a
https://www.rmd.ac.in/pdf/594840_2026.pdf,PDF,pdf,594840_2026.pdf,/pdf/594840_2026.pdf,,,,,1,https://www.rmd.ac.in/,a
https://www.rmd.ac.in/pdf/AIML%20STUDENTS%20ASSOCIATION%20invitation.pdf,PDF,pdf,AIML STUDENTS ASSOCIATION invitation.pdf,/pdf/AIML%20STUDENTS%20ASSOCIATION%20invitation.pdf,,,,,1,https://www.rmd.ac.in/newsevents.html,a
https://www.rmd.ac.in/pdf/ANTI%20RAGGAING%20COMMITTEE%20&%20SQUAD.pdf,PDF,pdf,ANTI RAGGAING COMMITTEE & SQUAD.pdf,/pdf/ANTI%20RAGGAING%20COMMITTEE%20&%20SQUAD.pdf,,,,,1,https://www.rmd.ac.in/,a
https://www.rmd.ac.in/pdf/BEST_FACULTY%20PERFORMANCE.pdf,PDF,pdf,BEST_FACULTY PERFORMANCE.pdf,/pdf/BEST_FACULTY%20PERFORMANCE.pdf,,,,,1,https://www.rmd.ac.in/,a
https://www.rmd.ac.in/pdf/CyberSynapse'24.pdf,PDF,pdf,CyberSynapse'24.pdf,/pdf/CyberSynapse'24.pdf,,,,,1,https://www.rmd.ac.in/newsevents.html,a
https://www.rmd.ac.in/pdf/First_Year_Inauguration.pdf,PDF,pdf,First_Year_Inauguration.pdf,/pdf/First_Year_Inauguration.pdf,,,,,1,https://www.rmd.ac.in/newsevents.html,a
https://www.rmd.ac.in/pdf/Generic%20Talk%202%20RMDEC-%20Final.pdf,PDF,pdf,Generic Talk 2 RMDEC- Final.pdf,/pdf/Generic%20Talk%202%20RMDEC-%20Final.pdf,,,,,1,https://www.rmd.ac.in/newsevents.html,a
https://www.rmd.ac.in/pdf/Generic%20Talk%20Series_14_04_2024.pdf,PDF,pdf,Generic Talk Series_14_04_2024.pdf,/pdf/Generic%20Talk%20Series_14_04_2024.pdf,,,,,1,https://www.rmd.ac.in/newsevents.html,a
https://www.rmd.ac.in/pdf/Guest%20Lect.pdf,PDF,pdf,Guest Lect.pdf,/pdf/Guest%20Lect.pdf,,,,,1,https://www.rmd.ac.in/newsevents.html,a
https://www.rmd.ac.in/pdf/IIC_11_01_2024.pdf,PDF,pdf,IIC_11_01_2024.pdf,/pdf/IIC_11_01_2024.pdf,,,,,1,https://www.rmd.ac.in/newsevents.html,a
https://www.rmd.ac.in/pdf/III%20ECE%20GUEST%20LECTURE_10.02.2024.pdf,PDF,pdf,III ECE GUEST LECTURE_10.02.2024.pdf,/pdf/III%20ECE%20GUEST%20LECTURE_10.02.2024.pdf,,,,,1,https://www.rmd.ac.in/newsevents.html,a
https://www.rmd.ac.in/pdf/IOT%20security.pdf,PDF,pdf,IOT security.pdf,/pdf/IOT%20security.pdf,,,,,1,https://www.rmd.ac.in/newsevents.html,a
https://www.rmd.ac.in/pdf/Invitation%20for%20Womens'%20Day%20Celebrations%20-%2013.03.2024.pdf,PDF,pdf,Invitation for Womens' Day Celebrations - 13.03.2024.pdf,/pdf/Invitation%20for%20Womens'%20Day%20Celebrations%20-%2013.03.2024.pdf,,,,,1,https://www.rmd.ac.in/newsevents.html,a
https://www.rmd.ac.in/pdf/MAXIMUM%20DOMAIN%20SCHOLARS.pdf,PDF,pdf,MAXIMUM DOMAIN SCHOLARS.pdf,/pdf/MAXIMUM%20DOMAIN%20SCHOLARS.pdf,,,,,1,https://www.rmd.ac.in/,a
https://www.rmd.ac.in/pdf/NCMLACNT24.pdf,PDF,pdf,NCMLACNT24.pdf,/pdf/NCMLACNT24.pdf,,,,,1,https://www.rmd.ac.in/newsevents.html,a
https://www.rmd.ac.in/pdf/NEW%20INVITATION.pdf,PDF,pdf,NEW INVITATION.pdf,/pdf/NEW%20INVITATION.pdf,,,,,1,https://www.rmd.ac.in/newsevents.html,a
https://www.rmd.ac.in/pdf/PHYSICS%20GUEST%20LECTURE%20-%2005-04-24.pdf,PDF,pdf,PHYSICS GUEST LECTURE - 05-04-24.pdf,/pdf/PHYSICS%20GUEST%20LECTURE%20-%2005-04-24.pdf,,,,,1,https://www.rmd.ac.in/newsevents.html,a
https://www.rmd.ac.in/pdf/PHYSICS%20GUEST%20LECTURE%20-%2027-03-24.pdf,PDF,pdf,PHYSICS GUEST LECTURE - 27-03-24.pdf,/pdf/PHYSICS%20GUEST%20LECTURE%20-%2027-03-24.pdf,,,,,1,https://www.rmd.ac.in/newsevents.html,a
https://www.rmd.ac.in/pdf/Tech%20talk%20Poster.pdf,PDF,pdf,Tech talk Poster.pdf,/pdf/Tech%20talk%20Poster.pdf,,,,,1,https://www.rmd.ac.in/newsevents.html,a
https://www.rmd.ac.in/pdf/netcomm_2024.pdf,PDF,pdf,netcomm_2024.pdf,/pdf/netcomm_2024.pdf,,,,,1,https://www.rmd.ac.in/newsevents.html,a
https://www.rmd.ac.in/pdf/retech_IIC.pdf,PDF,pdf,retech_IIC.pdf,/pdf/retech_IIC.pdf,,,,,1,https://www.rmd.ac.in/newsevents.html,a
https://www.rmd.ac.in/pdf/stars%20of%20the%20week%2018-11-23%20AIML.pdf,PDF,pdf,stars of the week 18-11-23 AIML.pdf,/pdf/stars%20of%20the%20week%2018-11-23%20AIML.pdf,,,,,1,https://www.rmd.ac.in/,a
https://www.rmd.ac.in/placement/2023-24_Training%20programme%20planned.pdf,PDF,pdf,2023-24_Training programme planned.pdf,/placement/2023-24_Training%20programme%20planned.pdf,,,,,1,https://www.rmd.ac.in/placement/training.html,embed
https://www.rmd.ac.in/placement/CSE/CSE_2017-2021%20Batch.pdf,PDF,pdf,CSE_2017-2021 Batch.pdf,/placement/CSE/CSE_2017-2021%20Batch.pdf,,,,,1,https://www.rmd.ac.in/placement/pd.html,a
https://www.rmd.ac.in/placement/CSE/CSE_2018-2022%20Batch.pdf,PDF,pdf,CSE_2018-2022 Batch.pdf,/placement/CSE/CSE_2018-2022%20Batch.pdf,,,,,1,https://www.rmd.ac.in/placement/pd.html,a
https://www.rmd.ac.in/placement/CSE/CSE_2019-2023%20Batch.pdf,PDF,pdf,CSE_2019-2023 Batch.pdf,/placement/CSE/CSE_2019-2023%20Batch.pdf,,,,,1,https://www.rmd.ac.in/placement/pd.html,a
https://www.rmd.ac.in/placement/ECE/ECE_2017-2021%20Batch.pdf,PDF,pdf,ECE_2017-2021 Batch.pdf,/placement/ECE/ECE_2017-2021%20Batch.pdf,,,,,1,https://www.rmd.ac.in/placement/pd.html,a
https://www.rmd.ac.in/placement/ECE/ECE_2018-2022%20Batch.pdf,PDF,pdf,ECE_2018-2022 Batch.pdf,/placement/ECE/ECE_2018-2022%20Batch.pdf,,,,,1,https://www.rmd.ac.in/placement/pd.html,a
https://www.rmd.ac.in/placement/ECE/ECE_2019-2023%20Batch.pdf,PDF,pdf,ECE_2019-2023 Batch.pdf,/placement/ECE/ECE_2019-2023%20Batch.pdf,,,,,1,https://www.rmd.ac.in/placement/pd.html,a
https://www.rmd.ac.in/placement/EEE/EEE_2017-2021%20Batch.pdf,PDF,pdf,EEE_2017-2021 Batch.pdf,/placement/EEE/EEE_2017-2021%20Batch.pdf,,,,,1,https://www.rmd.ac.in/placement/pd.html,a
https://www.rmd.ac.in/placement/EEE/EEE_2018-2022%20Batch.pdf,PDF,pdf,EEE_2018-2022 Batch.pdf,/placement/EEE/EEE_2018-2022%20Batch.pdf,,,,,1,https://www.rmd.ac.in/placement/pd.html,a
https://www.rmd.ac.in/placement/EEE/EEE_2019-2023%20Batch.pdf,PDF,pdf,EEE_2019-2023 Batch.pdf,/placement/EEE/EEE_2019-2023%20Batch.pdf,,,,,1,https://www.rmd.ac.in/placement/pd.html,a
https://www.rmd.ac.in/placement/EIE/EIE_2017-2022%20Batch.pdf,PDF,pdf,EIE_2017-2022 Batch.pdf,/placement/EIE/EIE_2017-2022%20Batch.pdf,,,,,1,https://www.rmd.ac.in/placement/pd.html,a
https://www.rmd.ac.in/placement/EIE/EIE_2018-2022%20Batch.pdf,PDF,pdf,EIE_2018-2022 Batch.pdf,/placement/EIE/EIE_2018-2022%20Batch.pdf,,,,,1,https://www.rmd.ac.in/placement/pd.html,a
https://www.rmd.ac.in/placement/EIE/EIE_2019-2023%20Batch.pdf,PDF,pdf,EIE_2019-2023 Batch.pdf,/placement/EIE/EIE_2019-2023%20Batch.pdf,,,,,1,https://www.rmd.ac.in/placement/pd.html,a
https://www.rmd.ac.in/placement/IT/IT_2017-2021%20Batch.pdf,PDF,pdf,IT_2017-2021 Batch.pdf,/placement/IT/IT_2017-2021%20Batch.pdf,,,,,1,https://www.rmd.ac.in/placement/pd.html,a
https://www.rmd.ac.in/placement/IT/IT_2018-2022%20Batch.pdf,PDF,pdf,IT_2018-2022 Batch.pdf,/placement/IT/IT_2018-2022%20Batch.pdf,,,,,1,https://www.rmd.ac.in/placement/pd.html,a
https://www.rmd.ac.in/placement/IT/IT_2019-2023%20Batch.pdf,PDF,pdf,IT_2019-2023 Batch.pdf,/placement/IT/IT_2019-2023%20Batch.pdf,,,,,1,https://www.rmd.ac.in/placement/pd.html,a
https://www.rmd.ac.in/rank2020.pdf,PDF,pdf,rank2020.pdf,/rank2020.pdf,,,,,1,https://www.rmd.ac.in/,a
https://www.rmd.ac.in/research/pdf/AY%202023-2024.pdf,PDF,pdf,AY 2023-2024.pdf,/research/pdf/AY%202023-2024.pdf,,,,,1,https://www.rmd.ac.in/research/Patent_Published.html,a
https://www.rmd.ac.in/research/pdf/AY%202024-2025.pdf,PDF,pdf,AY 2024-2025.pdf,/research/pdf/AY%202024-2025.pdf,,,,,1,https://www.rmd.ac.in/research/Patent_Published.html,a
https://www.rmd.ac.in/research/pdf/AY%202025-2026.pdf,PDF,pdf,AY 2025-2026.pdf,/research/pdf/AY%202025-2026.pdf,,,,,1,https://www.rmd.ac.in/research/Patent_Published.html,a
https://www.rmd.ac.in/research/pdf/CODE%20OF%20ETHICS.pdf,PDF,pdf,CODE OF ETHICS.pdf,/research/pdf/CODE%20OF%20ETHICS.pdf,,,,,1,https://www.rmd.ac.in/research/Code_of_Ethics.html,embed
https://www.rmd.ac.in/research/pdf/CY%202023.pdf,PDF,pdf,CY 2023.pdf,/research/pdf/CY%202023.pdf,,,,,1,https://www.rmd.ac.in/research/Patent_Published.html,a
https://www.rmd.ac.in/research/pdf/CY%202025.pdf,PDF,pdf,CY 2025.pdf,/research/pdf/CY%202025.pdf,,,,,1,https://www.rmd.ac.in/research/Patent_Published.html,a
https://www.rmd.ac.in/research/pdf/CY_2024.pdf,PDF,pdf,CY_2024.pdf,/research/pdf/CY_2024.pdf,,,,,1,https://www.rmd.ac.in/research/Patent_Published.html,a
https://www.rmd.ac.in/research/pdf/Funds%20Received.pdf,PDF,pdf,Funds Received.pdf,/research/pdf/Funds%20Received.pdf,,,,,1,https://www.rmd.ac.in/research/Fund_received.html,embed
https://www.rmd.ac.in/research/pdf/IPR%20POLICY.pdf,PDF,pdf,IPR POLICY.pdf,/research/pdf/IPR%20POLICY.pdf,,,,,1,https://www.rmd.ac.in/research/IPR_Policy.html,embed
https://www.rmd.ac.in/research/pdf/RESEARCH%20PROMOTION%20POLICY.pdf,PDF,pdf,RESEARCH PROMOTION POLICY.pdf,/research/pdf/RESEARCH%20PROMOTION%20POLICY.pdf,,,,,1,https://www.rmd.ac.in/research/Research_Promotion_policy.html,embed
https://www.rmd.ac.in/research/pdf/VOL%202%20&%20ISSUE%201.pdf,PDF,pdf,VOL 2 & ISSUE 1.pdf,/research/pdf/VOL%202%20&%20ISSUE%201.pdf,,,,,1,https://www.rmd.ac.in/research/research_newsletter.html,embed
https://www.rmd.ac.in/research/pdf/VOL%202%20&%20ISSUE%202.pdf,PDF,pdf,VOL 2 & ISSUE 2.pdf,/research/pdf/VOL%202%20&%20ISSUE%202.pdf,,,,,1,https://www.rmd.ac.in/research/research_newsletter.html,embed
https://www.rmd.ac.in/research/pdf/Vol%203%20&%20Issue%201.pdf,PDF,pdf,Vol 3 & Issue 1.pdf,/research/pdf/Vol%203%20&%20Issue%201.pdf,,,,,1,https://www.rmd.ac.in/research/research_newsletter.html,embed
https://www.rmd.ac.in/research/pdf/Vol%203%20&%20Issue%202.pdf,PDF,pdf,Vol 3 & Issue 2.pdf,/research/pdf/Vol%203%20&%20Issue%202.pdf,,,,,1,https://www.rmd.ac.in/research/research_newsletter.html,embed
https://www.rmd.ac.in/research/pdf/Vol%204%20&%20Issue%201.pdf,PDF,pdf,Vol 4 & Issue 1.pdf,/research/pdf/Vol%204%20&%20Issue%201.pdf,,,,,1,https://www.rmd.ac.in/research/research_newsletter.html,embed
https://www.rmd.ac.in/rmdec_ieee_student_branch/report_2022.pdf,PDF,pdf,report_2022.pdf,/rmdec_ieee_student_branch/report_2022.pdf,,,,,1,https://www.rmd.ac.in/rmdec_ieee_student_branch/,iframe
https://www.rmd.ac.in/rmdec_ieee_student_branch/report_2023.pdf,PDF,pdf,report_2023.pdf,/rmdec_ieee_student_branch/report_2023.pdf,,,,,1,https://www.rmd.ac.in/rmdec_ieee_student_branch/,iframe
https://www.rmd.ac.in/rti/rti.pdf,PDF,pdf,rti.pdf,/rti/rti.pdf,,,,,444,https://www.rmd.ac.in/,a
https://www.rmd.ac.in/sankeethika2k24/rmdbus.pdf,PDF,pdf,rmdbus.pdf,/sankeethika2k24/rmdbus.pdf,,,,,1,https://www.rmd.ac.in/sankeethika2k24/,a
https://www.rmd.ac.in/sih1.pdf,PDF,pdf,sih1.pdf,/sih1.pdf,,,,,1,https://www.rmd.ac.in/,a
https://www.rmd.ac.in/sih2.pdf,PDF,pdf,sih2.pdf,/sih2.pdf,,,,,1,https://www.rmd.ac.in/,a
https://www.rmd.ac.in/societies/acm.pdf,PDF,pdf,acm.pdf,/societies/acm.pdf,,,,,1,https://www.rmd.ac.in/pb.html,a
https://www.rmd.ac.in/societies/csi.pdf,PDF,pdf,csi.pdf,/societies/csi.pdf,,,,,1,https://www.rmd.ac.in/pb.html,a
https://www.rmd.ac.in/societies/iei.pdf,PDF,pdf,iei.pdf,/societies/iei.pdf,,,,,1,https://www.rmd.ac.in/pb.html,a
https://www.rmd.ac.in/sports/RMD%20PLAY%20GROUNDS.pdf,PDF,pdf,RMD PLAY GROUNDS.pdf,/sports/RMD%20PLAY%20GROUNDS.pdf,,,,,1,https://www.rmd.ac.in/sports/facilities.html,embed
https://www.rmd.ac.in/sports/achivements/2022-2023.pdf,PDF,pdf,2022-2023.pdf,/sports/achivements/2022-2023.pdf,,,,,1,https://www.rmd.ac.in/sports/achie.html,a
https://www.rmd.ac.in/sports/achivements/2023-2024.pdf,PDF,pdf,2023-2024.pdf,/sports/achivements/2023-2024.pdf,,,,,1,https://www.rmd.ac.in/sports/achie.html,a
https://www.rmd.ac.in/sports/achivements/2024-2025.pdf,PDF,pdf,2024-2025.pdf,/sports/achivements/2024-2025.pdf,,,,,1,https://www.rmd.ac.in/sports/achie.html,a
https://www.rmd.ac.in/sports/achivements/2025-2026.pdf,PDF,pdf,2025-2026.pdf,/sports/achivements/2025-2026.pdf,,,,,1,https://www.rmd.ac.in/sports/achie.html,a
https://www.rmd.ac.in/sports/achivements/Anna%20University%20Inter%20zone%20Achievements.pdf,PDF,pdf,Anna University Inter zone Achievements.pdf,/sports/achivements/Anna%20University%20Inter%20zone%20Achievements.pdf,,,,,1,https://www.rmd.ac.in/sports/achie.html,a
https://www.rmd.ac.in/sports/achivements/NATIONAL.pdf,PDF,pdf,NATIONAL.pdf,/sports/achivements/NATIONAL.pdf,,,,,1,https://www.rmd.ac.in/sports/achie.html,a
https://www.rmd.ac.in/sports/achivements/ZONE%20BOYS/2014-2015.pdf,PDF,pdf,2014-2015.pdf,/sports/achivements/ZONE%20BOYS/2014-2015.pdf,,,,,1,https://www.rmd.ac.in/sports/achie.html,a
https://www.rmd.ac.in/sports/achivements/ZONE%20BOYS/2015-2016.pdf,PDF,pdf,2015-2016.pdf,/sports/achivements/ZONE%20BOYS/2015-2016.pdf,,,,,1,https://www.rmd.ac.in/sports/achie.html,a
https://www.rmd.ac.in/sports/achivements/ZONE%20BOYS/2016-2017.pdf,PDF,pdf,2016-2017.pdf,/sports/achivements/ZONE%20BOYS/2016-2017.pdf,,,,,1,https://www.rmd.ac.in/sports/achie.html,a
https://www.rmd.ac.in/sports/achivements/ZONE%20BOYS/2017-2018.pdf,PDF,pdf,2017-2018.pdf,/sports/achivements/ZONE%20BOYS/2017-2018.pdf,,,,,1,https://www.rmd.ac.in/sports/achie.html,a
https://www.rmd.ac.in/sports/achivements/ZONE%20BOYS/2018-2019.pdf,PDF,pdf,2018-2019.pdf,/sports/achivements/ZONE%20BOYS/2018-2019.pdf,,,,,1,https://www.rmd.ac.in/sports/achie.html,a
https://www.rmd.ac.in/sports/achivements/ZONE%20BOYS/2019-2020.pdf,PDF,pdf,2019-2020.pdf,/sports/achivements/ZONE%20BOYS/2019-2020.pdf,,,,,1,https://www.rmd.ac.in/sports/achie.html,a
https://www.rmd.ac.in/sports/achivements/ZONE%20BOYS/2022-2023.pdf,PDF,pdf,2022-2023.pdf,/sports/achivements/ZONE%20BOYS/2022-2023.pdf,,,,,1,https://www.rmd.ac.in/sports/achie.html,a
https://www.rmd.ac.in/sports/achivements/ZONE%20BOYS/2023-2024.pdf,PDF,pdf,2023-2024.pdf,/sports/achivements/ZONE%20BOYS/2023-2024.pdf,,,,,1,https://www.rmd.ac.in/sports/achie.html,a
https://www.rmd.ac.in/sports/achivements/ZONE%20BOYS/2024-2025.pdf,PDF,pdf,2024-2025.pdf,/sports/achivements/ZONE%20BOYS/2024-2025.pdf,,,,,1,https://www.rmd.ac.in/sports/achie.html,a
https://www.rmd.ac.in/sports/achivements/ZONE%20BOYS/2025-2026.pdf,PDF,pdf,2025-2026.pdf,/sports/achivements/ZONE%20BOYS/2025-2026.pdf,,,,,1,https://www.rmd.ac.in/sports/achie.html,a
https://www.rmd.ac.in/sports/achivements/ZONE%20GIRLS/2014-2015.pdf,PDF,pdf,2014-2015.pdf,/sports/achivements/ZONE%20GIRLS/2014-2015.pdf,,,,,1,https://www.rmd.ac.in/sports/achie.html,a
https://www.rmd.ac.in/sports/achivements/ZONE%20GIRLS/2015-2016.pdf,PDF,pdf,2015-2016.pdf,/sports/achivements/ZONE%20GIRLS/2015-2016.pdf,,,,,1,https://www.rmd.ac.in/sports/achie.html,a
https://www.rmd.ac.in/sports/achivements/ZONE%20GIRLS/2016-2017.pdf,PDF,pdf,2016-2017.pdf,/sports/achivements/ZONE%20GIRLS/2016-2017.pdf,,,,,1,https://www.rmd.ac.in/sports/achie.html,a
https://www.rmd.ac.in/sports/achivements/ZONE%20GIRLS/2017-2018.pdf,PDF,pdf,2017-2018.pdf,/sports/achivements/ZONE%20GIRLS/2017-2018.pdf,,,,,1,https://www.rmd.ac.in/sports/achie.html,a
https://www.rmd.ac.in/sports/achivements/ZONE%20GIRLS/2018-2019.pdf,PDF,pdf,2018-2019.pdf,/sports/achivements/ZONE%20GIRLS/2018-2019.pdf,,,,,1,https://www.rmd.ac.in/sports/achie.html,a
https://www.rmd.ac.in/sports/achivements/ZONE%20GIRLS/2019-2020.pdf,PDF,pdf,2019-2020.pdf,/sports/achivements/ZONE%20GIRLS/2019-2020.pdf,,,,,1,https://www.rmd.ac.in/sports/achie.html,a
https://www.rmd.ac.in/sports/achivements/ZONE%20GIRLS/2022-2023.pdf,PDF,pdf,2022-2023.pdf,/sports/achivements/ZONE%20GIRLS/2022-2023.pdf,,,,,1,https://www.rmd.ac.in/sports/achie.html,a
https://www.rmd.ac.in/sports/achivements/ZONE%20GIRLS/2023-2024.pdf,PDF,pdf,2023-2024.pdf,/sports/achivements/ZONE%20GIRLS/2023-2024.pdf,,,,,1,https://www.rmd.ac.in/sports/achie.html,a
https://www.rmd.ac.in/sports/achivements/ZONE%20GIRLS/2024-2025.pdf,PDF,pdf,2024-2025.pdf,/sports/achivements/ZONE%20GIRLS/2024-2025.pdf,,,,,1,https://www.rmd.ac.in/sports/achie.html,a
https://www.rmd.ac.in/sports/achivements/ZONE%20GIRLS/2025-2026.pdf,PDF,pdf,2025-2026.pdf,/sports/achivements/ZONE%20GIRLS/2025-2026.pdf,,,,,1,https://www.rmd.ac.in/sports/achie.html,a
https://www.rmd.ac.in/sports/achivements/inter%20university.pdf,PDF,pdf,inter university.pdf,/sports/achivements/inter%20university.pdf,,,,,1,https://www.rmd.ac.in/sports/achie.html,a
https://www.rmd.ac.in/sports/achivements/invitation%202014-2026.pdf,PDF,pdf,invitation 2014-2026.pdf,/sports/achivements/invitation%202014-2026.pdf,,,,,1,https://www.rmd.ac.in/sports/achie.html,a
https://www.rmd.ac.in/sports/awards/CASH%20AWARDS/2014-2015.pdf,PDF,pdf,2014-2015.pdf,/sports/awards/CASH%20AWARDS/2014-2015.pdf,,,,,1,https://www.rmd.ac.in/sports/awards.html,a
https://www.rmd.ac.in/sports/awards/CASH%20AWARDS/2015-2016.pdf,PDF,pdf,2015-2016.pdf,/sports/awards/CASH%20AWARDS/2015-2016.pdf,,,,,1,https://www.rmd.ac.in/sports/awards.html,a
https://www.rmd.ac.in/sports/awards/CASH%20AWARDS/2016-2017.pdf,PDF,pdf,2016-2017.pdf,/sports/awards/CASH%20AWARDS/2016-2017.pdf,,,,,1,https://www.rmd.ac.in/sports/awards.html,a
https://www.rmd.ac.in/sports/awards/CASH%20AWARDS/2017-2018.pdf,PDF,pdf,2017-2018.pdf,/sports/awards/CASH%20AWARDS/2017-2018.pdf,,,,,1,https://www.rmd.ac.in/sports/awards.html,a
https://www.rmd.ac.in/sports/awards/CASH%20AWARDS/2018-2019.pdf,PDF,pdf,2018-2019.pdf,/sports/awards/CASH%20AWARDS/2018-2019.pdf,,,,,1,https://www.rmd.ac.in/sports/awards.html,a
https://www.rmd.ac.in/sports/awards/CASH%20AWARDS/2022-2023.pdf,PDF,pdf,2022-2023.pdf,/sports/awards/CASH%20AWARDS/2022-2023.pdf,,,,,1,https://www.rmd.ac.in/sports/awards.html,a
https://www.rmd.ac.in/sports/awards/CASH%20AWARDS/2023-2024.pdf,PDF,pdf,2023-2024.pdf,/sports/awards/CASH%20AWARDS/2023-2024.pdf,,,,,1,https://www.rmd.ac.in/sports/awards.html,a
https://www.rmd.ac.in/sports/awards/CASH%20AWARDS/2024-2025.pdf,PDF,pdf,2024-2025.pdf,/sports/awards/CASH%20AWARDS/2024-2025.pdf,,,,,1,https://www.rmd.ac.in/sports/awards.html,a
https://www.rmd.ac.in/sports/awards/CASH%20AWARDS/2025-2026.pdf,PDF,pdf,2025-2026.pdf,/sports/awards/CASH%20AWARDS/2025-2026.pdf,,,,,1,https://www.rmd.ac.in/sports/awards.html,a
https://www.rmd.ac.in/sports/events/additional/intramural%20events%20list.pdf,PDF,pdf,intramural events list.pdf,/sports/events/additional/intramural%20events%20list.pdf,,,,,1,https://www.rmd.ac.in/sports/events.html,a
https://www.rmd.ac.in/sports/events/additional/sports%20committee%20list.pdf,PDF,pdf,sports committee list.pdf,/sports/events/additional/sports%20committee%20list.pdf,,,,,1,https://www.rmd.ac.in/sports/events.html,a
https://www.rmd.ac.in/sports/events/intramural/boys/2014-2015.pdf,PDF,pdf,2014-2015.pdf,/sports/events/intramural/boys/2014-2015.pdf,,,,,1,https://www.rmd.ac.in/sports/events.html,a
https://www.rmd.ac.in/sports/events/intramural/boys/2015-2016.pdf,PDF,pdf,2015-2016.pdf,/sports/events/intramural/boys/2015-2016.pdf,,,,,1,https://www.rmd.ac.in/sports/events.html,a
https://www.rmd.ac.in/sports/events/intramural/boys/2016-2017.pdf,PDF,pdf,2016-2017.pdf,/sports/events/intramural/boys/2016-2017.pdf,,,,,1,https://www.rmd.ac.in/sports/events.html,a
https://www.rmd.ac.in/sports/events/intramural/boys/2017-2018.pdf,PDF,pdf,2017-2018.pdf,/sports/events/intramural/boys/2017-2018.pdf,,,,,1,https://www.rmd.ac.in/sports/events.html,a
https://www.rmd.ac.in/sports/events/intramural/boys/2018-2019.pdf,PDF,pdf,2018-2019.pdf,/sports/events/intramural/boys/2018-2019.pdf,,,,,1,https://www.rmd.ac.in/sports/events.html,a
https://www.rmd.ac.in/sports/events/intramural/boys/2021-2022.pdf,PDF,pdf,2021-2022.pdf,/sports/events/intramural/boys/2021-2022.pdf,,,,,1,https://www.rmd.ac.in/sports/events.html,a
https://www.rmd.ac.in/sports/events/intramural/boys/2022-2023.pdf,PDF,pdf,2022-2023.pdf,/sports/events/intramural/boys/2022-2023.pdf,,,,,1,https://www.rmd.ac.in/sports/events.html,a
https://www.rmd.ac.in/sports/events/intramural/boys/2023-2024.pdf,PDF,pdf,2023-2024.pdf,/sports/events/intramural/boys/2023-2024.pdf,,,,,1,https://www.rmd.ac.in/sports/events.html,a
https://www.rmd.ac.in/sports/events/intramural/boys/2024-2025.pdf,PDF,pdf,2024-2025.pdf,/sports/events/intramural/boys/2024-2025.pdf,,,,,1,https://www.rmd.ac.in/sports/events.html,a
https://www.rmd.ac.in/sports/events/intramural/boys/2025-2026.pdf,PDF,pdf,2025-2026.pdf,/sports/events/intramural/boys/2025-2026.pdf,,,,,1,https://www.rmd.ac.in/sports/events.html,a
https://www.rmd.ac.in/sports/events/intramural/girls/2014-2015.pdf,PDF,pdf,2014-2015.pdf,/sports/events/intramural/girls/2014-2015.pdf,,,,,1,https://www.rmd.ac.in/sports/events.html,a
https://www.rmd.ac.in/sports/events/intramural/girls/2015-2016.pdf,PDF,pdf,2015-2016.pdf,/sports/events/intramural/girls/2015-2016.pdf,,,,,1,https://www.rmd.ac.in/sports/events.html,a
https://www.rmd.ac.in/sports/events/intramural/girls/2016-2017.pdf,PDF,pdf,2016-2017.pdf,/sports/events/intramural/girls/2016-2017.pdf,,,,,1,https://www.rmd.ac.in/sports/events.html,a
https://www.rmd.ac.in/sports/events/intramural/girls/2017-2018.pdf,PDF,pdf,2017-2018.pdf,/sports/events/intramural/girls/2017-2018.pdf,,,,,1,https://www.rmd.ac.in/sports/events.html,a
https://www.rmd.ac.in/sports/events/intramural/girls/2018-2019.pdf,PDF,pdf,2018-2019.pdf,/sports/events/intramural/girls/2018-2019.pdf,,,,,1,https://www.rmd.ac.in/sports/events.html,a
https://www.rmd.ac.in/sports/events/intramural/girls/2021-2022.pdf,PDF,pdf,2021-2022.pdf,/sports/events/intramural/girls/2021-2022.pdf,,,,,1,https://www.rmd.ac.in/sports/events.html,a
https://www.rmd.ac.in/sports/events/intramural/girls/2022-2023.pdf,PDF,pdf,2022-2023.pdf,/sports/events/intramural/girls/2022-2023.pdf,,,,,1,https://www.rmd.ac.in/sports/events.html,a
https://www.rmd.ac.in/sports/events/intramural/girls/2023-2024.pdf,PDF,pdf,2023-2024.pdf,/sports/events/intramural/girls/2023-2024.pdf,,,,,1,https://www.rmd.ac.in/sports/events.html,a
https://www.rmd.ac.in/sports/events/intramural/girls/2024-2025.pdf,PDF,pdf,2024-2025.pdf,/sports/events/intramural/girls/2024-2025.pdf,,,,,1,https://www.rmd.ac.in/sports/events.html,a
https://www.rmd.ac.in/sports/events/intramural/girls/2025-2026.pdf,PDF,pdf,2025-2026.pdf,/sports/events/intramural/girls/2025-2026.pdf,,,,,1,https://www.rmd.ac.in/sports/events.html,a
https://www.rmd.ac.in/sports/images/gold/1.pdf,PDF,pdf,1.pdf,/sports/images/gold/1.pdf,,,,,1,https://www.rmd.ac.in/sports/awards.html,a
https://www.rmd.ac.in/sports/images/gold/10.pdf,PDF,pdf,10.pdf,/sports/images/gold/10.pdf,,,,,1,https://www.rmd.ac.in/sports/awards.html,a
https://www.rmd.ac.in/sports/images/gold/11.pdf,PDF,pdf,11.pdf,/sports/images/gold/11.pdf,,,,,1,https://www.rmd.ac.in/sports/awards.html,a
https://www.rmd.ac.in/sports/images/gold/12.pdf,PDF,pdf,12.pdf,/sports/images/gold/12.pdf,,,,,1,https://www.rmd.ac.in/sports/awards.html,a
https://www.rmd.ac.in/sports/images/gold/13.pdf,PDF,pdf,13.pdf,/sports/images/gold/13.pdf,,,,,1,https://www.rmd.ac.in/sports/awards.html,a
https://www.rmd.ac.in/sports/images/gold/14.pdf,PDF,pdf,14.pdf,/sports/images/gold/14.pdf,,,,,1,https://www.rmd.ac.in/sports/awards.html,a
https://www.rmd.ac.in/sports/images/gold/2.pdf,PDF,pdf,2.pdf,/sports/images/gold/2.pdf,,,,,1,https://www.rmd.ac.in/sports/awards.html,a
https://www.rmd.ac.in/sports/images/gold/3.pdf,PDF,pdf,3.pdf,/sports/images/gold/3.pdf,,,,,1,https://www.rmd.ac.in/sports/awards.html,a
https://www.rmd.ac.in/sports/images/gold/4.pdf,PDF,pdf,4.pdf,/sports/images/gold/4.pdf,,,,,1,https://www.rmd.ac.in/sports/awards.html,a
https://www.rmd.ac.in/sports/images/gold/5.pdf,PDF,pdf,5.pdf,/sports/images/gold/5.pdf,,,,,1,https://www.rmd.ac.in/sports/awards.html,a
https://www.rmd.ac.in/sports/images/gold/6.pdf,PDF,pdf,6.pdf,/sports/images/gold/6.pdf,,,,,1,https://www.rmd.ac.in/sports/awards.html,a
https://www.rmd.ac.in/sports/images/gold/7.pdf,PDF,pdf,7.pdf,/sports/images/gold/7.pdf,,,,,1,https://www.rmd.ac.in/sports/awards.html,a
https://www.rmd.ac.in/sports/images/gold/8.pdf,PDF,pdf,8.pdf,/sports/images/gold/8.pdf,,,,,1,https://www.rmd.ac.in/sports/awards.html,a
https://www.rmd.ac.in/sports/images/gold/9.pdf,PDF,pdf,9.pdf,/sports/images/gold/9.pdf,,,,,1,https://www.rmd.ac.in/sports/awards.html,a
https://www.rmd.ac.in/timetable/End%20Sem%20TT-2026-27-Odd%20Sem-R21.pdf,PDF,pdf,End Sem TT-2026-27-Odd Sem-R21.pdf,/timetable/End%20Sem%20TT-2026-27-Odd%20Sem-R21.pdf,,,,,1,https://www.rmd.ac.in/,a
https://www.rmd.ac.in/timetable/End%20Sem%20TT-2026-27-Odd%20Sem-R22.pdf,PDF,pdf,End Sem TT-2026-27-Odd Sem-R22.pdf,/timetable/End%20Sem%20TT-2026-27-Odd%20Sem-R22.pdf,,,,,1,https://www.rmd.ac.in/,a
https://www.rmd.ac.in/wec/Awareness%20Programme%20on%20Legal%20Issues%20and%20Legal%20Rights%20for%20Women%20Safety.pdf,PDF,pdf,Awareness Programme on Legal Issues and Legal Rights for Women Safety.pdf,/wec/Awareness%20Programme%20on%20Legal%20Issues%20and%20Legal%20Rights%20for%20Women%20Safety.pdf,,,,,1,https://www.rmd.ac.in/wec/activities.html,a
https://www.rmd.ac.in/wec/Commemoration%20of%20150th%20Birth%20Anniversary%20of%20Mahatma%20Gandhi.pdf,PDF,pdf,Commemoration of 150th Birth Anniversary of Mahatma Gandhi.pdf,/wec/Commemoration%20of%20150th%20Birth%20Anniversary%20of%20Mahatma%20Gandhi.pdf,,,,,1,https://www.rmd.ac.in/wec/activities.html,a
https://www.rmd.ac.in/wec/Essay%20Writing%20Competition.pdf,PDF,pdf,Essay Writing Competition.pdf,/wec/Essay%20Writing%20Competition.pdf,,,,,1,https://www.rmd.ac.in/wec/activities.html,a
https://www.rmd.ac.in/wec/NCW%20Sponsored%20Competition%20on%20Legal%20Rights%20of%20Women.pdf,PDF,pdf,NCW Sponsored Competition on Legal Rights of Women.pdf,/wec/NCW%20Sponsored%20Competition%20on%20Legal%20Rights%20of%20Women.pdf,,,,,1,https://www.rmd.ac.in/wec/activities.html,a
https://www.rmd.ac.in/wec/NCW%20Sponsored%20Legal%20Awareness%20Programme-2017-18.pdf,PDF,pdf,NCW Sponsored Legal Awareness Programme-2017-18.pdf,/wec/NCW%20Sponsored%20Legal%20Awareness%20Programme-2017-18.pdf,,,,,1,https://www.rmd.ac.in/wec/activities.html,a
https://www.rmd.ac.in/wec/Vegetable%20Carving%20and%20Talk%20Show.pdf,PDF,pdf,Vegetable Carving and Talk Show.pdf,/wec/Vegetable%20Carving%20and%20Talk%20Show.pdf,,,,,1,https://www.rmd.ac.in/wec/activities.html,a
https://www.rmd.ac.in/wec/WEBSITE%20REPORT%20-%2005-04-2023.pdf,PDF,pdf,WEBSITE REPORT - 05-04-2023.pdf,/wec/WEBSITE%20REPORT%20-%2005-04-2023.pdf,,,,,1,https://www.rmd.ac.in/wec/activities.html,a
https://www.rmd.ac.in/wec/WEBSITE%20REPORT%20-%2020-04-2022.pdf,PDF,pdf,WEBSITE REPORT - 20-04-2022.pdf,/wec/WEBSITE%20REPORT%20-%2020-04-2022.pdf,,,,,1,https://www.rmd.ac.in/wec/activities.html,a
https://www.rmd.ac.in/wec/WOMEN'S%20DAY.pdf,PDF,pdf,WOMEN'S DAY.pdf,/wec/WOMEN'S%20DAY.pdf,,,,,1,https://www.rmd.ac.in/wec/activities.html,a
https://www.rmd.ac.in/wec/webinar%20on%20Gender%20Equality%20in%20Workplace.pdf,PDF,pdf,webinar on Gender Equality in Workplace.pdf,/wec/webinar%20on%20Gender%20Equality%20in%20Workplace.pdf,,,,,1,https://www.rmd.ac.in/wec/activities.html,a
https://www.rmd.ac.in/yoga/21-22/12.03.2022%20YOGA%20FOR%20HEALTH%20BOYS.pdf,PDF,pdf,12.03.2022 YOGA FOR HEALTH BOYS.pdf,/yoga/21-22/12.03.2022%20YOGA%20FOR%20HEALTH%20BOYS.pdf,,,,,1,https://www.rmd.ac.in/yoga/activities.html,a
https://www.rmd.ac.in/yoga/21-22/12.03.2022%20YOGA%20FOR%20HEALTH%20GIRLS.pdf,PDF,pdf,12.03.2022 YOGA FOR HEALTH GIRLS.pdf,/yoga/21-22/12.03.2022%20YOGA%20FOR%20HEALTH%20GIRLS.pdf,,,,,1,https://www.rmd.ac.in/yoga/activities.html,a
https://www.rmd.ac.in/yoga/22-23/21.06.2022%20INTERNATIONAL%20YOGA%20DAY%202022.pdf,PDF,pdf,21.06.2022 INTERNATIONAL YOGA DAY 2022.pdf,/yoga/22-23/21.06.2022%20INTERNATIONAL%20YOGA%20DAY%202022.pdf,,,,,1,https://www.rmd.ac.in/yoga/activities.html,a
https://www.rmd.ac.in/yoga/22-23/25.01.2023%20YOGA%20FOR%20WELL%20BEING.pdf,PDF,pdf,25.01.2023 YOGA FOR WELL BEING.pdf,/yoga/22-23/25.01.2023%20YOGA%20FOR%20WELL%20BEING.pdf,,,,,1,https://www.rmd.ac.in/yoga/activities.html,a
https://www.rmd.ac.in/yoga/22-23/26.01.2023%20REPUBLIC%20DAY%20CELEBRATIONS.pdf,PDF,pdf,26.01.2023 REPUBLIC DAY CELEBRATIONS.pdf,/yoga/22-23/26.01.2023%20REPUBLIC%20DAY%20CELEBRATIONS.pdf,,,,,1,https://www.rmd.ac.in/yoga/activities.html,a
https://www.rmd.ac.in/yoga/22-23/4.12.%202022%20YOGA%20FOR%20WELL%20BEING%20GIRLS.pdf,PDF,pdf,4.12. 2022 YOGA FOR WELL BEING GIRLS.pdf,/yoga/22-23/4.12.%202022%20YOGA%20FOR%20WELL%20BEING%20GIRLS.pdf,,,,,1,https://www.rmd.ac.in/yoga/activities.html,a
https://www.rmd.ac.in/yoga/22-23/4.12.2022%20YOGA%20FOR%20WELL%20BEING%20BOYS.pdf,PDF,pdf,4.12.2022 YOGA FOR WELL BEING BOYS.pdf,/yoga/22-23/4.12.2022%20YOGA%20FOR%20WELL%20BEING%20BOYS.pdf,,,,,1,https://www.rmd.ac.in/yoga/activities.html,a
https://www.rmd.ac.in/yoga/23-24/21.06.2023%20INTERNATIONAL%20%20YOGA%20DAY%20CELEBRATIONS.pdf,PDF,pdf,21.06.2023 INTERNATIONAL  YOGA DAY CELEBRATIONS.pdf,/yoga/23-24/21.06.2023%20INTERNATIONAL%20%20YOGA%20DAY%20CELEBRATIONS.pdf,,,,,1,https://www.rmd.ac.in/yoga/activities.html,a
https://www.rmd.ac.in/yoga/23-24/5.09.2023%20YOGA%20FOR%20WELLBEING.pdf,PDF,pdf,5.09.2023 YOGA FOR WELLBEING.pdf,/yoga/23-24/5.09.2023%20YOGA%20FOR%20WELLBEING.pdf,,,,,1,https://www.rmd.ac.in/yoga/activities.html,a
https://www.rmd.ac.in/yoga/24-25/YOGA%20CLUB%202024-25.pdf,PDF,pdf,YOGA CLUB 2024-25.pdf,/yoga/24-25/YOGA%20CLUB%202024-25.pdf,,,,,1,https://www.rmd.ac.in/yoga/activities.html,a
https://www.rmd.ac.in/yoga/25-26/INTERNATIONAL%20YOGA%20DAY%202025-26.pdf,PDF,pdf,INTERNATIONAL YOGA DAY 2025-26.pdf,/yoga/25-26/INTERNATIONAL%20YOGA%20DAY%202025-26.pdf,,,,,1,https://www.rmd.ac.in/yoga/activities.html,a
https://www.rmd.ac.in/yoga/25-26/Yoga%20Activites%202025-26.pdf,PDF,pdf,Yoga Activites 2025-26.pdf,/yoga/25-26/Yoga%20Activites%202025-26.pdf,,,,,1,https://www.rmd.ac.in/yoga/activities.html,a
https://www.rmd.ac.in/yrc/17-18/Blood%20Donation%20Camp1-2017-18.pdf,PDF,pdf,Blood Donation Camp1-2017-18.pdf,/yrc/17-18/Blood%20Donation%20Camp1-2017-18.pdf,,,,,1,https://www.rmd.ac.in/yrc/activities.html,a
https://www.rmd.ac.in/yrc/17-18/Blood%20Donation%20Camp2-2017-18.pdf,PDF,pdf,Blood Donation Camp2-2017-18.pdf,/yrc/17-18/Blood%20Donation%20Camp2-2017-18.pdf,,,,,1,https://www.rmd.ac.in/yrc/activities.html,a
https://www.rmd.ac.in/yrc/17-18/DISTRIBUTION%20OF%20AYURVEDIC%20HERBAL%20DRINK-2017-18.pdf,PDF,pdf,DISTRIBUTION OF AYURVEDIC HERBAL DRINK-2017-18.pdf,/yrc/17-18/DISTRIBUTION%20OF%20AYURVEDIC%20HERBAL%20DRINK-2017-18.pdf,,,,,1,https://www.rmd.ac.in/yrc/activities.html,a
https://www.rmd.ac.in/yrc/18-19/Blood%20Donation%20Camp%20-2018-2019.pdf,PDF,pdf,Blood Donation Camp -2018-2019.pdf,/yrc/18-19/Blood%20Donation%20Camp%20-2018-2019.pdf,,,,,1,https://www.rmd.ac.in/yrc/activities.html,a
https://www.rmd.ac.in/yrc/19-20/Blood%20Donation%20Camp-07.03.2020.pdf,PDF,pdf,Blood Donation Camp-07.03.2020.pdf,/yrc/19-20/Blood%20Donation%20Camp-07.03.2020.pdf,,,,,1,https://www.rmd.ac.in/yrc/activities.html,a
https://www.rmd.ac.in/yrc/19-20/Distribution%20of%20Seed%20Sheets%202019-2020.pdf,PDF,pdf,Distribution of Seed Sheets 2019-2020.pdf,/yrc/19-20/Distribution%20of%20Seed%20Sheets%202019-2020.pdf,,,,,1,https://www.rmd.ac.in/yrc/activities.html,a
https://www.rmd.ac.in/yrc/19-20/E%20-Waste%20Management%202019-2020.pdf,PDF,pdf,E -Waste Management 2019-2020.pdf,/yrc/19-20/E%20-Waste%20Management%202019-2020.pdf,,,,,1,https://www.rmd.ac.in/yrc/activities.html,a
https://www.rmd.ac.in/yrc/19-20/Indian%20Constitution%20Day%202019-2020.pdf,PDF,pdf,Indian Constitution Day 2019-2020.pdf,/yrc/19-20/Indian%20Constitution%20Day%202019-2020.pdf,,,,,1,https://www.rmd.ac.in/yrc/activities.html,a
https://www.rmd.ac.in/yrc/19-20/Motivational%20speech%202019-2020.pdf,PDF,pdf,Motivational speech 2019-2020.pdf,/yrc/19-20/Motivational%20speech%202019-2020.pdf,,,,,1,https://www.rmd.ac.in/yrc/activities.html,a
https://www.rmd.ac.in/yrc/20-21/International%20Day%20of%20Yoga%20-%2021.06.2020.pdf,PDF,pdf,International Day of Yoga - 21.06.2020.pdf,/yrc/20-21/International%20Day%20of%20Yoga%20-%2021.06.2020.pdf,,,,,1,https://www.rmd.ac.in/yrc/activities.html,a
https://www.rmd.ac.in/yrc/20-21/yrc%20-Quiz%202021%20result%20and%20report.pdf,PDF,pdf,yrc -Quiz 2021 result and report.pdf,/yrc/20-21/yrc%20-Quiz%202021%20result%20and%20report.pdf,,,,,1,https://www.rmd.ac.in/yrc/activities.html,a
https://www.rmd.ac.in/yrc/20-21/yrc%20-poster%202021%20result%20and%20report.pdf,PDF,pdf,yrc -poster 2021 result and report.pdf,/yrc/20-21/yrc%20-poster%202021%20result%20and%20report.pdf,,,,,1,https://www.rmd.ac.in/yrc/activities.html,a
https://www.rmd.ac.in/yrc/20-21/yrc%20-webinar%202021.pdf,PDF,pdf,yrc -webinar 2021.pdf,/yrc/20-21/yrc%20-webinar%202021.pdf,,,,,1,https://www.rmd.ac.in/yrc/activities.html,a
https://www.rmd.ac.in/yrc/20-21/yrc%20orientation%20program%20for%201st%20yrs%20students.pdf,PDF,pdf,yrc orientation program for 1st yrs students.pdf,/yrc/20-21/yrc%20orientation%20program%20for%201st%20yrs%20students.pdf,,,,,1,https://www.rmd.ac.in/yrc/activities.html,a
https://www.rmd.ac.in/yrc/21-22/1.Young%20Earthpreneur%20Award%202022.pdf,PDF,pdf,1.Young Earthpreneur Award 2022.pdf,/yrc/21-22/1.Young%20Earthpreneur%20Award%202022.pdf,,,,,1,https://www.rmd.ac.in/yrc/activities.html,a
https://www.rmd.ac.in/yrc/21-22/2.Zero%20Waste%20Championship%20-YRC.pdf,PDF,pdf,2.Zero Waste Championship -YRC.pdf,/yrc/21-22/2.Zero%20Waste%20Championship%20-YRC.pdf,,,,,1,https://www.rmd.ac.in/yrc/activities.html,a
https://www.rmd.ac.in/yrc/21-22/3.Supporting%20Campus%20Greenery.pdf,PDF,pdf,3.Supporting Campus Greenery.pdf,/yrc/21-22/3.Supporting%20Campus%20Greenery.pdf,,,,,1,https://www.rmd.ac.in/yrc/activities.html,a
https://www.rmd.ac.in/yrc/22-23/1.Cancer%20awareness.pdf,PDF,pdf,1.Cancer awareness.pdf,/yrc/22-23/1.Cancer%20awareness.pdf,,,,,1,https://www.rmd.ac.in/yrc/activities.html,a
https://www.rmd.ac.in/yrc/22-23/2.outreach%20pgm.pdf,PDF,pdf,2.outreach pgm.pdf,/yrc/22-23/2.outreach%20pgm.pdf,,,,,1,https://www.rmd.ac.in/yrc/activities.html,a
https://www.rmd.ac.in/yrc/22-23/3.blood%20camp%202023%20report.pdf,PDF,pdf,3.blood camp 2023 report.pdf,/yrc/22-23/3.blood%20camp%202023%20report.pdf,,,,,1,https://www.rmd.ac.in/yrc/activities.html,a
https://www.rmd.ac.in/yrc/23-24/IIC%20outreach%20pgm.pdf,PDF,pdf,IIC outreach pgm.pdf,/yrc/23-24/IIC%20outreach%20pgm.pdf,,,,,1,https://www.rmd.ac.in/yrc/activities.html,a
https://www.rmd.ac.in/yrc/23-24/swachhata%20Hi%20sewa%202023.pdf,PDF,pdf,swachhata Hi sewa 2023.pdf,/yrc/23-24/swachhata%20Hi%20sewa%202023.pdf,,,,,1,https://www.rmd.ac.in/yrc/activities.html,a
https://www.rmd.ac.in/rendezvous24/background.mp4,VIDEO,mp4,background.mp4,/rendezvous24/background.mp4,,,,,6,https://www.rmd.ac.in/rendezvous24/,source
https://www.rmd.ac.in/rendezvous24/encryption-key.mp4,VIDEO,mp4,encryption-key.mp4,/rendezvous24/encryption-key.mp4,,,,,1,https://www.rmd.ac.in/rendezvous24/events.html,source
https://www.rmd.ac.in/rendezvous24/jigsaw.mp4,VIDEO,mp4,jigsaw.mp4,/rendezvous24/jigsaw.mp4,,,,,1,https://www.rmd.ac.in/rendezvous24/events.html,source
https://www.rmd.ac.in/rendezvous24/paper_present.mp4,VIDEO,mp4,paper_present.mp4,/rendezvous24/paper_present.mp4,,,,,1,https://www.rmd.ac.in/rendezvous24/events.html,source
https://www.rmd.ac.in/rendezvous24/rush.mp4,VIDEO,mp4,rush.mp4,/rendezvous24/rush.mp4,,,,,1,https://www.rmd.ac.in/rendezvous24/events.html,source
https://www.rmd.ac.in/rendezvous24/sher.mp4,VIDEO,mp4,sher.mp4,/rendezvous24/sher.mp4,,,,,1,https://www.rmd.ac.in/rendezvous24/events.html,source
https://www.rmd.ac.in/rendezvous24/tech_book1.mp4,VIDEO,mp4,tech_book1.mp4,/rendezvous24/tech_book1.mp4,,,,,1,https://www.rmd.ac.in/rendezvous24/events.html,source
https://www.rmd.ac.in/sankeethika2k24/vid.mp4,VIDEO,mp4,vid.mp4,/sankeethika2k24/vid.mp4,,,,,1,https://www.rmd.ac.in/sankeethika2k24/,source
